{
  "problem": "advection",
  "metric_name": "test_mse_vs_analytical",
  "metric_path": "test_mse",
  "backend": "cpu",
  "n_test": 2000,
  "test_seed": 99999,
  "seeds": [
    7270,
    860,
    5390,
    5191,
    5734,
    6265,
    466,
    4426,
    5578,
    8322
  ],
  "n_seeds": 10,
  "epochs": 3000,
  "note": "",
  "summary": {
    "continuous": {
      "mean": 0.00012230847605678718,
      "std": 0.00012504408852905317,
      "ci95_lo": 5.479459813614088e-05,
      "ci95_hi": 0.0002037277977979101,
      "per_seed": [
        1.5059580618981272e-05,
        0.00014402766828425229,
        0.00014355007442645729,
        4.999603333999403e-05,
        0.0003949110396206379,
        1.7471586033934727e-05,
        0.00013441278133541346,
        3.585605008993298e-05,
        0.0002647594374138862,
        2.3040509404381737e-05
      ]
    },
    "passive": {
      "mean": 0.0010007865916122683,
      "std": 0.0017608694028930004,
      "ci95_lo": 0.00019941383568948382,
      "ci95_hi": 0.0021520443926965525,
      "per_seed": [
        6.0538768593687564e-05,
        0.005732073914259672,
        0.0016810011584311724,
        0.00012798828538507223,
        8.718504250282422e-05,
        0.0002908821916207671,
        0.0002279342879774049,
        0.00016855289868544787,
        0.0014139306731522083,
        0.00021777869551442564
      ],
      "mean_delta_pct": 718.2479447684462,
      "per_seed_delta_pct": [
        301.9950496986868,
        3879.842194589223,
        1071.0207501789719,
        155.9968798218413,
        -77.92286521375131,
        1564.8871548112015,
        69.5778375485126,
        370.0821709660963,
        434.0435404166069,
        845.1991346728189
      ]
    },
    "active": {
      "mean": 0.0011732624625437893,
      "std": 0.0014236594155515724,
      "ci95_lo": 0.000444074851948244,
      "ci95_hi": 0.0021002787114048262,
      "per_seed": [
        0.00011081471166107804,
        0.00448202807456255,
        0.0028394542168825865,
        0.00013832972035743296,
        0.00033710026764310896,
        0.0005504569853655994,
        0.0003486700006760657,
        0.0005177334533073008,
        0.0014475679490715265,
        0.0009604692459106445
      ],
      "mean_delta_pct": 859.2650488090865,
      "per_seed_delta_pct": [
        635.8419498176853,
        3011.9215689285766,
        1878.0235072864964,
        176.6813907350064,
        -14.63893539999882,
        3050.5839498283517,
        159.40241486856453,
        1343.9221609986002,
        446.7483853308732,
        4068.6111580848424
      ]
    }
  },
  "per_seed_rows": [
    {
      "seed": 7270,
      "run_number": 1,
      "wall_s": 83.1,
      "continuous_test_mse": 1.5059580618981272e-05,
      "continuous_train_loss": 0.00011788209667429328,
      "passive_test_mse": 6.0538768593687564e-05,
      "passive_train_loss": 0.018452705815434456,
      "active_test_mse": 0.00011081471166107804,
      "active_train_loss": 0.04333503544330597,
      "passive_delta_pct": 301.9950496986868,
      "active_delta_pct": 635.8419498176853
    },
    {
      "seed": 860,
      "run_number": 2,
      "wall_s": 82.5,
      "continuous_test_mse": 0.00014402766828425229,
      "continuous_train_loss": 0.0007499303319491446,
      "passive_test_mse": 0.005732073914259672,
      "passive_train_loss": 0.03626055270433426,
      "active_test_mse": 0.00448202807456255,
      "active_train_loss": 0.062124766409397125,
      "passive_delta_pct": 3879.842194589223,
      "active_delta_pct": 3011.9215689285766
    },
    {
      "seed": 5390,
      "run_number": 3,
      "wall_s": 81.9,
      "continuous_test_mse": 0.00014355007442645729,
      "continuous_train_loss": 0.0005742383073084056,
      "passive_test_mse": 0.0016810011584311724,
      "passive_train_loss": 0.024270791560411453,
      "active_test_mse": 0.0028394542168825865,
      "active_train_loss": 0.057285550981760025,
      "passive_delta_pct": 1071.0207501789719,
      "active_delta_pct": 1878.0235072864964
    },
    {
      "seed": 5191,
      "run_number": 4,
      "wall_s": 84.4,
      "continuous_test_mse": 4.999603333999403e-05,
      "continuous_train_loss": 0.0003056515415664762,
      "passive_test_mse": 0.00012798828538507223,
      "passive_train_loss": 0.019309788942337036,
      "active_test_mse": 0.00013832972035743296,
      "active_train_loss": 0.04323185607790947,
      "passive_delta_pct": 155.9968798218413,
      "active_delta_pct": 176.6813907350064
    },
    {
      "seed": 5734,
      "run_number": 5,
      "wall_s": 81.1,
      "continuous_test_mse": 0.0003949110396206379,
      "continuous_train_loss": 0.01177048310637474,
      "passive_test_mse": 8.718504250282422e-05,
      "passive_train_loss": 0.01935533806681633,
      "active_test_mse": 0.00033710026764310896,
      "active_train_loss": 0.04845152050256729,
      "passive_delta_pct": -77.92286521375131,
      "active_delta_pct": -14.63893539999882
    },
    {
      "seed": 6265,
      "run_number": 6,
      "wall_s": 79.4,
      "continuous_test_mse": 1.7471586033934727e-05,
      "continuous_train_loss": 0.00017848248535301536,
      "passive_test_mse": 0.0002908821916207671,
      "passive_train_loss": 0.03627140820026398,
      "active_test_mse": 0.0005504569853655994,
      "active_train_loss": 0.0531330481171608,
      "passive_delta_pct": 1564.8871548112015,
      "active_delta_pct": 3050.5839498283517
    },
    {
      "seed": 466,
      "run_number": 7,
      "wall_s": 81.9,
      "continuous_test_mse": 0.00013441278133541346,
      "continuous_train_loss": 0.004574278369545937,
      "passive_test_mse": 0.0002279342879774049,
      "passive_train_loss": 0.017696568742394447,
      "active_test_mse": 0.0003486700006760657,
      "active_train_loss": 0.04093987122178078,
      "passive_delta_pct": 69.5778375485126,
      "active_delta_pct": 159.40241486856453
    },
    {
      "seed": 4426,
      "run_number": 8,
      "wall_s": 83.6,
      "continuous_test_mse": 3.585605008993298e-05,
      "continuous_train_loss": 0.00023964796855580062,
      "passive_test_mse": 0.00016855289868544787,
      "passive_train_loss": 0.018370024859905243,
      "active_test_mse": 0.0005177334533073008,
      "active_train_loss": 0.052054159343242645,
      "passive_delta_pct": 370.0821709660963,
      "active_delta_pct": 1343.9221609986002
    },
    {
      "seed": 5578,
      "run_number": 9,
      "wall_s": 81.8,
      "continuous_test_mse": 0.0002647594374138862,
      "continuous_train_loss": 0.0007289394270628691,
      "passive_test_mse": 0.0014139306731522083,
      "passive_train_loss": 0.022941436618566513,
      "active_test_mse": 0.0014475679490715265,
      "active_train_loss": 0.04991524666547775,
      "passive_delta_pct": 434.0435404166069,
      "active_delta_pct": 446.7483853308732
    },
    {
      "seed": 8322,
      "run_number": 10,
      "wall_s": 82.8,
      "continuous_test_mse": 2.3040509404381737e-05,
      "continuous_train_loss": 0.00019281347340438515,
      "passive_test_mse": 0.00021777869551442564,
      "passive_train_loss": 0.023115895688533783,
      "active_test_mse": 0.0009604692459106445,
      "active_train_loss": 0.04882205277681351,
      "passive_delta_pct": 845.1991346728189,
      "active_delta_pct": 4068.6111580848424
    }
  ]
}