{
  "problem": "allen_cahn",
  "metric_name": "test_mse_pde_residual",
  "metric_path": "test_mse",
  "backend": "cpu",
  "n_test": 2000,
  "test_seed": 99999,
  "seeds": [
    7270,
    860,
    5390,
    5191,
    5734,
    6265,
    466,
    4426,
    5578,
    8322
  ],
  "n_seeds": 10,
  "epochs": 3000,
  "note": "Allen-Cahn \u03b5=0.01 \u2014 not in Tables II-V; \u00a7IV.C narrative only",
  "summary": {
    "continuous": {
      "mean": 0.0003579763411835302,
      "std": 0.0004934572475151135,
      "ci95_lo": 0.00017643073388171616,
      "ci95_hi": 0.0006815006717442884,
      "per_seed": [
        0.00021990365348756313,
        0.0017541357083246112,
        0.00018937715503852814,
        0.000247428280999884,
        0.00021434228983707726,
        0.0001555840135551989,
        8.603385504102334e-05,
        0.0002720087068155408,
        0.00019065005471929908,
        0.0002502996940165758
      ]
    },
    "passive": {
      "mean": 0.0005550241417950019,
      "std": 0.0003208094398542384,
      "ci95_lo": 0.00039281828045204756,
      "ci95_hi": 0.0007693779887631535,
      "per_seed": [
        0.00045443911221809685,
        0.001306791789829731,
        0.0004368266381788999,
        0.00043207770795561373,
        0.0003251066373195499,
        0.00041390175465494394,
        0.00025057760649360716,
        0.0009204957750625908,
        0.0005995443789288402,
        0.00041048001730814576
      ],
      "mean_delta_pct": 55.04492279014822,
      "per_seed_delta_pct": [
        106.65373449277327,
        -25.50224115340209,
        130.66490680464017,
        74.62745414935664,
        51.67638526520606,
        166.03103056478082,
        191.25465361760757,
        238.406731842894,
        214.47375129871892,
        63.995413146994174
      ]
    },
    "active": {
      "mean": 0.0007871675246860832,
      "std": 0.00031811049338002024,
      "ci95_lo": 0.0006036581669468433,
      "ci95_hi": 0.0009743503593199421,
      "per_seed": [
        0.0008991476497612894,
        0.0012265316909179091,
        0.0008649658993817866,
        0.0006134462892077863,
        0.0004373386618681252,
        0.0006914290133863688,
        0.00034159887582063675,
        0.0011809382122009993,
        0.0005057126400060952,
        0.0011105663143098354
      ],
      "mean_delta_pct": 119.89372875413345,
      "per_seed_delta_pct": [
        308.88254265049835,
        -30.077719466221957,
        356.74247202932804,
        147.9289298413199,
        104.03750571133148,
        344.4087779886588,
        297.05169047435203,
        334.15456292795704,
        165.25701277698244,
        343.6946352144919
      ]
    }
  },
  "per_seed_rows": [
    {
      "seed": 7270,
      "run_number": 1,
      "wall_s": 115.2,
      "continuous_test_mse": 0.00021990365348756313,
      "continuous_train_loss": 0.0003107720986008644,
      "passive_test_mse": 0.00045443911221809685,
      "passive_train_loss": 0.011439415626227856,
      "active_test_mse": 0.0008991476497612894,
      "active_train_loss": 0.02481839805841446,
      "passive_delta_pct": 106.65373449277327,
      "active_delta_pct": 308.88254265049835
    },
    {
      "seed": 860,
      "run_number": 2,
      "wall_s": 118.4,
      "continuous_test_mse": 0.0017541357083246112,
      "continuous_train_loss": 0.194388285279274,
      "passive_test_mse": 0.001306791789829731,
      "passive_train_loss": 0.012609650380909443,
      "active_test_mse": 0.0012265316909179091,
      "active_train_loss": 0.02460211142897606,
      "passive_delta_pct": -25.50224115340209,
      "active_delta_pct": -30.077719466221957
    },
    {
      "seed": 5390,
      "run_number": 3,
      "wall_s": 118.9,
      "continuous_test_mse": 0.00018937715503852814,
      "continuous_train_loss": 0.00036136290873400867,
      "passive_test_mse": 0.0004368266381788999,
      "passive_train_loss": 0.010473508387804031,
      "active_test_mse": 0.0008649658993817866,
      "active_train_loss": 0.023229407146573067,
      "passive_delta_pct": 130.66490680464017,
      "active_delta_pct": 356.74247202932804
    },
    {
      "seed": 5191,
      "run_number": 4,
      "wall_s": 118.8,
      "continuous_test_mse": 0.000247428280999884,
      "continuous_train_loss": 0.00040303892455995083,
      "passive_test_mse": 0.00043207770795561373,
      "passive_train_loss": 0.010863169096410275,
      "active_test_mse": 0.0006134462892077863,
      "active_train_loss": 0.023645702749490738,
      "passive_delta_pct": 74.62745414935664,
      "active_delta_pct": 147.9289298413199
    },
    {
      "seed": 5734,
      "run_number": 5,
      "wall_s": 113.7,
      "continuous_test_mse": 0.00021434228983707726,
      "continuous_train_loss": 0.0005839226068928838,
      "passive_test_mse": 0.0003251066373195499,
      "passive_train_loss": 0.010576496832072735,
      "active_test_mse": 0.0004373386618681252,
      "active_train_loss": 0.02171097882091999,
      "passive_delta_pct": 51.67638526520606,
      "active_delta_pct": 104.03750571133148
    },
    {
      "seed": 6265,
      "run_number": 6,
      "wall_s": 118.4,
      "continuous_test_mse": 0.0001555840135551989,
      "continuous_train_loss": 0.0002896140795201063,
      "passive_test_mse": 0.00041390175465494394,
      "passive_train_loss": 0.010852191597223282,
      "active_test_mse": 0.0006914290133863688,
      "active_train_loss": 0.023031244054436684,
      "passive_delta_pct": 166.03103056478082,
      "active_delta_pct": 344.4087779886588
    },
    {
      "seed": 466,
      "run_number": 7,
      "wall_s": 117.9,
      "continuous_test_mse": 8.603385504102334e-05,
      "continuous_train_loss": 0.0003548212698660791,
      "passive_test_mse": 0.00025057760649360716,
      "passive_train_loss": 0.012752899900078773,
      "active_test_mse": 0.00034159887582063675,
      "active_train_loss": 0.023198919370770454,
      "passive_delta_pct": 191.25465361760757,
      "active_delta_pct": 297.05169047435203
    },
    {
      "seed": 4426,
      "run_number": 8,
      "wall_s": 119.5,
      "continuous_test_mse": 0.0002720087068155408,
      "continuous_train_loss": 0.0004655473749153316,
      "passive_test_mse": 0.0009204957750625908,
      "passive_train_loss": 0.011090205051004887,
      "active_test_mse": 0.0011809382122009993,
      "active_train_loss": 0.024588851258158684,
      "passive_delta_pct": 238.406731842894,
      "active_delta_pct": 334.15456292795704
    },
    {
      "seed": 5578,
      "run_number": 9,
      "wall_s": 114.3,
      "continuous_test_mse": 0.00019065005471929908,
      "continuous_train_loss": 0.0003552670532371849,
      "passive_test_mse": 0.0005995443789288402,
      "passive_train_loss": 0.04794212058186531,
      "active_test_mse": 0.0005057126400060952,
      "active_train_loss": 0.02211601473391056,
      "passive_delta_pct": 214.47375129871892,
      "active_delta_pct": 165.25701277698244
    },
    {
      "seed": 8322,
      "run_number": 10,
      "wall_s": 117.2,
      "continuous_test_mse": 0.0002502996940165758,
      "continuous_train_loss": 0.000348170317010954,
      "passive_test_mse": 0.00041048001730814576,
      "passive_train_loss": 0.011114123277366161,
      "active_test_mse": 0.0011105663143098354,
      "active_train_loss": 0.026386147364974022,
      "passive_delta_pct": 63.995413146994174,
      "active_delta_pct": 343.6946352144919
    }
  ]
}