{
  "problem": "burgers",
  "metric_name": "test_mse_vs_analytical",
  "metric_path": "test_mse",
  "backend": "cuda",
  "seeds": [
    7270,
    860,
    5390,
    5191,
    5734,
    6265,
    466,
    4426,
    5578,
    8322
  ],
  "n_seeds": 10,
  "epochs": 3000,
  "note": "",
  "summary": {
    "continuous": {
      "mean": 0.085011887550354,
      "std": 0.004189293763703519,
      "ci95_lo": 0.08267813248559833,
      "ci95_hi": 0.08762591052800417,
      "per_seed": [
        0.082923024892807,
        0.09340858459472656,
        0.07840252667665482,
        0.0887034460902214,
        0.08260668814182281,
        0.08410225063562393,
        0.08689187467098236,
        0.08697529882192612,
        0.08448316156864166,
        0.08162201941013336
      ]
    },
    "passive": {
      "mean": 0.07760016918182373,
      "std": 0.0020198657035076823,
      "ci95_lo": 0.07639151945710183,
      "ci95_hi": 0.07876971513032913,
      "per_seed": [
        0.07800528407096863,
        0.08040891587734222,
        0.07646803557872772,
        0.07893339544534683,
        0.07613888382911682,
        0.07994548976421356,
        0.07889971882104874,
        0.07681885361671448,
        0.07661779969930649,
        0.07376531511545181
      ],
      "mean_delta_pct": -8.718449362908434,
      "per_seed_delta_pct": [
        -5.930488942239441,
        -13.91699571702775,
        -2.4673836162261193,
        -11.014285324312349,
        -7.829637597384102,
        -4.942508482228006,
        -9.19781726449805,
        -11.6773904117375,
        -9.309975767117393,
        -9.625716628258454
      ]
    },
    "active": {
      "mean": 0.07548173367977143,
      "std": 0.0019500379467609493,
      "ci95_lo": 0.0743443512916565,
      "ci95_hi": 0.07661237362772226,
      "per_seed": [
        0.07594390958547592,
        0.07709114253520966,
        0.07476325333118439,
        0.07673459500074387,
        0.07284707576036453,
        0.078621044754982,
        0.0767262727022171,
        0.07490897178649902,
        0.07491478323936462,
        0.07226628810167313
      ],
      "mean_delta_pct": -11.210377919132432,
      "per_seed_delta_pct": [
        -8.41637810047674,
        -17.468889107263188,
        -4.64178069219555,
        -13.493107220776821,
        -11.814554730365836,
        -6.517311771345409,
        -11.699139887656345,
        -13.873280343804028,
        -11.325781554118135,
        -11.462263952879757
      ]
    }
  },
  "per_seed_rows": [
    {
      "seed": 7270,
      "run_number": 1,
      "wall_s": 114.5,
      "continuous_test_mse": 0.082923024892807,
      "continuous_train_loss": 0.2071121335029602,
      "passive_test_mse": 0.07800528407096863,
      "passive_train_loss": 0.20956987142562866,
      "active_test_mse": 0.07594390958547592,
      "active_train_loss": 0.21684196591377258,
      "passive_delta_pct": -5.930488942239441,
      "active_delta_pct": -8.41637810047674
    },
    {
      "seed": 860,
      "run_number": 2,
      "wall_s": 124.1,
      "continuous_test_mse": 0.09340858459472656,
      "continuous_train_loss": 0.2057170271873474,
      "passive_test_mse": 0.08040891587734222,
      "passive_train_loss": 0.20958080887794495,
      "active_test_mse": 0.07709114253520966,
      "active_train_loss": 0.2175043225288391,
      "passive_delta_pct": -13.91699571702775,
      "active_delta_pct": -17.468889107263188
    },
    {
      "seed": 5390,
      "run_number": 3,
      "wall_s": 126.6,
      "continuous_test_mse": 0.07840252667665482,
      "continuous_train_loss": 0.20577797293663025,
      "passive_test_mse": 0.07646803557872772,
      "passive_train_loss": 0.20779915153980255,
      "active_test_mse": 0.07476325333118439,
      "active_train_loss": 0.2166324108839035,
      "passive_delta_pct": -2.4673836162261193,
      "active_delta_pct": -4.64178069219555
    },
    {
      "seed": 5191,
      "run_number": 4,
      "wall_s": 127.9,
      "continuous_test_mse": 0.0887034460902214,
      "continuous_train_loss": 0.2177344411611557,
      "passive_test_mse": 0.07893339544534683,
      "passive_train_loss": 0.220722958445549,
      "active_test_mse": 0.07673459500074387,
      "active_train_loss": 0.22756607830524445,
      "passive_delta_pct": -11.014285324312349,
      "active_delta_pct": -13.493107220776821
    },
    {
      "seed": 5734,
      "run_number": 5,
      "wall_s": 128.8,
      "continuous_test_mse": 0.08260668814182281,
      "continuous_train_loss": 0.20395176112651825,
      "passive_test_mse": 0.07613888382911682,
      "passive_train_loss": 0.20738595724105835,
      "active_test_mse": 0.07284707576036453,
      "active_train_loss": 0.21398228406906128,
      "passive_delta_pct": -7.829637597384102,
      "active_delta_pct": -11.814554730365836
    },
    {
      "seed": 6265,
      "run_number": 6,
      "wall_s": 131.6,
      "continuous_test_mse": 0.08410225063562393,
      "continuous_train_loss": 0.20178446173667908,
      "passive_test_mse": 0.07994548976421356,
      "passive_train_loss": 0.20455984771251678,
      "active_test_mse": 0.078621044754982,
      "active_train_loss": 0.21376602351665497,
      "passive_delta_pct": -4.942508482228006,
      "active_delta_pct": -6.517311771345409
    },
    {
      "seed": 466,
      "run_number": 7,
      "wall_s": 121.6,
      "continuous_test_mse": 0.08689187467098236,
      "continuous_train_loss": 0.20082131028175354,
      "passive_test_mse": 0.07889971882104874,
      "passive_train_loss": 0.20435433089733124,
      "active_test_mse": 0.0767262727022171,
      "active_train_loss": 0.21213480830192566,
      "passive_delta_pct": -9.19781726449805,
      "active_delta_pct": -11.699139887656345
    },
    {
      "seed": 4426,
      "run_number": 8,
      "wall_s": 126.1,
      "continuous_test_mse": 0.08697529882192612,
      "continuous_train_loss": 0.21397066116333008,
      "passive_test_mse": 0.07681885361671448,
      "passive_train_loss": 0.21694618463516235,
      "active_test_mse": 0.07490897178649902,
      "active_train_loss": 0.22364921867847443,
      "passive_delta_pct": -11.6773904117375,
      "active_delta_pct": -13.873280343804028
    },
    {
      "seed": 5578,
      "run_number": 9,
      "wall_s": 127.8,
      "continuous_test_mse": 0.08448316156864166,
      "continuous_train_loss": 0.20908786356449127,
      "passive_test_mse": 0.07661779969930649,
      "passive_train_loss": 0.21247029304504395,
      "active_test_mse": 0.07491478323936462,
      "active_train_loss": 0.22088201344013214,
      "passive_delta_pct": -9.309975767117393,
      "active_delta_pct": -11.325781554118135
    },
    {
      "seed": 8322,
      "run_number": 10,
      "wall_s": 122.5,
      "continuous_test_mse": 0.08162201941013336,
      "continuous_train_loss": 0.20587363839149475,
      "passive_test_mse": 0.07376531511545181,
      "passive_train_loss": 0.2099216878414154,
      "active_test_mse": 0.07226628810167313,
      "active_train_loss": 0.21839645504951477,
      "passive_delta_pct": -9.625716628258454,
      "active_delta_pct": -11.462263952879757
    }
  ]
}