{
  "problem": "burgers",
  "metric_name": "test_mse_vs_analytical",
  "metric_path": "test_mse",
  "backend": "cpu",
  "n_test": 2000,
  "test_seed": 99999,
  "seeds": [
    7270,
    860,
    5390,
    5191,
    5734,
    6265,
    466,
    4426,
    5578,
    8322
  ],
  "n_seeds": 10,
  "epochs": 3000,
  "note": "",
  "summary": {
    "continuous": {
      "mean": 0.08500322252511978,
      "std": 0.0039162911579390626,
      "ci95_lo": 0.08284366436302662,
      "ci95_hi": 0.08746184440329671,
      "per_seed": [
        0.08303172141313553,
        0.09303101897239685,
        0.0792003646492958,
        0.088682621717453,
        0.08264369517564774,
        0.08391451835632324,
        0.08687853813171387,
        0.086343914270401,
        0.08449052274227142,
        0.08181530982255936
      ]
    },
    "passive": {
      "mean": 0.07768590375781059,
      "std": 0.002035534547482206,
      "ci95_lo": 0.07647133683785796,
      "ci95_hi": 0.07885437723249197,
      "per_seed": [
        0.07850539684295654,
        0.08040536195039749,
        0.0764450803399086,
        0.07894367724657059,
        0.0761333778500557,
        0.07994543761014938,
        0.07900039851665497,
        0.07709718495607376,
        0.0766177698969841,
        0.0737653523683548
      ],
      "mean_delta_pct": -8.608283956701534,
      "per_seed_delta_pct": [
        -5.451319680170965,
        -13.571448707603112,
        -3.478878312729719,
        -10.981795849373004,
        -7.877572888960572,
        -4.729909464915346,
        -9.067992837442883,
        -10.709184767057812,
        -9.317912340656532,
        -9.839182265108166
      ]
    },
    "active": {
      "mean": 0.07536243796348571,
      "std": 0.0016107719665055392,
      "ci95_lo": 0.07439991623163222,
      "ci95_hi": 0.07633164713159205,
      "per_seed": [
        0.0759592056274414,
        0.0758710578083992,
        0.07476257532835007,
        0.07589536905288696,
        0.07435953617095947,
        0.07862108200788498,
        0.07605989277362823,
        0.07491359859704971,
        0.07491473108530045,
        0.0722673311829567
      ],
      "mean_delta_pct": -11.341669498218222,
      "per_seed_delta_pct": [
        -8.517847956570556,
        -18.445418908169938,
        -5.603243546411118,
        -14.419118894913623,
        -10.02394554972576,
        -6.3081293346175595,
        -12.452609805293706,
        -13.238125431232206,
        -11.333568956817587,
        -11.670161318597058
      ]
    }
  },
  "per_seed_rows": [
    {
      "seed": 7270,
      "run_number": 1,
      "wall_s": 80.3,
      "continuous_test_mse": 0.08303172141313553,
      "continuous_train_loss": 0.20710884034633636,
      "passive_test_mse": 0.07850539684295654,
      "passive_train_loss": 0.20957420766353607,
      "active_test_mse": 0.0759592056274414,
      "active_train_loss": 0.21679575741291046,
      "passive_delta_pct": -5.451319680170965,
      "active_delta_pct": -8.517847956570556
    },
    {
      "seed": 860,
      "run_number": 2,
      "wall_s": 81.7,
      "continuous_test_mse": 0.09303101897239685,
      "continuous_train_loss": 0.20571781694889069,
      "passive_test_mse": 0.08040536195039749,
      "passive_train_loss": 0.20958344638347626,
      "active_test_mse": 0.0758710578083992,
      "active_train_loss": 0.21750321984291077,
      "passive_delta_pct": -13.571448707603112,
      "active_delta_pct": -18.445418908169938
    },
    {
      "seed": 5390,
      "run_number": 3,
      "wall_s": 82.3,
      "continuous_test_mse": 0.0792003646492958,
      "continuous_train_loss": 0.20579411089420319,
      "passive_test_mse": 0.0764450803399086,
      "passive_train_loss": 0.20779827237129211,
      "active_test_mse": 0.07476257532835007,
      "active_train_loss": 0.21663197875022888,
      "passive_delta_pct": -3.478878312729719,
      "active_delta_pct": -5.603243546411118
    },
    {
      "seed": 5191,
      "run_number": 4,
      "wall_s": 82.9,
      "continuous_test_mse": 0.088682621717453,
      "continuous_train_loss": 0.2177288830280304,
      "passive_test_mse": 0.07894367724657059,
      "passive_train_loss": 0.220710888504982,
      "active_test_mse": 0.07589536905288696,
      "active_train_loss": 0.2274741530418396,
      "passive_delta_pct": -10.981795849373004,
      "active_delta_pct": -14.419118894913623
    },
    {
      "seed": 5734,
      "run_number": 5,
      "wall_s": 83.1,
      "continuous_test_mse": 0.08264369517564774,
      "continuous_train_loss": 0.20393680036067963,
      "passive_test_mse": 0.0761333778500557,
      "passive_train_loss": 0.20737947523593903,
      "active_test_mse": 0.07435953617095947,
      "active_train_loss": 0.21396039426326752,
      "passive_delta_pct": -7.877572888960572,
      "active_delta_pct": -10.02394554972576
    },
    {
      "seed": 6265,
      "run_number": 6,
      "wall_s": 80.8,
      "continuous_test_mse": 0.08391451835632324,
      "continuous_train_loss": 0.201784148812294,
      "passive_test_mse": 0.07994543761014938,
      "passive_train_loss": 0.20455984771251678,
      "active_test_mse": 0.07862108200788498,
      "active_train_loss": 0.21376602351665497,
      "passive_delta_pct": -4.729909464915346,
      "active_delta_pct": -6.3081293346175595
    },
    {
      "seed": 466,
      "run_number": 7,
      "wall_s": 81.2,
      "continuous_test_mse": 0.08687853813171387,
      "continuous_train_loss": 0.20081961154937744,
      "passive_test_mse": 0.07900039851665497,
      "passive_train_loss": 0.20435161888599396,
      "active_test_mse": 0.07605989277362823,
      "active_train_loss": 0.21210598945617676,
      "passive_delta_pct": -9.067992837442883,
      "active_delta_pct": -12.452609805293706
    },
    {
      "seed": 4426,
      "run_number": 8,
      "wall_s": 81.9,
      "continuous_test_mse": 0.086343914270401,
      "continuous_train_loss": 0.21347883343696594,
      "passive_test_mse": 0.07709718495607376,
      "passive_train_loss": 0.21693098545074463,
      "active_test_mse": 0.07491359859704971,
      "active_train_loss": 0.2236616611480713,
      "passive_delta_pct": -10.709184767057812,
      "active_delta_pct": -13.238125431232206
    },
    {
      "seed": 5578,
      "run_number": 9,
      "wall_s": 81.1,
      "continuous_test_mse": 0.08449052274227142,
      "continuous_train_loss": 0.20908786356449127,
      "passive_test_mse": 0.0766177698969841,
      "passive_train_loss": 0.21247026324272156,
      "active_test_mse": 0.07491473108530045,
      "active_train_loss": 0.22088201344013214,
      "passive_delta_pct": -9.317912340656532,
      "active_delta_pct": -11.333568956817587
    },
    {
      "seed": 8322,
      "run_number": 10,
      "wall_s": 81.1,
      "continuous_test_mse": 0.08181530982255936,
      "continuous_train_loss": 0.20587152242660522,
      "passive_test_mse": 0.0737653523683548,
      "passive_train_loss": 0.2099216878414154,
      "active_test_mse": 0.0722673311829567,
      "active_train_loss": 0.21839645504951477,
      "passive_delta_pct": -9.839182265108166,
      "active_delta_pct": -11.670161318597058
    }
  ]
}