{
  "problem": "heat",
  "metric_name": "test_mse_vs_analytical",
  "metric_path": "test_mse",
  "backend": "cpu",
  "n_test": 2000,
  "test_seed": 99999,
  "seeds": [
    7270,
    860,
    5390,
    5191,
    5734,
    6265,
    466,
    4426,
    5578,
    8322
  ],
  "n_seeds": 10,
  "epochs": 3000,
  "note": "",
  "summary": {
    "continuous": {
      "mean": 8.790144802333089e-05,
      "std": 7.685855076527593e-05,
      "ci95_lo": 5.517984001926379e-05,
      "ci95_hi": 0.00013950930016108027,
      "per_seed": [
        0.0002985014580190182,
        5.445945862447843e-05,
        6.689054862363264e-05,
        6.01720494159963e-05,
        6.439645949285477e-05,
        2.531949030526448e-05,
        8.11249774415046e-05,
        0.00010806135833263397,
        6.23527739662677e-05,
        5.773590601165779e-05
      ]
    },
    "passive": {
      "mean": 0.00016872644919203595,
      "std": 3.71026148174287e-05,
      "ci95_lo": 0.00014801133973378454,
      "ci95_hi": 0.00019135998882120476,
      "per_seed": [
        0.00016997510101646185,
        0.0001558629155624658,
        0.00015394898946397007,
        0.0001652291975915432,
        0.00017314741853624582,
        0.00011709691898431629,
        0.00020103169663343579,
        0.00024615562870167196,
        0.00018186318629886955,
        0.00012295343913137913
      ],
      "mean_delta_pct": 91.94956736918874,
      "per_seed_delta_pct": [
        -43.05719571874508,
        186.19989896926472,
        130.15058574296012,
        174.59459864702268,
        168.8772331582262,
        362.4773941834416,
        147.8049337867493,
        127.79246207877273,
        191.668156411543,
        112.95836096614278
      ]
    },
    "active": {
      "mean": 0.00021188044775044546,
      "std": 0.0001244190863674705,
      "ci95_lo": 0.00015771854679769604,
      "ci95_hi": 0.000294266288910876,
      "per_seed": [
        0.00018588252714835107,
        0.0001539613731438294,
        0.00015231853467412293,
        0.00017184177704621106,
        0.00018577164155431092,
        0.00013294542441144586,
        0.00020460253290366381,
        0.00025412364630028605,
        0.000549906340893358,
        0.00012745067942887545
      ],
      "mean_delta_pct": 141.04318246749241,
      "per_seed_delta_pct": [
        -37.72810076642637,
        182.70823293609985,
        127.71308923052894,
        185.58405225355042,
        188.48114169215086,
        425.0714876507746,
        152.2065821851144,
        135.16606696543997,
        781.9276287384622,
        120.74769105232565
      ]
    }
  },
  "per_seed_rows": [
    {
      "seed": 7270,
      "run_number": 1,
      "wall_s": 111.8,
      "continuous_test_mse": 0.0002985014580190182,
      "continuous_train_loss": 0.0064048124477267265,
      "passive_test_mse": 0.00016997510101646185,
      "passive_train_loss": 0.012316746637225151,
      "active_test_mse": 0.00018588252714835107,
      "active_train_loss": 0.027435574680566788,
      "passive_delta_pct": -43.05719571874508,
      "active_delta_pct": -37.72810076642637
    },
    {
      "seed": 860,
      "run_number": 2,
      "wall_s": 112.3,
      "continuous_test_mse": 5.445945862447843e-05,
      "continuous_train_loss": 0.0010449892142787576,
      "passive_test_mse": 0.0001558629155624658,
      "passive_train_loss": 0.01211092434823513,
      "active_test_mse": 0.0001539613731438294,
      "active_train_loss": 0.029281659051775932,
      "passive_delta_pct": 186.19989896926472,
      "active_delta_pct": 182.70823293609985
    },
    {
      "seed": 5390,
      "run_number": 3,
      "wall_s": 116.6,
      "continuous_test_mse": 6.689054862363264e-05,
      "continuous_train_loss": 0.0016411291435360909,
      "passive_test_mse": 0.00015394898946397007,
      "passive_train_loss": 0.012171318754553795,
      "active_test_mse": 0.00015231853467412293,
      "active_train_loss": 0.02919420786201954,
      "passive_delta_pct": 130.15058574296012,
      "active_delta_pct": 127.71308923052894
    },
    {
      "seed": 5191,
      "run_number": 4,
      "wall_s": 114.6,
      "continuous_test_mse": 6.01720494159963e-05,
      "continuous_train_loss": 0.0010133751202374697,
      "passive_test_mse": 0.0001652291975915432,
      "passive_train_loss": 0.011494224891066551,
      "active_test_mse": 0.00017184177704621106,
      "active_train_loss": 0.026342321187257767,
      "passive_delta_pct": 174.59459864702268,
      "active_delta_pct": 185.58405225355042
    },
    {
      "seed": 5734,
      "run_number": 5,
      "wall_s": 114.8,
      "continuous_test_mse": 6.439645949285477e-05,
      "continuous_train_loss": 0.0010374211706221104,
      "passive_test_mse": 0.00017314741853624582,
      "passive_train_loss": 0.011214423924684525,
      "active_test_mse": 0.00018577164155431092,
      "active_train_loss": 0.02550409734249115,
      "passive_delta_pct": 168.8772331582262,
      "active_delta_pct": 188.48114169215086
    },
    {
      "seed": 6265,
      "run_number": 6,
      "wall_s": 115.3,
      "continuous_test_mse": 2.531949030526448e-05,
      "continuous_train_loss": 0.000626786146312952,
      "passive_test_mse": 0.00011709691898431629,
      "passive_train_loss": 0.011322191916406155,
      "active_test_mse": 0.00013294542441144586,
      "active_train_loss": 0.027205655351281166,
      "passive_delta_pct": 362.4773941834416,
      "active_delta_pct": 425.0714876507746
    },
    {
      "seed": 466,
      "run_number": 7,
      "wall_s": 114.1,
      "continuous_test_mse": 8.11249774415046e-05,
      "continuous_train_loss": 0.0012453284580260515,
      "passive_test_mse": 0.00020103169663343579,
      "passive_train_loss": 0.011770904064178467,
      "active_test_mse": 0.00020460253290366381,
      "active_train_loss": 0.02605634555220604,
      "passive_delta_pct": 147.8049337867493,
      "active_delta_pct": 152.2065821851144
    },
    {
      "seed": 4426,
      "run_number": 8,
      "wall_s": 116.0,
      "continuous_test_mse": 0.00010806135833263397,
      "continuous_train_loss": 0.001531544141471386,
      "passive_test_mse": 0.00024615562870167196,
      "passive_train_loss": 0.012463622726500034,
      "active_test_mse": 0.00025412364630028605,
      "active_train_loss": 0.02797536551952362,
      "passive_delta_pct": 127.79246207877273,
      "active_delta_pct": 135.16606696543997
    },
    {
      "seed": 5578,
      "run_number": 9,
      "wall_s": 116.7,
      "continuous_test_mse": 6.23527739662677e-05,
      "continuous_train_loss": 0.0010570550803095102,
      "passive_test_mse": 0.00018186318629886955,
      "passive_train_loss": 0.01206917129456997,
      "active_test_mse": 0.000549906340893358,
      "active_train_loss": 0.029387611895799637,
      "passive_delta_pct": 191.668156411543,
      "active_delta_pct": 781.9276287384622
    },
    {
      "seed": 8322,
      "run_number": 10,
      "wall_s": 110.7,
      "continuous_test_mse": 5.773590601165779e-05,
      "continuous_train_loss": 0.000954983988776803,
      "passive_test_mse": 0.00012295343913137913,
      "passive_train_loss": 0.010883904062211514,
      "active_test_mse": 0.00012745067942887545,
      "active_train_loss": 0.026314103975892067,
      "passive_delta_pct": 112.95836096614278,
      "active_delta_pct": 120.74769105232565
    }
  ]
}