{
  "problem": "laplace",
  "metric_name": "test_mse_vs_analytical",
  "metric_path": "test_mse",
  "backend": "cuda",
  "seeds": [
    7270,
    860,
    5390,
    5191,
    5734,
    6265,
    466,
    4426,
    5578,
    8322
  ],
  "n_seeds": 10,
  "epochs": 3000,
  "note": "",
  "summary": {
    "continuous": {
      "mean": 0.00020692851625009798,
      "std": 1.1606484992726147e-05,
      "ci95_lo": 0.00020102136267366151,
      "ci95_hi": 0.00021445854968859998,
      "per_seed": [
        0.00019981612760479317,
        0.00021057828340630946,
        0.00020656215534126758,
        0.00023542352300353492,
        0.0001998345418225017,
        0.0001925413561620027,
        0.00021160470158688681,
        0.0001994496543688305,
        0.00020751199524085656,
        0.00020596282396399633
      ]
    },
    "passive": {
      "mean": 0.0002548128761235561,
      "std": 7.731660100591412e-05,
      "ci95_lo": 0.00021557949285028332,
      "ci95_hi": 0.0003056436161087713,
      "per_seed": [
        0.00022923854553963508,
        0.00023403041204438657,
        0.00019307061572622776,
        0.0003517044410200471,
        0.00022002313265499822,
        0.0002032600333415464,
        0.00026488829444393534,
        0.00021461192535666808,
        0.00020511987204934395,
        0.0004321814890587727
      ],
      "mean_delta_pct": 23.140532170821803,
      "per_seed_delta_pct": [
        14.724746339312064,
        11.13701197422451,
        -6.531467292617102,
        49.392225778035865,
        10.102653249220822,
        5.566948001823095,
        25.180722572541615,
        7.602054280725339,
        -1.152763814321243,
        109.83470741997638
      ]
    },
    "active": {
      "mean": 0.00023978579154347113,
      "std": 4.76727662747431e-05,
      "ci95_lo": 0.00021441119177071976,
      "ci95_hi": 0.00026987878372601267,
      "per_seed": [
        0.00023100273571490342,
        0.0003004117107191454,
        0.00019300581312612492,
        0.0003402047815357955,
        0.00022090527913333803,
        0.00019942628744019713,
        0.00026371657694189014,
        0.0002079598384785582,
        0.00021276775761442613,
        0.00022845713473033257
      ],
      "mean_delta_pct": 15.878563229855274,
      "per_seed_delta_pct": [
        15.607653137885228,
        42.660347429797845,
        -6.562839254240845,
        44.507556932060375,
        10.544091686387178,
        3.5758194579254434,
        24.626993145332225,
        4.266833219971547,
        2.532751115167712,
        10.921539301805455
      ]
    }
  },
  "per_seed_rows": [
    {
      "seed": 7270,
      "run_number": 1,
      "wall_s": 92.6,
      "continuous_test_mse": 0.00019981612760479317,
      "continuous_train_loss": 0.013140739873051643,
      "passive_test_mse": 0.00022923854553963508,
      "passive_train_loss": 0.015075424686074257,
      "active_test_mse": 0.00023100273571490342,
      "active_train_loss": 0.018403641879558563,
      "passive_delta_pct": 14.724746339312064,
      "active_delta_pct": 15.607653137885228
    },
    {
      "seed": 860,
      "run_number": 2,
      "wall_s": 90.9,
      "continuous_test_mse": 0.00021057828340630946,
      "continuous_train_loss": 0.013218006119132042,
      "passive_test_mse": 0.00023403041204438657,
      "passive_train_loss": 0.01469373144209385,
      "active_test_mse": 0.0003004117107191454,
      "active_train_loss": 0.018847018480300903,
      "passive_delta_pct": 11.13701197422451,
      "active_delta_pct": 42.660347429797845
    },
    {
      "seed": 5390,
      "run_number": 3,
      "wall_s": 90.6,
      "continuous_test_mse": 0.00020656215534126758,
      "continuous_train_loss": 0.012380127795040607,
      "passive_test_mse": 0.00019307061572622776,
      "passive_train_loss": 0.012716326862573624,
      "active_test_mse": 0.00019300581312612492,
      "active_train_loss": 0.015726469457149506,
      "passive_delta_pct": -6.531467292617102,
      "active_delta_pct": -6.562839254240845
    },
    {
      "seed": 5191,
      "run_number": 4,
      "wall_s": 89.5,
      "continuous_test_mse": 0.00023542352300353492,
      "continuous_train_loss": 0.015002035535871983,
      "passive_test_mse": 0.0003517044410200471,
      "passive_train_loss": 0.019110577180981636,
      "active_test_mse": 0.0003402047815357955,
      "active_train_loss": 0.022791273891925812,
      "passive_delta_pct": 49.392225778035865,
      "active_delta_pct": 44.507556932060375
    },
    {
      "seed": 5734,
      "run_number": 5,
      "wall_s": 91.8,
      "continuous_test_mse": 0.0001998345418225017,
      "continuous_train_loss": 0.01356569118797779,
      "passive_test_mse": 0.00022002313265499822,
      "passive_train_loss": 0.014747221022844315,
      "active_test_mse": 0.00022090527913333803,
      "active_train_loss": 0.01831124536693096,
      "passive_delta_pct": 10.102653249220822,
      "active_delta_pct": 10.544091686387178
    },
    {
      "seed": 6265,
      "run_number": 6,
      "wall_s": 90.8,
      "continuous_test_mse": 0.0001925413561620027,
      "continuous_train_loss": 0.012538554146885872,
      "passive_test_mse": 0.0002032600333415464,
      "passive_train_loss": 0.014569580554962158,
      "active_test_mse": 0.00019942628744019713,
      "active_train_loss": 0.01605943962931633,
      "passive_delta_pct": 5.566948001823095,
      "active_delta_pct": 3.5758194579254434
    },
    {
      "seed": 466,
      "run_number": 7,
      "wall_s": 91.1,
      "continuous_test_mse": 0.00021160470158688681,
      "continuous_train_loss": 0.013620277866721153,
      "passive_test_mse": 0.00026488829444393534,
      "passive_train_loss": 0.016211669892072678,
      "active_test_mse": 0.00026371657694189014,
      "active_train_loss": 0.019561173394322395,
      "passive_delta_pct": 25.180722572541615,
      "active_delta_pct": 24.626993145332225
    },
    {
      "seed": 4426,
      "run_number": 8,
      "wall_s": 92.4,
      "continuous_test_mse": 0.0001994496543688305,
      "continuous_train_loss": 0.012802648358047009,
      "passive_test_mse": 0.00021461192535666808,
      "passive_train_loss": 0.013523003086447716,
      "active_test_mse": 0.0002079598384785582,
      "active_train_loss": 0.016528433188796043,
      "passive_delta_pct": 7.602054280725339,
      "active_delta_pct": 4.266833219971547
    },
    {
      "seed": 5578,
      "run_number": 9,
      "wall_s": 91.4,
      "continuous_test_mse": 0.00020751199524085656,
      "continuous_train_loss": 0.012993855401873589,
      "passive_test_mse": 0.00020511987204934395,
      "passive_train_loss": 0.013552000746130943,
      "active_test_mse": 0.00021276775761442613,
      "active_train_loss": 0.01701662316918373,
      "passive_delta_pct": -1.152763814321243,
      "active_delta_pct": 2.532751115167712
    },
    {
      "seed": 8322,
      "run_number": 10,
      "wall_s": 91.3,
      "continuous_test_mse": 0.00020596282396399633,
      "continuous_train_loss": 0.012921895831823349,
      "passive_test_mse": 0.0004321814890587727,
      "passive_train_loss": 0.015916528180241585,
      "active_test_mse": 0.00022845713473033257,
      "active_train_loss": 0.017347773537039757,
      "passive_delta_pct": 109.83470741997638,
      "active_delta_pct": 10.921539301805455
    }
  ]
}