{
  "problem": "laplace",
  "metric_name": "test_mse_vs_analytical",
  "metric_path": "test_mse",
  "backend": "cpu",
  "n_test": 2000,
  "test_seed": 99999,
  "seeds": [
    7270,
    860,
    5390,
    5191,
    5734,
    6265,
    466,
    4426,
    5578,
    8322
  ],
  "n_seeds": 10,
  "epochs": 3000,
  "note": "",
  "summary": {
    "continuous": {
      "mean": 0.00022016676789503886,
      "std": 4.2677301858543835e-05,
      "ci95_lo": 0.00020148645328308271,
      "ci95_hi": 0.0002492478757243195,
      "per_seed": [
        0.00019892036835428883,
        0.00020481704803642002,
        0.00018688792250646835,
        0.00023457674198444327,
        0.00020043149882645146,
        0.0003354658961428799,
        0.00021234951366314687,
        0.0002228786273172578,
        0.000199070622529365,
        0.00020626943958966754
      ]
    },
    "passive": {
      "mean": 0.00023141122786259066,
      "std": 4.4889675923029234e-05,
      "ci95_lo": 0.0002093883817808776,
      "ci95_hi": 0.0002608306962604251,
      "per_seed": [
        0.00022934261859132554,
        0.0002287581210549619,
        0.000193055631882155,
        0.00034441434390006465,
        0.00021988455529139611,
        0.00019730890348352428,
        0.00026380033715773,
        0.00020354654365135427,
        0.000203830313839975,
        0.00023017090977341988
      ],
      "mean_delta_pct": 5.1072466907959635,
      "per_seed_delta_pct": [
        15.293682838377268,
        11.689004039490277,
        3.3002182767980512,
        46.82373921064417,
        9.70558848227172,
        -41.18361784248629,
        24.229310727878705,
        -8.673816730926452,
        2.3909561592433874,
        11.587499452802902
      ]
    },
    "active": {
      "mean": 0.00023149737229209247,
      "std": 4.126977156033661e-05,
      "ci95_lo": 0.00021078759040528828,
      "ci95_hi": 0.0002583192044437507,
      "per_seed": [
        0.00023080719227907808,
        0.00023169103286273577,
        0.00019297505302624495,
        0.00033329103126654045,
        0.00022078579159684974,
        0.0001972250197880204,
        0.00026373868503239936,
        0.00020786208567053887,
        0.00020719813151598906,
        0.00022939969988252824
      ],
      "mean_delta_pct": 5.146373590066644,
      "per_seed_delta_pct": [
        16.029944137242367,
        13.120970682839395,
        3.257102138082742,
        42.08187412230482,
        10.155236521991256,
        -41.20862297608359,
        24.200277402458234,
        -6.737542234295775,
        4.082726463280721,
        11.213614745293246
      ]
    }
  },
  "per_seed_rows": [
    {
      "seed": 7270,
      "run_number": 1,
      "wall_s": 168.1,
      "continuous_test_mse": 0.00019892036835428883,
      "continuous_train_loss": 0.013143131509423256,
      "passive_test_mse": 0.00022934261859132554,
      "passive_train_loss": 0.01507740467786789,
      "active_test_mse": 0.00023080719227907808,
      "active_train_loss": 0.018405206501483917,
      "passive_delta_pct": 15.293682838377268,
      "active_delta_pct": 16.029944137242367
    },
    {
      "seed": 860,
      "run_number": 2,
      "wall_s": 191.9,
      "continuous_test_mse": 0.00020481704803642002,
      "continuous_train_loss": 0.013205673545598984,
      "passive_test_mse": 0.0002287581210549619,
      "passive_train_loss": 0.014681130647659302,
      "active_test_mse": 0.00023169103286273577,
      "active_train_loss": 0.017958059906959534,
      "passive_delta_pct": 11.689004039490277,
      "active_delta_pct": 13.120970682839395
    },
    {
      "seed": 5390,
      "run_number": 3,
      "wall_s": 185.8,
      "continuous_test_mse": 0.00018688792250646835,
      "continuous_train_loss": 0.012515027076005936,
      "passive_test_mse": 0.000193055631882155,
      "passive_train_loss": 0.012718331068754196,
      "active_test_mse": 0.00019297505302624495,
      "active_train_loss": 0.01572130061686039,
      "passive_delta_pct": 3.3002182767980512,
      "active_delta_pct": 3.257102138082742
    },
    {
      "seed": 5191,
      "run_number": 4,
      "wall_s": 181.5,
      "continuous_test_mse": 0.00023457674198444327,
      "continuous_train_loss": 0.014996182173490524,
      "passive_test_mse": 0.00034441434390006465,
      "passive_train_loss": 0.019175060093402863,
      "active_test_mse": 0.00033329103126654045,
      "active_train_loss": 0.022793704643845558,
      "passive_delta_pct": 46.82373921064417,
      "active_delta_pct": 42.08187412230482
    },
    {
      "seed": 5734,
      "run_number": 5,
      "wall_s": 178.5,
      "continuous_test_mse": 0.00020043149882645146,
      "continuous_train_loss": 0.013590092770755291,
      "passive_test_mse": 0.00021988455529139611,
      "passive_train_loss": 0.014743627049028873,
      "active_test_mse": 0.00022078579159684974,
      "active_train_loss": 0.018308937549591064,
      "passive_delta_pct": 9.70558848227172,
      "active_delta_pct": 10.155236521991256
    },
    {
      "seed": 6265,
      "run_number": 6,
      "wall_s": 175.8,
      "continuous_test_mse": 0.0003354658961428799,
      "continuous_train_loss": 0.015262879431247711,
      "passive_test_mse": 0.00019730890348352428,
      "passive_train_loss": 0.012982072308659554,
      "active_test_mse": 0.0001972250197880204,
      "active_train_loss": 0.016049567610025406,
      "passive_delta_pct": -41.18361784248629,
      "active_delta_pct": -41.20862297608359
    },
    {
      "seed": 466,
      "run_number": 7,
      "wall_s": 179.9,
      "continuous_test_mse": 0.00021234951366314687,
      "continuous_train_loss": 0.013622538186609745,
      "passive_test_mse": 0.00026380033715773,
      "passive_train_loss": 0.01619645021855831,
      "active_test_mse": 0.00026373868503239936,
      "active_train_loss": 0.019562065601348877,
      "passive_delta_pct": 24.229310727878705,
      "active_delta_pct": 24.200277402458234
    },
    {
      "seed": 4426,
      "run_number": 8,
      "wall_s": 175.2,
      "continuous_test_mse": 0.0002228786273172578,
      "continuous_train_loss": 0.013081144541501999,
      "passive_test_mse": 0.00020354654365135427,
      "passive_train_loss": 0.013391150161623955,
      "active_test_mse": 0.00020786208567053887,
      "active_train_loss": 0.016549712046980858,
      "passive_delta_pct": -8.673816730926452,
      "active_delta_pct": -6.737542234295775
    },
    {
      "seed": 5578,
      "run_number": 9,
      "wall_s": 178.8,
      "continuous_test_mse": 0.000199070622529365,
      "continuous_train_loss": 0.013035115785896778,
      "passive_test_mse": 0.000203830313839975,
      "passive_train_loss": 0.01353701576590538,
      "active_test_mse": 0.00020719813151598906,
      "active_train_loss": 0.016818076372146606,
      "passive_delta_pct": 2.3909561592433874,
      "active_delta_pct": 4.082726463280721
    },
    {
      "seed": 8322,
      "run_number": 10,
      "wall_s": 177.4,
      "continuous_test_mse": 0.00020626943958966754,
      "continuous_train_loss": 0.01291297934949398,
      "passive_test_mse": 0.00023017090977341988,
      "passive_train_loss": 0.013939705677330494,
      "active_test_mse": 0.00022939969988252824,
      "active_train_loss": 0.017063330858945847,
      "passive_delta_pct": 11.587499452802902,
      "active_delta_pct": 11.213614745293246
    }
  ]
}