{
  "problem": "memristor",
  "metric_name": "test_mse_vs_analytical",
  "metric_path": "test_mse",
  "backend": "cuda",
  "seeds": [
    7270,
    860,
    5390,
    5191,
    5734,
    6265,
    466,
    4426,
    5578,
    8322
  ],
  "n_seeds": 10,
  "epochs": 3000,
  "note": "",
  "summary": {
    "continuous": {
      "mean": 8.158064135403616e-08,
      "std": 9.451231573793496e-08,
      "ci95_lo": 3.037360844132623e-08,
      "ci95_hi": 1.405946029292028e-07,
      "per_seed": [
        1.1861329618856025e-07,
        1.1246586642284499e-08,
        1.5113381514875578e-08,
        2.271106557930982e-08,
        1.440871067512834e-07,
        2.898377071643922e-07,
        2.541399800302744e-08,
        1.5268397498245835e-08,
        1.6194956588051052e-07,
        1.156530831787204e-08
      ]
    },
    "passive": {
      "mean": 5.017852375734544e-07,
      "std": 5.73467952012214e-07,
      "ci95_lo": 1.91316191513307e-07,
      "ci95_hi": 8.693631638837051e-07,
      "per_seed": [
        8.302505055085959e-07,
        2.7921031662704363e-08,
        3.194220159499122e-07,
        3.494691629527211e-07,
        1.580657356387456e-08,
        1.486186320088101e-06,
        3.09851885371078e-07,
        7.257123582969372e-08,
        1.4970623602376648e-06,
        1.0931128457019741e-07
      ],
      "mean_delta_pct": 515.0788094394269,
      "per_seed_delta_pct": [
        599.9641121082595,
        148.26227326367544,
        2013.5046159955411,
        1438.7616302384934,
        -89.02984873507165,
        412.7650003265984,
        1119.2173987507472,
        375.30355322509337,
        824.4003539609523,
        845.1653303637145
      ]
    },
    "active": {
      "mean": 4.527846413221199e-07,
      "std": 5.854213630555868e-07,
      "ci95_lo": 1.3970653414387863e-07,
      "ci95_hi": 8.309110475127745e-07,
      "per_seed": [
        9.57850003002263e-07,
        1.849270991558207e-08,
        2.0233817516013155e-07,
        1.7199626133078073e-07,
        1.1249509615910871e-08,
        1.6704305294875272e-06,
        2.4054136182300053e-07,
        6.094509084113347e-08,
        1.1361675660991847e-06,
        5.783520594568438e-08
      ],
      "mean_delta_pct": 455.01480964971427,
      "per_seed_delta_pct": [
        707.5401609947364,
        64.4295331887976,
        1238.8014784181626,
        657.323608309565,
        -92.19256332537147,
        476.3330609498924,
        846.4916216423171,
        299.15839791396166,
        601.556413517941,
        400.07491677771173
      ]
    }
  },
  "per_seed_rows": [
    {
      "seed": 7270,
      "run_number": 1,
      "wall_s": 17.5,
      "continuous_test_mse": 1.1861329618856025e-07,
      "continuous_train_loss": 0.0006556835724040866,
      "passive_test_mse": 8.302505055085959e-07,
      "passive_train_loss": 0.0025133714079856873,
      "active_test_mse": 9.57850003002263e-07,
      "active_train_loss": 0.003070537932217121,
      "passive_delta_pct": 599.9641121082595,
      "active_delta_pct": 707.5401609947364
    },
    {
      "seed": 860,
      "run_number": 2,
      "wall_s": 15.4,
      "continuous_test_mse": 1.1246586642284499e-08,
      "continuous_train_loss": 0.00024068811035249382,
      "passive_test_mse": 2.7921031662704363e-08,
      "passive_train_loss": 0.0017173646483570337,
      "active_test_mse": 1.849270991558207e-08,
      "active_train_loss": 0.0019006875809282064,
      "passive_delta_pct": 148.26227326367544,
      "active_delta_pct": 64.4295331887976
    },
    {
      "seed": 5390,
      "run_number": 3,
      "wall_s": 13.5,
      "continuous_test_mse": 1.5113381514875578e-08,
      "continuous_train_loss": 0.00030474408413283527,
      "passive_test_mse": 3.194220159499122e-07,
      "passive_train_loss": 0.00198763026855886,
      "active_test_mse": 2.0233817516013155e-07,
      "active_train_loss": 0.002259329427033663,
      "passive_delta_pct": 2013.5046159955411,
      "active_delta_pct": 1238.8014784181626
    },
    {
      "seed": 5191,
      "run_number": 4,
      "wall_s": 13.6,
      "continuous_test_mse": 2.271106557930982e-08,
      "continuous_train_loss": 0.00021959346486255527,
      "passive_test_mse": 3.494691629527211e-07,
      "passive_train_loss": 0.0017453599721193314,
      "active_test_mse": 1.7199626133078073e-07,
      "active_train_loss": 0.001916596433147788,
      "passive_delta_pct": 1438.7616302384934,
      "active_delta_pct": 657.323608309565
    },
    {
      "seed": 5734,
      "run_number": 5,
      "wall_s": 14.1,
      "continuous_test_mse": 1.440871067512834e-07,
      "continuous_train_loss": 8.502446144120768e-05,
      "passive_test_mse": 1.580657356387456e-08,
      "passive_train_loss": 0.0010156601201742887,
      "active_test_mse": 1.1249509615910871e-08,
      "active_train_loss": 0.0010402519255876541,
      "passive_delta_pct": -89.02984873507165,
      "active_delta_pct": -92.19256332537147
    },
    {
      "seed": 6265,
      "run_number": 6,
      "wall_s": 13.8,
      "continuous_test_mse": 2.898377071643922e-07,
      "continuous_train_loss": 0.0016691627679392695,
      "passive_test_mse": 1.486186320088101e-06,
      "passive_train_loss": 0.004203088581562042,
      "active_test_mse": 1.6704305294875272e-06,
      "active_train_loss": 0.005491761025041342,
      "passive_delta_pct": 412.7650003265984,
      "active_delta_pct": 476.3330609498924
    },
    {
      "seed": 466,
      "run_number": 7,
      "wall_s": 13.1,
      "continuous_test_mse": 2.541399800302744e-08,
      "continuous_train_loss": 0.0016466050874441862,
      "passive_test_mse": 3.09851885371078e-07,
      "passive_train_loss": 0.004487961530685425,
      "active_test_mse": 2.4054136182300053e-07,
      "active_train_loss": 0.005809846334159374,
      "passive_delta_pct": 1119.2173987507472,
      "active_delta_pct": 846.4916216423171
    },
    {
      "seed": 4426,
      "run_number": 8,
      "wall_s": 13.0,
      "continuous_test_mse": 1.5268397498245835e-08,
      "continuous_train_loss": 0.0004980473313480616,
      "passive_test_mse": 7.257123582969372e-08,
      "passive_train_loss": 0.002265628194436431,
      "active_test_mse": 6.094509084113347e-08,
      "active_train_loss": 0.0027046159375458956,
      "passive_delta_pct": 375.30355322509337,
      "active_delta_pct": 299.15839791396166
    },
    {
      "seed": 5578,
      "run_number": 9,
      "wall_s": 15.3,
      "continuous_test_mse": 1.6194956588051052e-07,
      "continuous_train_loss": 0.001183415879495442,
      "passive_test_mse": 1.4970623602376648e-06,
      "passive_train_loss": 0.0037217820063233376,
      "active_test_mse": 1.1361675660991847e-06,
      "active_train_loss": 0.00470886193215847,
      "passive_delta_pct": 824.4003539609523,
      "active_delta_pct": 601.556413517941
    },
    {
      "seed": 8322,
      "run_number": 10,
      "wall_s": 14.5,
      "continuous_test_mse": 1.156530831787204e-08,
      "continuous_train_loss": 0.00022257825185079128,
      "passive_test_mse": 1.0931128457019741e-07,
      "passive_train_loss": 0.0014687308575958014,
      "active_test_mse": 5.783520594568438e-08,
      "active_train_loss": 0.0016472507268190384,
      "passive_delta_pct": 845.1653303637145,
      "active_delta_pct": 400.07491677771173
    }
  ]
}