{
  "problem": "memristor",
  "metric_name": "test_mse_vs_vteam_reference",
  "metric_path": "test_mse",
  "backend": "cpu",
  "n_test": 2000,
  "test_seed": 99999,
  "seeds": [
    7270,
    860,
    5390,
    5191,
    5734,
    6265,
    466,
    4426,
    5578,
    8322
  ],
  "n_seeds": 10,
  "epochs": 3000,
  "note": "Reference: VTEAM simulation at held-out cycles 4-5",
  "summary": {
    "continuous": {
      "mean": 8.15805276361004e-08,
      "std": 9.451205379573224e-08,
      "ci95_lo": 3.0373486310985625e-08,
      "ci95_hi": 1.4059445169828498e-07,
      "per_seed": [
        1.186133830860387e-07,
        1.1246579387290022e-08,
        1.5113372167450066e-08,
        2.2711055471150343e-08,
        1.4408707581095016e-07,
        2.89836320062481e-07,
        2.5413677532783126e-08,
        1.5268396364586954e-08,
        1.6195011743017187e-07,
        1.1565299048101567e-08
      ]
    },
    "passive": {
      "mean": 5.017839507552457e-07,
      "std": 5.734647712807462e-07,
      "ci95_lo": 1.9131672729992373e-07,
      "ci95_hi": 8.693601379330951e-07,
      "per_seed": [
        8.302536516333422e-07,
        2.7920800102346744e-08,
        3.194232442862181e-07,
        3.4946931996540584e-07,
        1.580663044191621e-08,
        1.4861768896831469e-06,
        3.0985202520911356e-07,
        7.257140249980072e-08,
        1.497054374799197e-06,
        1.0931116893197053e-07
      ],
      "mean_delta_pct": 515.0780894596717,
      "per_seed_delta_pct": [
        599.9662517265024,
        148.26037447350956,
        2013.5140506508897,
        1438.7630064544278,
        -89.02980690464193,
        412.764200622878,
        1119.2333235101878,
        375.30468011768795,
        824.3922749513799,
        845.1650880563598
      ]
    },
    "active": {
      "mean": 4.5278264508271776e-07,
      "std": 5.854169013549648e-07,
      "ci95_lo": 1.3970731847983377e-07,
      "ci95_hi": 8.309063490278073e-07,
      "per_seed": [
        9.57848216280558e-07,
        1.8492641088200512e-08,
        2.0233857532726258e-07,
        1.7199560374464264e-07,
        1.1249544964512026e-08,
        1.670413792710045e-06,
        2.4054423734045957e-07,
        6.09447544092149e-08,
        1.1361645036197957e-06,
        5.783458134248661e-08
      ],
      "mean_delta_pct": 455.0131363484291,
      "per_seed_delta_pct": [
        707.5380630411349,
        64.42902727472324,
        1238.8049542182432,
        657.3210499315066,
        -92.19253711604777,
        476.3300446092982,
        846.5148718840962,
        299.1562240980872,
        601.5521332423092,
        400.06991692947275
      ]
    }
  },
  "per_seed_rows": [
    {
      "seed": 7270,
      "run_number": 1,
      "wall_s": 8.5,
      "continuous_test_mse": 1.186133830860387e-07,
      "continuous_train_loss": 0.0006556838052347302,
      "passive_test_mse": 8.302536516333422e-07,
      "passive_train_loss": 0.002513371640816331,
      "active_test_mse": 9.57848216280558e-07,
      "active_train_loss": 0.0030705383978784084,
      "passive_delta_pct": 599.9662517265024,
      "active_delta_pct": 707.5380630411349
    },
    {
      "seed": 860,
      "run_number": 2,
      "wall_s": 8.6,
      "continuous_test_mse": 1.1246579387290022e-08,
      "continuous_train_loss": 0.00024068811035249382,
      "passive_test_mse": 2.7920800102346744e-08,
      "passive_train_loss": 0.0017173646483570337,
      "active_test_mse": 1.8492641088200512e-08,
      "active_train_loss": 0.0019006873480975628,
      "passive_delta_pct": 148.26037447350956,
      "active_delta_pct": 64.42902727472324
    },
    {
      "seed": 5390,
      "run_number": 3,
      "wall_s": 8.5,
      "continuous_test_mse": 1.5113372167450066e-08,
      "continuous_train_loss": 0.00030474417144432664,
      "passive_test_mse": 3.194232442862181e-07,
      "passive_train_loss": 0.001987630734220147,
      "active_test_mse": 2.0233857532726258e-07,
      "active_train_loss": 0.0022593296598643064,
      "passive_delta_pct": 2013.5140506508897,
      "active_delta_pct": 1238.8049542182432
    },
    {
      "seed": 5191,
      "run_number": 4,
      "wall_s": 8.5,
      "continuous_test_mse": 2.2711055471150343e-08,
      "continuous_train_loss": 0.0002195934357587248,
      "passive_test_mse": 3.4946931996540584e-07,
      "passive_train_loss": 0.0017453597392886877,
      "active_test_mse": 1.7199560374464264e-07,
      "active_train_loss": 0.001916596433147788,
      "passive_delta_pct": 1438.7630064544278,
      "active_delta_pct": 657.3210499315066
    },
    {
      "seed": 5734,
      "run_number": 5,
      "wall_s": 8.7,
      "continuous_test_mse": 1.4408707581095016e-07,
      "continuous_train_loss": 8.502446871716529e-05,
      "passive_test_mse": 1.580663044191621e-08,
      "passive_train_loss": 0.0010156602365896106,
      "active_test_mse": 1.1249544964512026e-08,
      "active_train_loss": 0.0010402518091723323,
      "passive_delta_pct": -89.02980690464193,
      "active_delta_pct": -92.19253711604777
    },
    {
      "seed": 6265,
      "run_number": 6,
      "wall_s": 8.5,
      "continuous_test_mse": 2.89836320062481e-07,
      "continuous_train_loss": 0.0016691630007699132,
      "passive_test_mse": 1.4861768896831469e-06,
      "passive_train_loss": 0.004203088581562042,
      "active_test_mse": 1.670413792710045e-06,
      "active_train_loss": 0.005491761025041342,
      "passive_delta_pct": 412.764200622878,
      "active_delta_pct": 476.3300446092982
    },
    {
      "seed": 466,
      "run_number": 7,
      "wall_s": 8.7,
      "continuous_test_mse": 2.5413677532783126e-08,
      "continuous_train_loss": 0.0016466054366901517,
      "passive_test_mse": 3.0985202520911356e-07,
      "passive_train_loss": 0.004487961996346712,
      "active_test_mse": 2.4054423734045957e-07,
      "active_train_loss": 0.005809846334159374,
      "passive_delta_pct": 1119.2333235101878,
      "active_delta_pct": 846.5148718840962
    },
    {
      "seed": 4426,
      "run_number": 8,
      "wall_s": 8.6,
      "continuous_test_mse": 1.5268396364586954e-08,
      "continuous_train_loss": 0.0004980473313480616,
      "passive_test_mse": 7.257140249980072e-08,
      "passive_train_loss": 0.002265628194436431,
      "active_test_mse": 6.09447544092149e-08,
      "active_train_loss": 0.0027046161703765392,
      "passive_delta_pct": 375.30468011768795,
      "active_delta_pct": 299.1562240980872
    },
    {
      "seed": 5578,
      "run_number": 9,
      "wall_s": 8.5,
      "continuous_test_mse": 1.6195011743017187e-07,
      "continuous_train_loss": 0.0011834159959107637,
      "passive_test_mse": 1.497054374799197e-06,
      "passive_train_loss": 0.0037217820063233376,
      "active_test_mse": 1.1361645036197957e-06,
      "active_train_loss": 0.00470886193215847,
      "passive_delta_pct": 824.3922749513799,
      "active_delta_pct": 601.5521332423092
    },
    {
      "seed": 8322,
      "run_number": 10,
      "wall_s": 8.8,
      "continuous_test_mse": 1.1565299048101567e-08,
      "continuous_train_loss": 0.00022257832461036742,
      "passive_test_mse": 1.0931116893197053e-07,
      "passive_train_loss": 0.0014687309740111232,
      "active_test_mse": 5.783458134248661e-08,
      "active_train_loss": 0.0016472510760650039,
      "passive_delta_pct": 845.1650880563598,
      "active_delta_pct": 400.06991692947275
    }
  ]
}