{
  "problem": "wave",
  "metric_name": "test_mse_vs_analytical",
  "metric_path": "test_mse",
  "backend": "cpu",
  "n_test": 2000,
  "test_seed": 99999,
  "seeds": [
    7270,
    860,
    5390,
    5191,
    5734,
    6265,
    466,
    4426,
    5578,
    8322
  ],
  "n_seeds": 10,
  "epochs": 3000,
  "note": "",
  "summary": {
    "continuous": {
      "mean": 6.958029380257357e-05,
      "std": 0.000104585759831173,
      "ci95_lo": 1.858842919773451e-05,
      "ci95_hi": 0.00014068953334344766,
      "per_seed": [
        0.0003160952473990619,
        1.0761304110928904e-05,
        2.156560185540002e-05,
        0.00020317494636401534,
        1.483353025832912e-05,
        8.116794560919516e-06,
        1.1827646630990785e-05,
        2.0992440113332123e-05,
        5.654155393131077e-05,
        3.189387280144729e-05
      ]
    },
    "passive": {
      "mean": 0.0005070846755188541,
      "std": 0.0009100986215800082,
      "ci95_lo": 9.632135622723582e-05,
      "ci95_hi": 0.0011236939009495472,
      "per_seed": [
        0.00291676283814013,
        2.586375194368884e-05,
        0.000199983362108469,
        0.001045107375830412,
        0.0005851236055605114,
        3.455755359027535e-05,
        1.7677508367341943e-05,
        2.6129941034014337e-05,
        1.8259337593917735e-05,
        0.00020138148101978004
      ],
      "mean_delta_pct": 628.7762781767651,
      "per_seed_delta_pct": [
        822.7480837311653,
        140.3403126338775,
        827.3256709892994,
        414.3879176706959,
        3844.601152729377,
        325.75370524544206,
        49.459219732041696,
        24.4731002825128,
        -67.70633927730391,
        531.4111875765733
      ]
    },
    "active": {
      "mean": 0.001275568032542651,
      "std": 0.003213060723376333,
      "ci95_lo": 7.560783583812737e-05,
      "ci95_hi": 0.003367859973527629,
      "per_seed": [
        8.445595449302346e-05,
        3.47793466062285e-05,
        0.000165773686603643,
        0.001563157537020743,
        6.09811395406723e-05,
        0.00044914131285622716,
        2.7472160581965e-05,
        2.236625186924357e-05,
        2.7775171474786475e-05,
        0.010319777764379978
      ],
      "mean_delta_pct": 1733.2317425418396,
      "per_seed_delta_pct": [
        -73.2814855054116,
        223.18895784115506,
        668.6949231242222,
        669.3653006902413,
        311.1033481489075,
        5433.481345194302,
        132.27072501458136,
        6.544316661115307,
        -50.87653319799274,
        32256.61541834357
      ]
    }
  },
  "per_seed_rows": [
    {
      "seed": 7270,
      "run_number": 1,
      "wall_s": 168.2,
      "continuous_test_mse": 0.0003160952473990619,
      "continuous_train_loss": 0.016049018129706383,
      "passive_test_mse": 0.00291676283814013,
      "passive_train_loss": 0.13160166144371033,
      "active_test_mse": 8.445595449302346e-05,
      "active_train_loss": 0.05149161443114281,
      "passive_delta_pct": 822.7480837311653,
      "active_delta_pct": -73.2814855054116
    },
    {
      "seed": 860,
      "run_number": 2,
      "wall_s": 171.8,
      "continuous_test_mse": 1.0761304110928904e-05,
      "continuous_train_loss": 0.0013398353476077318,
      "passive_test_mse": 2.586375194368884e-05,
      "passive_train_loss": 0.014226370491087437,
      "active_test_mse": 3.47793466062285e-05,
      "active_train_loss": 0.031552527099847794,
      "passive_delta_pct": 140.3403126338775,
      "active_delta_pct": 223.18895784115506
    },
    {
      "seed": 5390,
      "run_number": 3,
      "wall_s": 166.8,
      "continuous_test_mse": 2.156560185540002e-05,
      "continuous_train_loss": 0.0022133560851216316,
      "passive_test_mse": 0.000199983362108469,
      "passive_train_loss": 0.02528742514550686,
      "active_test_mse": 0.000165773686603643,
      "active_train_loss": 0.057491153478622437,
      "passive_delta_pct": 827.3256709892994,
      "active_delta_pct": 668.6949231242222
    },
    {
      "seed": 5191,
      "run_number": 4,
      "wall_s": 168.6,
      "continuous_test_mse": 0.00020317494636401534,
      "continuous_train_loss": 0.02408873848617077,
      "passive_test_mse": 0.001045107375830412,
      "passive_train_loss": 0.05504986271262169,
      "active_test_mse": 0.001563157537020743,
      "active_train_loss": 0.14059944450855255,
      "passive_delta_pct": 414.3879176706959,
      "active_delta_pct": 669.3653006902413
    },
    {
      "seed": 5734,
      "run_number": 5,
      "wall_s": 168.7,
      "continuous_test_mse": 1.483353025832912e-05,
      "continuous_train_loss": 0.0014396948972716928,
      "passive_test_mse": 0.0005851236055605114,
      "passive_train_loss": 0.04299790412187576,
      "active_test_mse": 6.09811395406723e-05,
      "active_train_loss": 0.03521440923213959,
      "passive_delta_pct": 3844.601152729377,
      "active_delta_pct": 311.1033481489075
    },
    {
      "seed": 6265,
      "run_number": 6,
      "wall_s": 168.0,
      "continuous_test_mse": 8.116794560919516e-06,
      "continuous_train_loss": 0.0018721796805039048,
      "passive_test_mse": 3.455755359027535e-05,
      "passive_train_loss": 0.013479301705956459,
      "active_test_mse": 0.00044914131285622716,
      "active_train_loss": 0.11713967472314835,
      "passive_delta_pct": 325.75370524544206,
      "active_delta_pct": 5433.481345194302
    },
    {
      "seed": 466,
      "run_number": 7,
      "wall_s": 172.3,
      "continuous_test_mse": 1.1827646630990785e-05,
      "continuous_train_loss": 0.00196320959366858,
      "passive_test_mse": 1.7677508367341943e-05,
      "passive_train_loss": 0.013525553978979588,
      "active_test_mse": 2.7472160581965e-05,
      "active_train_loss": 0.032936301082372665,
      "passive_delta_pct": 49.459219732041696,
      "active_delta_pct": 132.27072501458136
    },
    {
      "seed": 4426,
      "run_number": 8,
      "wall_s": 166.0,
      "continuous_test_mse": 2.0992440113332123e-05,
      "continuous_train_loss": 0.0036392775364220142,
      "passive_test_mse": 2.6129941034014337e-05,
      "passive_train_loss": 0.013952280394732952,
      "active_test_mse": 2.236625186924357e-05,
      "active_train_loss": 0.0336994044482708,
      "passive_delta_pct": 24.4731002825128,
      "active_delta_pct": 6.544316661115307
    },
    {
      "seed": 5578,
      "run_number": 9,
      "wall_s": 168.5,
      "continuous_test_mse": 5.654155393131077e-05,
      "continuous_train_loss": 0.01004142127931118,
      "passive_test_mse": 1.8259337593917735e-05,
      "passive_train_loss": 0.01342560164630413,
      "active_test_mse": 2.7775171474786475e-05,
      "active_train_loss": 0.03217887133359909,
      "passive_delta_pct": -67.70633927730391,
      "active_delta_pct": -50.87653319799274
    },
    {
      "seed": 8322,
      "run_number": 10,
      "wall_s": 171.4,
      "continuous_test_mse": 3.189387280144729e-05,
      "continuous_train_loss": 0.0025972742587327957,
      "passive_test_mse": 0.00020138148101978004,
      "passive_train_loss": 0.03276153281331062,
      "active_test_mse": 0.010319777764379978,
      "active_train_loss": 0.2338336855173111,
      "passive_delta_pct": 531.4111875765733,
      "active_delta_pct": 32256.61541834357
    }
  ]
}