{
  "regime": "active",
  "final_loss": 0.016818076372146606,
  "training_time": 45.24304389953613,
  "duty_cycle": 50.0,
  "epochs": 3000,
  "node_num": 16,
  "use_solar": true,
  "adaptive_reg": true,
  "losses": [
    1.3681350946426392,
    1.0058321952819824,
    0.918655276298523,
    0.8437978625297546,
    0.7862697839736938,
    0.7357076406478882,
    0.6887569427490234,
    0.6419878602027893,
    0.5968881249427795,
    0.5551959276199341,
    0.5178372859954834,
    0.4853286147117615,
    0.4576950967311859,
    0.4338306486606598,
    0.4121111035346985,
    0.3914110064506531,
    0.37172526121139526,
    0.35501357913017273,
    0.3432134687900543,
    0.33312880992889404,
    0.323754221200943,
    0.31551748514175415,
    0.3076745569705963,
    0.3000372052192688,
    0.2923213839530945,
    0.28419598937034607,
    0.27524134516716003,
    0.26499268412590027,
    0.25334545969963074,
    0.2410438060760498,
    0.22951240837574005,
    0.21864484250545502,
    0.20788991451263428,
    0.19833476841449738,
    0.18795159459114075,
    0.17763374745845795,
    0.16671836376190186,
    0.15489204227924347,
    0.14214308559894562,
    0.1299336552619934,
    0.11728394776582718,
    0.10618666559457779,
    0.0962701290845871,
    0.08706723153591156,
    0.07868603616952896,
    0.07122991234064102,
    0.0647180899977684,
    0.05907122418284416,
    0.05429457128047943,
    0.05026892572641373,
    0.0466129332780838,
    0.04342479258775711,
    0.04075249284505844,
    0.038198377937078476,
    0.03602670878171921,
    0.0340508408844471,
    0.032813891768455505,
    0.03132101148366928,
    0.02948850765824318,
    0.028240781277418137,
    0.0271416287869215,
    0.026144860312342644,
    0.02524004690349102,
    0.02442988008260727,
    0.023695435374975204,
    0.023029543459415436,
    0.02242649346590042,
    0.02201754041016102,
    0.021709807217121124,
    0.021288897842168808,
    0.020797112956643105,
    0.0202868040651083,
    0.019928105175495148,
    0.0196266807615757,
    0.01935158483684063,
    0.0191138107329607,
    0.019673749804496765,
    0.01895011030137539,
    0.018546603620052338,
    0.018293462693691254,
    0.01810496859252453,
    0.017951613292098045,
    0.017799602821469307,
    0.01766236126422882,
    0.01753382384777069,
    0.017423193901777267,
    0.01998283714056015,
    0.017370570451021194,
    0.01740700751543045,
    0.017192427068948746,
    0.0170148815959692,
    0.016932452097535133,
    0.01687450334429741,
    0.01682509295642376,
    0.016781657934188843,
    0.01674320176243782,
    0.016710538417100906,
    0.016834823414683342,
    0.016670268028974533,
    0.016849540174007416,
    0.016691824421286583,
    0.016616906970739365,
    0.01658693514764309,
    0.016571080312132835,
    0.01655806228518486,
    0.016546567901968956,
    0.016537487506866455,
    0.01652984879910946,
    0.016523320227861404,
    0.01651778258383274,
    0.01651361584663391,
    0.016549523919820786,
    0.018607333302497864,
    0.016923770308494568,
    0.01665865071117878,
    0.016568785533308983,
    0.01653233729302883,
    0.016515983268618584,
    0.016515783965587616,
    0.016537107527256012,
    0.017074231058359146,
    0.016701150685548782,
    0.01669081673026085,
    0.01656482368707657,
    0.016542792320251465,
    0.016552384942770004,
    0.016651149839162827,
    0.017202796414494514,
    0.0167686827480793,
    0.016631996259093285,
    0.01660236530005932,
    0.016607563942670822,
    0.016599956899881363,
    0.01661110483109951,
    0.01662437431514263,
    0.016734976321458817,
    0.017808878794312477,
    0.017414884641766548,
    0.016783587634563446,
    0.0167437382042408,
    0.01670483872294426,
    0.016702264547348022,
    0.01670144498348236,
    0.01671399176120758,
    0.01672825962305069,
    0.016826197504997253,
    0.018031630665063858,
    0.01698383502662182,
    0.016821224242448807,
    0.01684146746993065
  ],
  "duty_log": [
    1,
    1,
    1,
    1,
    1,
    1,
    1,
    1,
    1,
    1,
    1,
    1,
    1,
    1,
    1,
    1,
    1,
    1,
    1,
    1,
    1,
    1,
    1,
    1,
    1,
    1,
    1,
    1,
    1,
    1,
    1,
    1,
    1,
    1,
    1,
    1,
    1,
    1,
    1,
    1,
    1,
    1,
    1,
    1,
    1,
    1,
    1,
    1,
    1,
    1,
    1,
    1,
    1,
    1,
    1,
    1,
    1,
    1,
    1,
    1,
    1,
    1,
    1,
    1,
    1,
    1,
    1,
    1,
    1,
    1,
    1,
    1,
    1,
    1,
    1,
    1,
    1,
    1,
    1,
    1,
    1,
    1,
    1,
    1,
    1,
    1,
    1,
    1,
    1,
    1,
    1,
    1,
    1,
    1,
    1,
    1,
    1,
    1,
    1,
    1,
    1,
    1,
    1,
    1,
    1,
    1,
    1,
    1,
    1,
    1,
    1,
    1,
    1,
    1,
    1,
    1,
    1,
    1,
    1,
    1,
    1,
    1,
    1,
    1,
    1,
    1,
    1,
    1,
    1,
    1,
    1,
    1,
    1,
    1,
    1,
    1,
    1,
    1,
    1,
    1,
    1,
    1,
    1,
    1,
    1,
    1,
    1,
    1,
    1,
    1,
    1,
    1,
    1,
    1,
    1,
    1,
    1,
    1,
    1,
    1,
    1,
    1,
    1,
    1,
    1,
    1,
    1,
    1,
    1,
    1,
    1,
    1,
    1,
    1,
    1,
    1,
    1,
    1,
    1,
    1,
    1,
    1,
    1,
    1,
    1,
    1,
    1,
    1,
    1,
    1,
    1,
    1,
    1,
    1,
    1,
    1,
    1,
    1,
    1,
    1,
    1,
    1,
    1,
    1,
    1,
    1,
    1,
    1,
    1,
    1,
    1,
    1,
    1,
    1,
    1,
    1,
    1,
    1,
    1,
    1,
    1,
    1,
    1,
    1,
    1,
    1,
    1,
    1,
    1,
    1,
    1,
    1,
    1,
    1,
    1,
    1,
    1,
    1,
    1,
    1,
    1,
    1,
    1,
    1,
    1,
    1,
    1,
    1,
    1,
    1,
    1,
    1,
    1,
    1,
    1,
    1,
    1,
    1,
    1,
    1,
    1,
    1,
    1,
    1,
    1,
    1,
    1,
    1,
    1,
    1,
    1,
    1,
    1,
    1,
    1,
    1,
    1,
    1,
    1,
    1,
    1,
    1,
    1,
    1,
    1,
    1,
    1,
    1,
    1,
    1,
    1,
    1,
    1,
    1,
    1,
    1,
    1,
    1,
    1,
    1
  ],
  "verification": {
    "initial_state_digest": "af78f30fabec15759f482fb2e427d39d5c032dd648e1349baa60157635f83b6f",
    "training_data_digest": "bde1a7c320e7a5c11bc761bf9cd78ac566d2876e7fa3c74fd2d3f6ec7b1915aa"
  }
}