{
  "regime": "continuous",
  "final_loss": 0.013035115785896778,
  "training_time": 89.74414038658142,
  "duty_cycle": 100.0,
  "epochs": 3000,
  "node_num": 16,
  "use_solar": false,
  "adaptive_reg": false,
  "losses": [
    1.3681350946426392,
    1.0058197975158691,
    0.9186304211616516,
    0.8437604308128357,
    0.786219596862793,
    0.7356441617012024,
    0.688679575920105,
    0.6418966054916382,
    0.5967819690704346,
    0.5550749897956848,
    0.5177017450332642,
    0.48517850041389465,
    0.45752954483032227,
    0.43364855647087097,
    0.41191086173057556,
    0.39119112491607666,
    0.3714855909347534,
    0.3547576069831848,
    0.34294313192367554,
    0.3328394293785095,
    0.32344719767570496,
    0.3151915967464447,
    0.3073287010192871,
    0.2996695637702942,
    0.2919299304485321,
    0.2837772071361542,
    0.274790495634079,
    0.26450568437576294,
    0.2528233826160431,
    0.24049584567546844,
    0.22894635796546936,
    0.2180502712726593,
    0.20728810131549835,
    0.19750097393989563,
    0.18730005621910095,
    0.1768973171710968,
    0.1659647673368454,
    0.15411320328712463,
    0.1413453072309494,
    0.12887994945049286,
    0.11636228859424591,
    0.10523626953363419,
    0.0952097550034523,
    0.08608745783567429,
    0.07758394628763199,
    0.0703701600432396,
    0.06362376362085342,
    0.0579523965716362,
    0.05313975363969803,
    0.04899195209145546,
    0.045548416674137115,
    0.04226073995232582,
    0.03956780955195427,
    0.03701052814722061,
    0.03477673977613449,
    0.033158671110868454,
    0.03114515170454979,
    0.02962421253323555,
    0.028154991567134857,
    0.02684902958571911,
    0.025709059089422226,
    0.024698838591575623,
    0.02506706491112709,
    0.022941231727600098,
    0.02231709472835064,
    0.021568037569522858,
    0.020934537053108215,
    0.020368997007608414,
    0.019971637055277824,
    0.019447535276412964,
    0.019076187163591385,
    0.018652794882655144,
    0.018258459866046906,
    0.01793849654495716,
    0.019176457077264786,
    0.01759253814816475,
    0.017203202471137047,
    0.016915980726480484,
    0.01669100672006607,
    0.016481585800647736,
    0.016276104375720024,
    0.01609458401799202,
    0.015923209488391876,
    0.015763871371746063,
    0.015614654868841171,
    0.015487950295209885,
    0.017344964668154716,
    0.015834376215934753,
    0.015292994678020477,
    0.015059426426887512,
    0.014960724860429764,
    0.014880284667015076,
    0.01486345287412405,
    0.016216609627008438,
    0.014750652946531773,
    0.014765534549951553,
    0.01457497850060463,
    0.014533073641359806,
    0.01448066346347332,
    0.01443123072385788,
    0.014389730989933014,
    0.01435133907943964,
    0.014314662665128708,
    0.014279766008257866,
    0.014246557839214802,
    0.014216369949281216,
    0.014340674504637718,
    0.014988765120506287,
    0.014284790493547916,
    0.014237795025110245,
    0.014120261184871197,
    0.01407563965767622,
    0.014041710644960403,
    0.014012753963470459,
    0.01398980151861906,
    0.013969717547297478,
    0.013971279375255108,
    0.014809958636760712,
    0.01434620562940836,
    0.014052774757146835,
    0.013884298503398895,
    0.013890610076487064,
    0.013860986568033695,
    0.014088783413171768,
    0.013858585618436337,
    0.013796808198094368,
    0.013784857466816902,
    0.01376812532544136,
    0.013753657229244709,
    0.013742798939347267,
    0.013725655153393745,
    0.013714815489947796,
    0.0137530118227005,
    0.014729177579283714,
    0.013913208618760109,
    0.01384875737130642,
    0.014229955151677132,
    0.013824926689267159,
    0.01370638981461525,
    0.01363484188914299,
    0.013616442680358887,
    0.013608943670988083,
    0.013606657274067402,
    0.01369586493819952,
    0.014501450583338737,
    0.013850189745426178,
    0.013669643551111221,
    0.013592133298516273,
    0.013557069003582,
    0.013541527092456818,
    0.013540666550397873,
    0.014061649329960346,
    0.013765373267233372,
    0.01375635713338852,
    0.013526092283427715,
    0.013539315201342106,
    0.013624431565403938,
    0.014044743031263351,
    0.013604585081338882,
    0.013481264933943748,
    0.01346619799733162,
    0.013490501791238785,
    0.013743950054049492,
    0.013613373041152954,
    0.013519076630473137,
    0.013482116162776947,
    0.01345282793045044,
    0.013561854138970375,
    0.013973483815789223,
    0.013508452102541924,
    0.013399375602602959,
    0.013421114534139633,
    0.01369192823767662,
    0.013621905818581581,
    0.013432469218969345,
    0.013440607115626335,
    0.013398089446127415,
    0.013373112305998802,
    0.013396099209785461,
    0.01416432112455368,
    0.013483129441738129,
    0.013488316908478737,
    0.013405168429017067,
    0.013355713337659836,
    0.01333605870604515,
    0.013326641172170639,
    0.013336651027202606,
    0.014050310477614403,
    0.013558407314121723,
    0.01331830583512783,
    0.013363523408770561,
    0.014313125051558018,
    0.013821417465806007,
    0.013396129012107849,
    0.013304052874445915,
    0.013304471969604492,
    0.013297024182975292,
    0.013430459424853325,
    0.014173738658428192,
    0.013573864474892616,
    0.013371629640460014,
    0.013298748061060905,
    0.013266220688819885,
    0.01324911043047905,
    0.013247186318039894,
    0.013240517117083073,
    0.0132366381585598,
    0.013236083090305328,
    0.013379249721765518,
    0.014717087149620056,
    0.01333727315068245,
    0.013434190303087234,
    0.013242272660136223,
    0.013235026970505714,
    0.013224411755800247,
    0.013298362493515015,
    0.013922818005084991,
    0.013321377336978912,
    0.01321591529995203,
    0.013198066502809525,
    0.013208966702222824,
    0.013281920924782753,
    0.01339486800134182,
    0.013274332508444786,
    0.013194961473345757,
    0.013171140104532242,
    0.01317630149424076,
    0.013294870033860207,
    0.015205123461782932,
    0.013237947598099709,
    0.013363966718316078,
    0.013183118775486946,
    0.013162055052816868,
    0.013152852654457092,
    0.0131455697119236,
    0.013139880262315273,
    0.013144654221832752,
    0.013430418446660042,
    0.013451477512717247,
    0.013286463916301727,
    0.0132095105946064,
    0.013125362806022167,
    0.013134017586708069,
    0.01311727799475193,
    0.013112135231494904,
    0.0131129901856184,
    0.013246223330497742,
    0.014516131952404976,
    0.01327267475426197,
    0.01314019225537777,
    0.013146329671144485,
    0.013111515901982784,
    0.013091575354337692,
    0.01308676227927208,
    0.013086799532175064,
    0.013229051604866982,
    0.014267878606915474,
    0.01322215236723423,
    0.013222670182585716,
    0.013094455003738403,
    0.013084694743156433,
    0.013064002618193626,
    0.013064015656709671,
    0.013060084544122219,
    0.013060048222541809,
    0.013140345923602581,
    0.014716245234012604,
    0.013629963621497154,
    0.013125265017151833,
    0.013047438114881516,
    0.013056758791208267,
    0.013046360574662685,
    0.013037800788879395,
    0.013032669201493263,
    0.013039987534284592,
    0.013631848618388176,
    0.013562473468482494,
    0.013077186420559883,
    0.013106602244079113,
    0.01302668359130621,
    0.013020861893892288,
    0.0130142942070961,
    0.013064968399703503,
    0.014360371977090836,
    0.013722713105380535,
    0.013022784143686295,
    0.013085976243019104,
    0.013039685785770416,
    0.013034534640610218,
    0.013206240721046925,
    0.013558529317378998,
    0.013121923431754112,
