{
  "regime": "passive",
  "final_loss": 0.01353701576590538,
  "training_time": 43.58914494514465,
  "duty_cycle": 50.0,
  "epochs": 3000,
  "node_num": 16,
  "use_solar": true,
  "adaptive_reg": false,
  "losses": [
    1.3681350946426392,
    1.0058197975158691,
    0.9186304211616516,
    0.8437604308128357,
    0.786219596862793,
    0.7356441617012024,
    0.688679575920105,
    0.6418966054916382,
    0.5967819690704346,
    0.5550749897956848,
    0.5177017450332642,
    0.48517850041389465,
    0.45752954483032227,
    0.43364855647087097,
    0.41191086173057556,
    0.39119112491607666,
    0.3714855909347534,
    0.3547576069831848,
    0.34294313192367554,
    0.3328394293785095,
    0.32344719767570496,
    0.3151915967464447,
    0.3073287010192871,
    0.2996695637702942,
    0.2919299304485321,
    0.2837772071361542,
    0.274790495634079,
    0.26450568437576294,
    0.2528233826160431,
    0.24049584567546844,
    0.22894635796546936,
    0.2180502712726593,
    0.20728810131549835,
    0.19750097393989563,
    0.18730005621910095,
    0.1768973171710968,
    0.1659647673368454,
    0.15411320328712463,
    0.1413453072309494,
    0.12887994945049286,
    0.11636228859424591,
    0.10523626953363419,
    0.0952097550034523,
    0.08608745783567429,
    0.07758394628763199,
    0.0703701600432396,
    0.06362376362085342,
    0.0579523965716362,
    0.05313975363969803,
    0.04899195209145546,
    0.045548416674137115,
    0.04226073995232582,
    0.03956780955195427,
    0.03701052814722061,
    0.03477673977613449,
    0.033158671110868454,
    0.03114515170454979,
    0.02962421253323555,
    0.028154991567134857,
    0.02684902958571911,
    0.025709059089422226,
    0.024698838591575623,
    0.02506706491112709,
    0.022941231727600098,
    0.02231709472835064,
    0.021568037569522858,
    0.020934537053108215,
    0.020368997007608414,
    0.019971637055277824,
    0.019447535276412964,
    0.019076187163591385,
    0.018652794882655144,
    0.018258459866046906,
    0.01793849654495716,
    0.019176457077264786,
    0.01759253814816475,
    0.017203202471137047,
    0.016915980726480484,
    0.01669100672006607,
    0.016481585800647736,
    0.016276104375720024,
    0.01609458401799202,
    0.015923209488391876,
    0.015763871371746063,
    0.015614654868841171,
    0.015487950295209885,
    0.017344964668154716,
    0.015834376215934753,
    0.015292994678020477,
    0.015059426426887512,
    0.014960724860429764,
    0.014880284667015076,
    0.01486345287412405,
    0.016216609627008438,
    0.014750652946531773,
    0.014765534549951553,
    0.01457497850060463,
    0.014533073641359806,
    0.01448066346347332,
    0.01443123072385788,
    0.014389730989933014,
    0.01435133907943964,
    0.014314662665128708,
    0.014279766008257866,
    0.014246557839214802,
    0.014216369949281216,
    0.014340674504637718,
    0.014988765120506287,
    0.014284790493547916,
    0.014237795025110245,
    0.014120261184871197,
    0.01407563965767622,
    0.014041710644960403,
    0.014012753963470459,
    0.01398980151861906,
    0.013969717547297478,
    0.013971279375255108,
    0.014809958636760712,
    0.01434620562940836,
    0.014052774757146835,
    0.013884298503398895,
    0.013890610076487064,
    0.013860986568033695,
    0.014088783413171768,
    0.013858585618436337,
    0.013796808198094368,
    0.013784857466816902,
    0.01376812532544136,
    0.013753657229244709,
    0.013742798939347267,
    0.013725655153393745,
    0.013714815489947796,
    0.0137530118227005,
    0.014729177579283714,
    0.013913208618760109,
    0.01384875737130642,
    0.014229955151677132,
    0.013824926689267159,
    0.01370638981461525,
    0.01363484188914299,
    0.013616442680358887,
    0.013608943670988083,
    0.013606657274067402,
    0.01369586493819952,
    0.014501450583338737,
    0.013850189745426178,
    0.013669643551111221,
    0.013592133298516273,
    0.013557069003582,
    0.013541527092456818
  ],
  "duty_log": [
    1,
    1,
    1,
    1,
    1,
    1,
    1,
    1,
    1,
    1,
    1,
    1,
    1,
    1,
    1,
    1,
    1,
    1,
    1,
    1,
    1,
    1,
    1,
    1,
    1,
    1,
    1,
    1,
    1,
    1,
    1,
    1,
    1,
    1,
    1,
    1,
    1,
    1,
    1,
    1,
    1,
    1,
    1,
    1,
    1,
    1,
    1,
    1,
    1,
    1,
    1,
    1,
    1,
    1,
    1,
    1,
    1,
    1,
    1,
    1,
    1,
    1,
    1,
    1,
    1,
    1,
    1,
    1,
    1,
    1,
    1,
    1,
    1,
    1,
    1,
    1,
    1,
    1,
    1,
    1,
    1,
    1,
    1,
    1,
    1,
    1,
    1,
    1,
    1,
    1,
    1,
    1,
    1,
    1,
    1,
    1,
    1,
    1,
    1,
    1,
    1,
    1,
    1,
    1,
    1,
    1,
    1,
    1,
    1,
    1,
    1,
    1,
    1,
    1,
    1,
    1,
    1,
    1,
    1,
    1,
    1,
    1,
    1,
    1,
    1,
    1,
    1,
    1,
    1,
    1,
    1,
    1,
    1,
    1,
    1,
    1,
    1,
    1,
    1,
    1,
    1,
    1,
    1,
    1,
    1,
    1,
    1,
    1,
    1,
    1,
    1,
    1,
    1,
    1,
    1,
    1,
    1,
    1,
    1,
    1,
    1,
    1,
    1,
    1,
    1,
    1,
    1,
    1,
    1,
    1,
    1,
    1,
    1,
    1,
    1,
    1,
    1,
    1,
    1,
    1,
    1,
    1,
    1,
    1,
    1,
    1,
    1,
    1,
    1,
    1,
    1,
    1,
    1,
    1,
    1,
    1,
    1,
    1,
    1,
    1,
    1,
    1,
    1,
    1,
    1,
    1,
    1,
    1,
    1,
    1,
    1,
    1,
    1,
    1,
    1,
    1,
    1,
    1,
    1,
    1,
    1,
    1,
    1,
    1,
    1,
    1,
    1,
    1,
    1,
    1,
    1,
    1,
    1,
    1,
    1,
    1,
    1,
    1,
    1,
    1,
    1,
    1,
    1,
    1,
    1,
    1,
    1,
    1,
    1,
    1,
    1,
    1,
    1,
    1,
    1,
    1,
    1,
    1,
    1,
    1,
    1,
    1,
    1,
    1,
    1,
    1,
    1,
    1,
    1,
    1,
    1,
    1,
    1,
    1,
    1,
    1,
    1,
    1,
    1,
    1,
    1,
    1,
    1,
    1,
    1,
    1,
    1,
    1,
    1,
    1,
    1,
    1,
    1,
    1,
    1,
    1,
    1,
    1,
    1,
    1
  ],
  "verification": {
    "initial_state_digest": "af78f30fabec15759f482fb2e427d39d5c032dd648e1349baa60157635f83b6f",
    "training_data_digest": "bde1a7c320e7a5c11bc761bf9cd78ac566d2876e7fa3c74fd2d3f6ec7b1915aa"
  }
}