{
  "regime": "active",
  "final_loss": 0.005809846334159374,
  "training_time": 2.0421032905578613,
  "duty_cycle": 50.0,
  "epochs": 3000,
  "use_solar": true,
  "adaptive_reg": true,
  "losses": [
    0.1932692527770996,
    0.019784847274422646,
    0.01185708399862051,
    0.010993908159434795,
    0.009610415436327457,
    0.009295493364334106,
    0.009299532510340214,
    0.009282571263611317,
    0.009255495853722095,
    0.009240362793207169,
    0.00924005825072527,
    0.009242415428161621,
    0.009243485517799854,
    0.009244532324373722,
    0.009244794026017189,
    0.009244192391633987,
    0.00924273394048214,
    0.009240417741239071,
    0.009237278252840042,
    0.009233345277607441,
    0.00922864768654108,
    0.009223212487995625,
    0.009217062965035439,
    0.009210223332047462,
    0.009202715009450912,
    0.009194554761052132,
    0.00918576493859291,
    0.009176358580589294,
    0.0091663533821702,
    0.009155763313174248,
    0.009144604206085205,
    0.009132886305451393,
    0.00912062544375658,
    0.009107832796871662,
    0.009094521403312683,
    0.00908069871366024,
    0.009066380560398102,
    0.009051572531461716,
    0.009036286734044552,
    0.009020533412694931,
    0.009004323743283749,
    0.008987661451101303,
    0.008970561437308788,
    0.008953027427196503,
    0.008935070596635342,
    0.008916700258851051,
    0.008897922933101654,
    0.008878747932612896,
    0.00885917991399765,
    0.008839229121804237,
    0.008818904869258404,
    0.008798209950327873,
    0.008777156472206116,
    0.008755749091506004,
    0.008733994327485561,
    0.008711899630725384,
    0.008689471520483494,
    0.008666717447340488,
    0.008643644861876965,
    0.008620258420705795,
    0.008596564643085003,
    0.008572570979595184,
    0.008548283018171787,
    0.00852370634675026,
    0.008498846553266048,
    0.008473711088299751,
    0.00844830647110939,
    0.008422636426985264,
    0.00839670468121767,
    0.008370522409677505,
    0.008344089612364769,
    0.008317415602505207,
    0.008290502242743969,
    0.0082633588463068,
    0.008235988207161427,
    0.00820839498192072,
    0.008180583827197552,
    0.00815256405621767,
    0.008124335668981075,
    0.008095904253423214,
    0.008067273534834385,
    0.008038453757762909,
    0.008009443990886211,
    0.00798025168478489,
    0.007950878702104092,
    0.007921334356069565,
    0.007891618646681309,
    0.007861737161874771,
    0.007831696420907974,
    0.007801496889442205,
    0.007771146018058062,
    0.007740645669400692,
    0.007710001897066832,
    0.0076792179606854916,
    0.00764829758554697,
    0.007617246359586716,
    0.007586066145449877,
    0.007554761599749327,
    0.007523337844759226,
    0.0074917967431247234,
    0.007460143882781267,
    0.007428381126374006,
    0.007396514993160963,
    0.007364545948803425,
    0.007332479581236839,
    0.007300317753106356,
    0.007268067914992571,
    0.007235728669911623,
    0.007203307934105396,
    0.007170804776251316,
    0.007138227112591267,
    0.007105574011802673,
    0.0070728519931435585,
    0.007040062453597784,
    0.00700721051543951,
    0.006974296644330025,
    0.006941326893866062,
    0.00690830172970891,
    0.006875226739794016,
    0.006842103321105242,
    0.006808935198932886,
    0.00677572563290596,
    0.006742475554347038,
    0.006709190551191568,
    0.0066758724860847,
    0.006642524152994156,
    0.006609148345887661,
    0.006575746927410364,
    0.0065423245541751385,
    0.006508881226181984,
    0.006475422531366348,
    0.006441948004066944,
    0.006408464163541794,
    0.00637497054412961,
    0.006341470871120691,
    0.006307965610176325,
    0.006274460349231958,
    0.006240956485271454,
    0.0062074544839560986,
    0.006173958536237478,
    0.006140471436083317,
    0.006106992717832327,
    0.006073527969419956,
    0.006040078587830067,
    0.006006645504385233,
    0.0059732310473918915,
    0.0059398384764790535,
    0.005906467325985432,
    0.005873123649507761,
    0.0058398060500621796
  ],
  "duty_log": [
    1,
    1,
    1,
    1,
    1,
    1,
    1,
    1,
    1,
    1,
    1,
    1,
    1,
    1,
    1,
    1,
    1,
    1,
    1,
    1,
    1,
    1,
    1,
    1,
    1,
    1,
    1,
    1,
    1,
    1,
    1,
    1,
    1,
    1,
    1,
    1,
    1,
    1,
    1,
    1,
    1,
    1,
    1,
    1,
    1,
    1,
    1,
    1,
    1,
    1,
    1,
    1,
    1,
    1,
    1,
    1,
    1,
    1,
    1,
    1,
    1,
    1,
    1,
    1,
    1,
    1,
    1,
    1,
    1,
    1,
    1,
    1,
    1,
    1,
    1,
    1,
    1,
    1,
    1,
    1,
    1,
    1,
    1,
    1,
    1,
    1,
    1,
    1,
    1,
    1,
    1,
    1,
    1,
    1,
    1,
    1,
    1,
    1,
    1,
    1,
    1,
    1,
    1,
    1,
    1,
    1,
    1,
    1,
    1,
    1,
    1,
    1,
    1,
    1,
    1,
    1,
    1,
    1,
    1,
    1,
    1,
    1,
    1,
    1,
    1,
    1,
    1,
    1,
    1,
    1,
    1,
    1,
    1,
    1,
    1,
    1,
    1,
    1,
    1,
    1,
    1,
    1,
    1,
    1,
    1,
    1,
    1,
    1,
    1,
    1,
    1,
    1,
    1,
    1,
    1,
    1,
    1,
    1,
    1,
    1,
    1,
    1,
    1,
    1,
    1,
    1,
    1,
    1,
    1,
    1,
    1,
    1,
    1,
    1,
    1,
    1,
    1,
    1,
    1,
    1,
    1,
    1,
    1,
    1,
    1,
    1,
    1,
    1,
    1,
    1,
    1,
    1,
    1,
    1,
    1,
    1,
    1,
    1,
    1,
    1,
    1,
    1,
    1,
    1,
    1,
    1,
    1,
    1,
    1,
    1,
    1,
    1,
    1,
    1,
    1,
    1,
    1,
    1,
    1,
    1,
    1,
    1,
    1,
    1,
    1,
    1,
    1,
    1,
    1,
    1,
    1,
    1,
    1,
    1,
    1,
    1,
    1,
    1,
    1,
    1,
    1,
    1,
    1,
    1,
    1,
    1,
    1,
    1,
    1,
    1,
    1,
    1,
    1,
    1,
    1,
    1,
    1,
    1,
    1,
    1,
    1,
    1,
    1,
    1,
    1,
    1,
    1,
    1,
    1,
    1,
    1,
    1,
    1,
    1,
    1,
    1,
    1,
    1,
    1,
    1,
    1,
    1,
    1,
    1,
    1,
    1,
    1,
    1,
    1,
    1,
    1,
    1,
    1,
    1,
    1,
    1,
    1,
    1,
    1,
    1
  ],
  "verification": {
    "initial_state_digest": "29ce991edb148b062d4e48cff457023103d4b851d88102f13a4b04573fa4e3d8",
    "training_data_digest": "49b649b90022425464edb4b1be04c5562b07f69a4415eff8e2608684142c7527"
  }
}