{
  "regime": "continuous",
  "final_loss": 0.0016466054366901517,
  "training_time": 4.244363784790039,
  "duty_cycle": 100.0,
  "epochs": 3000,
  "use_solar": false,
  "adaptive_reg": false,
  "losses": [
    0.1932692527770996,
    0.019754501059651375,
    0.011796550825238228,
    0.010903374291956425,
    0.009490053169429302,
    0.009145478717982769,
    0.009120090864598751,
    0.009073927998542786,
    0.009017879143357277,
    0.008974039927124977,
    0.008945312350988388,
    0.008919529616832733,
    0.008892756886780262,
    0.0088662626221776,
    0.008839297108352184,
    0.008811785839498043,
    0.008783740922808647,
    0.008755167946219444,
    0.008726105093955994,
    0.008696586824953556,
    0.008666645735502243,
    0.008636312559247017,
    0.008605613373219967,
    0.00857457797974348,
    0.008543222211301327,
    0.008511572144925594,
    0.00847964733839035,
    0.008447465486824512,
    0.008415043354034424,
    0.008382398635149002,
    0.008349543437361717,
    0.008316491730511189,
    0.008283260278403759,
    0.0082498574629426,
    0.008216296322643757,
    0.008182588033378124,
    0.008148742839694023,
    0.0081147700548172,
    0.008080679923295975,
    0.008046481758356094,
    0.008012182079255581,
    0.00797779019922018,
    0.00794331356883049,
    0.007908761501312256,
    0.0078741405159235,
    0.007839453406631947,
    0.007804711349308491,
    0.007769920863211155,
    0.007735086139291525,
    0.007700212765485048,
    0.007665306329727173,
    0.007630373816937208,
    0.00759541941806674,
    0.007560448255389929,
    0.0075254677794873714,
    0.007490478456020355,
    0.0074554868042469025,
    0.007420497480779886,
    0.00738551514223218,
    0.007350543513894081,
    0.007315586321055889,
    0.0072806463576853275,
    0.007245728746056557,
    0.007210837677121162,
    0.007175974547863007,
    0.007141145411878824,
    0.007106350734829903,
    0.007071593776345253,
    0.00703688059002161,
    0.007002211641520262,
    0.006967588793486357,
    0.006933016702532768,
    0.0068984972313046455,
    0.006864033639431,
    0.006829626392573118,
    0.006795280147343874,
    0.006760995835065842,
    0.0067267753183841705,
    0.006692621856927872,
    0.006658536847680807,
    0.006624523550271988,
    0.006590580102056265,
    0.006556712556630373,
    0.006522921845316887,
    0.006489207968115807,
    0.006455572787672281,
    0.0064220186322927475,
    0.006388547830283642,
    0.006355160381644964,
    0.006321858614683151,
    0.0062886434607207775,
    0.00625551538541913,
    0.006222478114068508,
    0.006189530715346336,
    0.0061566755175590515,
    0.006123912986367941,
    0.006091244053095579,
    0.00605867151170969,
    0.006026193033903837,
    0.005993812810629606,
    0.0059615313075482845,
    0.00592934712767601,
    0.005897263530641794,
    0.005865280516445637,
    0.0058333994820714,
    0.005801619961857796,
    0.005769943818449974,
    0.005738371051847935,
    0.005706903524696827,
    0.005675539840012789,
    0.005644282791763544,
    0.0056131319142878056,
    0.0055820876732468605,
    0.005551151465624571,
    0.005520323757082224,
    0.00548960268497467,
    0.005458992440253496,
    0.005428490228950977,
    0.005398097913712263,
    0.00536781782284379,
    0.005337647162377834,
    0.005307587794959545,
    0.005277640651911497,
    0.005247803404927254,
    0.005218080710619688,
    0.005188469309359789,
    0.005158970598131418,
    0.005129584576934576,
    0.005100313574075699,
    0.005071153864264488,
    0.005042109172791243,
    0.005013177637010813,
    0.004984361119568348,
    0.004955657757818699,
    0.0049270689487457275,
    0.004898596089333296,
    0.004870236851274967,
    0.004841992165893316,
    0.004813863430172205,
    0.004785848781466484,
    0.004757950082421303,
    0.004730165004730225,
    0.004702495876699686,
    0.004674942698329687,
    0.004647504072636366,
    0.004620179999619722,
    0.004592972807586193,
    0.0045658801682293415,
    0.004538902547210455,
    0.004512039944529533,
    0.004485292360186577,
    0.004458660259842873,
    0.004432143177837133,
    0.004405742045491934,
    0.004379453137516975,
    0.0043532815761864185,
    0.004327224101871252,
    0.004301281180232763,
    0.004275452345609665,
    0.0042497385293245316,
    0.004224137868732214,
    0.004198652692139149,
    0.004173280671238899,
    0.0041480218060314655,
    0.004122877959161997,
    0.004097846802324057,
    0.004072928801178932,
    0.004048124887049198,
    0.00402343412861228,
    0.0039988551288843155,
    0.003974389284849167,
    0.003950036130845547,
    0.003925794269889593,
    0.0039016655646264553,
    0.0038776479195803404,
    0.003853741567581892,
    0.003829947207123041,
    0.003806262742727995,
    0.00378269050270319,
    0.0037592281587421894,
    0.003735876176506281,
    0.0037126350216567516,
    0.0036895028315484524,
    0.0036664812359958887,
    0.0036435683723539114,
    0.0036207647062838078,
    0.003598070004954934,
    0.003575484035536647,
    0.003553005401045084,
    0.003530636429786682,
    0.0035083736293017864,
    0.0034862193278968334,
    0.0034641718957573175,
    0.003442231332883239,
    0.00342039717361331,
    0.003398669883608818,
    0.003377048298716545,
    0.0033555321861058474,
    0.003334122011438012,
    0.0033128168433904648,
    0.0032916159834712744,
    0.003270519897341728,
    0.003249528119340539,
    0.003228640416637063,
    0.0032078558579087257,
    0.0031871753744781017,
    0.0031665966380387545,
    0.003146121744066477,
    0.0031257488299161196,
    0.003105477662757039,
    0.0030853082425892353,
    0.0030652405694127083,
    0.0030452737119048834,
    0.0030254076700657606,
    0.003005641745403409,
    0.002985976170748472,
    0.002966410480439663,
    0.002946944208815694,
    0.0029275768902152777,
    0.0029083082918077707,
    0.0028891381807625294,
    0.0028700665570795536,
    0.0028510920237749815,
    0.0028322155121713877,
    0.0028134360909461975,
    0.0027947535272687674,
    0.0027761668898165226,
    0.002757677109912038,
    0.0027392825577408075,
    0.0027209841646254063,
    0.0027027803007513285,
    0.0026846714317798615,
    0.0026666573248803616,
    0.002648737048730254,
    0.002630910836160183,
    0.0026131775230169296,
    0.002595538506284356,
    0.0025779912248253822,
    0.0025605368427932262,
    0.002543174894526601,
    0.002525903983041644,
    0.0025087252724915743,
    0.002491637598723173,
    0.0024746402632445097,
    0.0024577341973781586,
    0.002440917771309614,
    0.0024241916835308075,
    0.0024075547698885202,
    0.0023910067975521088,
    0.002374547766521573,
    0.002358176978304982,
    0.0023418953642249107,
    0.002325700828805566,
    0.002309593837708235,
    0.002293574158102274,
    0.0022776415571570396,
    0.002261795336380601,
    0.0022460350301116705,
    0.0022303611040115356,
    0.0022147721610963345,
    0.002199268899857998,
    0.002183850621804595,
    0.002168516628444195,
    0.0021532669197767973,
    0.0021381014958024025,
    0.002123019192367792,
    0.002108020707964897,
    0.0020931048784404993,
    0.0020782717037945986,
    0.002063521184027195,
    0.002048852387815714,
    0.0020342650823295116,
    0.0020197597332298756,
    0.0020053347107023,
    0.0019909909460693598,
    0.0019767272751778364,
    0.0019625439308583736,
    0.0019484403310343623,
    0.0019344164757058024,
    0.0019204718992114067,
    0.0019066055538132787,
    0.0018928180215880275,
    0.0018791088368743658,
    0.0018654776504263282,
    0.0018519239965826273,
    0.0018384478753432631,
