{
  "regime": "passive",
  "final_loss": 0.004487961996346712,
  "training_time": 2.07309889793396,
  "duty_cycle": 50.0,
  "epochs": 3000,
  "use_solar": true,
  "adaptive_reg": false,
  "losses": [
    0.1932692527770996,
    0.019754501059651375,
    0.011796550825238228,
    0.010903374291956425,
    0.009490053169429302,
    0.009145478717982769,
    0.009120090864598751,
    0.009073927998542786,
    0.009017879143357277,
    0.008974039927124977,
    0.008945312350988388,
    0.008919529616832733,
    0.008892756886780262,
    0.0088662626221776,
    0.008839297108352184,
    0.008811785839498043,
    0.008783740922808647,
    0.008755167946219444,
    0.008726105093955994,
    0.008696586824953556,
    0.008666645735502243,
    0.008636312559247017,
    0.008605613373219967,
    0.00857457797974348,
    0.008543222211301327,
    0.008511572144925594,
    0.00847964733839035,
    0.008447465486824512,
    0.008415043354034424,
    0.008382398635149002,
    0.008349543437361717,
    0.008316491730511189,
    0.008283260278403759,
    0.0082498574629426,
    0.008216296322643757,
    0.008182588033378124,
    0.008148742839694023,
    0.0081147700548172,
    0.008080679923295975,
    0.008046481758356094,
    0.008012182079255581,
    0.00797779019922018,
    0.00794331356883049,
    0.007908761501312256,
    0.0078741405159235,
    0.007839453406631947,
    0.007804711349308491,
    0.007769920863211155,
    0.007735086139291525,
    0.007700212765485048,
    0.007665306329727173,
    0.007630373816937208,
    0.00759541941806674,
    0.007560448255389929,
    0.0075254677794873714,
    0.007490478456020355,
    0.0074554868042469025,
    0.007420497480779886,
    0.00738551514223218,
    0.007350543513894081,
    0.007315586321055889,
    0.0072806463576853275,
    0.007245728746056557,
    0.007210837677121162,
    0.007175974547863007,
    0.007141145411878824,
    0.007106350734829903,
    0.007071593776345253,
    0.00703688059002161,
    0.007002211641520262,
    0.006967588793486357,
    0.006933016702532768,
    0.0068984972313046455,
    0.006864033639431,
    0.006829626392573118,
    0.006795280147343874,
    0.006760995835065842,
    0.0067267753183841705,
    0.006692621856927872,
    0.006658536847680807,
    0.006624523550271988,
    0.006590580102056265,
    0.006556712556630373,
    0.006522921845316887,
    0.006489207968115807,
    0.006455572787672281,
    0.0064220186322927475,
    0.006388547830283642,
    0.006355160381644964,
    0.006321858614683151,
    0.0062886434607207775,
    0.00625551538541913,
    0.006222478114068508,
    0.006189530715346336,
    0.0061566755175590515,
    0.006123912986367941,
    0.006091244053095579,
    0.00605867151170969,
    0.006026193033903837,
    0.005993812810629606,
    0.0059615313075482845,
    0.00592934712767601,
    0.005897263530641794,
    0.005865280516445637,
    0.0058333994820714,
    0.005801619961857796,
    0.005769943818449974,
    0.005738371051847935,
    0.005706903524696827,
    0.005675539840012789,
    0.005644282791763544,
    0.0056131319142878056,
    0.0055820876732468605,
    0.005551151465624571,
    0.005520323757082224,
    0.00548960268497467,
    0.005458992440253496,
    0.005428490228950977,
    0.005398097913712263,
    0.00536781782284379,
    0.005337647162377834,
    0.005307587794959545,
    0.005277640651911497,
    0.005247803404927254,
    0.005218080710619688,
    0.005188469309359789,
    0.005158970598131418,
    0.005129584576934576,
    0.005100313574075699,
    0.005071153864264488,
    0.005042109172791243,
    0.005013177637010813,
    0.004984361119568348,
    0.004955657757818699,
    0.0049270689487457275,
    0.004898596089333296,
    0.004870236851274967,
    0.004841992165893316,
    0.004813863430172205,
    0.004785848781466484,
    0.004757950082421303,
    0.004730165004730225,
    0.004702495876699686,
    0.004674942698329687,
    0.004647504072636366,
    0.004620179999619722,
    0.004592972807586193,
    0.0045658801682293415,
    0.004538902547210455,
    0.004512039944529533
  ],
  "duty_log": [
    1,
    1,
    1,
    1,
    1,
    1,
    1,
    1,
    1,
    1,
    1,
    1,
    1,
    1,
    1,
    1,
    1,
    1,
    1,
    1,
    1,
    1,
    1,
    1,
    1,
    1,
    1,
    1,
    1,
    1,
    1,
    1,
    1,
    1,
    1,
    1,
    1,
    1,
    1,
    1,
    1,
    1,
    1,
    1,
    1,
    1,
    1,
    1,
    1,
    1,
    1,
    1,
    1,
    1,
    1,
    1,
    1,
    1,
    1,
    1,
    1,
    1,
    1,
    1,
    1,
    1,
    1,
    1,
    1,
    1,
    1,
    1,
    1,
    1,
    1,
    1,
    1,
    1,
    1,
    1,
    1,
    1,
    1,
    1,
    1,
    1,
    1,
    1,
    1,
    1,
    1,
    1,
    1,
    1,
    1,
    1,
    1,
    1,
    1,
    1,
    1,
    1,
    1,
    1,
    1,
    1,
    1,
    1,
    1,
    1,
    1,
    1,
    1,
    1,
    1,
    1,
    1,
    1,
    1,
    1,
    1,
    1,
    1,
    1,
    1,
    1,
    1,
    1,
    1,
    1,
    1,
    1,
    1,
    1,
    1,
    1,
    1,
    1,
    1,
    1,
    1,
    1,
    1,
    1,
    1,
    1,
    1,
    1,
    1,
    1,
    1,
    1,
    1,
    1,
    1,
    1,
    1,
    1,
    1,
    1,
    1,
    1,
    1,
    1,
    1,
    1,
    1,
    1,
    1,
    1,
    1,
    1,
    1,
    1,
    1,
    1,
    1,
    1,
    1,
    1,
    1,
    1,
    1,
    1,
    1,
    1,
    1,
    1,
    1,
    1,
    1,
    1,
    1,
    1,
    1,
    1,
    1,
    1,
    1,
    1,
    1,
    1,
    1,
    1,
    1,
    1,
    1,
    1,
    1,
    1,
    1,
    1,
    1,
    1,
    1,
    1,
    1,
    1,
    1,
    1,
    1,
    1,
    1,
    1,
    1,
    1,
    1,
    1,
    1,
    1,
    1,
    1,
    1,
    1,
    1,
    1,
    1,
    1,
    1,
    1,
    1,
    1,
    1,
    1,
    1,
    1,
    1,
    1,
    1,
    1,
    1,
    1,
    1,
    1,
    1,
    1,
    1,
    1,
    1,
    1,
    1,
    1,
    1,
    1,
    1,
    1,
    1,
    1,
    1,
    1,
    1,
    1,
    1,
    1,
    1,
    1,
    1,
    1,
    1,
    1,
    1,
    1,
    1,
    1,
    1,
    1,
    1,
    1,
    1,
    1,
    1,
    1,
    1,
    1,
    1,
    1,
    1,
    1,
    1,
    1
  ],
  "verification": {
    "initial_state_digest": "29ce991edb148b062d4e48cff457023103d4b851d88102f13a4b04573fa4e3d8",
    "training_data_digest": "49b649b90022425464edb4b1be04c5562b07f69a4415eff8e2608684142c7527"
  }
}