{
  "seeds": [
    7270,
    860,
    5390,
    5191,
    5734,
    6265,
    466,
    4426,
    5578,
    8322
  ],
  "kappas": [
    0.0,
    0.5,
    1.0,
    1.5,
    2.0
  ],
  "continuous_per_seed_mse": [
    0.08303172141313553,
    0.09303101897239685,
    0.0792003646492958,
    0.088682621717453,
    0.08264369517564774,
    0.08391451835632324,
    0.08687853813171387,
    0.086343914270401,
    0.08449052274227142,
    0.08181530982255936
  ],
  "continuous_mean_mse": 0.08500322252511978,
  "kappa_results": {
    "0.0": {
      "mean_delta_pct": -8.608283956701532,
      "ci_lo": -10.701455803157303,
      "ci_hi": -6.593306166566193,
      "per_seed_mse": [
        0.07850539684295654,
        0.08040536195039749,
        0.0764450803399086,
        0.07894367724657059,
        0.0761333778500557,
        0.07994543761014938,
        0.07900039851665497,
        0.07709718495607376,
        0.0766177698969841,
        0.0737653523683548
      ],
      "per_seed_delta_pct": [
        -5.324885852229174,
        -14.853151029972164,
        -3.241388064520704,
        -11.45714736638885,
        -7.658906488713578,
        -4.669329736294331,
        -9.268048176327415,
        -10.878092664774782,
        -9.261711040379442,
        -9.470179147414877
      ]
    },
    "0.5": {
      "mean_delta_pct": -9.15989263647066,
      "ci_lo": -11.311657111615474,
      "ci_hi": -7.17912707556322,
      "per_seed_mse": [
        0.0774625837802887,
        0.07926870882511139,
        0.07588315010070801,
        0.07862492650747299,
        0.07556293904781342,
        0.07960904389619827,
        0.07829927653074265,
        0.07790600508451462,
        0.07617118209600449,
        0.07338237017393112
      ],
      "per_seed_delta_pct": [
        -6.551678239258593,
        -16.19033930533455,
        -3.9024574010797184,
        -11.83213401939886,
        -8.329985519951135,
        -5.065072043418865,
        -10.09286630096396,
        -9.92657564646193,
        -9.787088535153407,
        -9.920729353685584
      ]
    },
    "1.0": {
      "mean_delta_pct": -9.832438061683456,
      "ci_lo": -12.329647640165396,
      "ci_hi": -7.445053043230295,
      "per_seed_mse": [
        0.07885444909334183,
        0.07821495085954666,
        0.0755520612001419,
        0.07729166746139526,
        0.07499542087316513,
        0.07927514612674713,
        0.07769843935966492,
        0.07583525031805038,
        0.0757303312420845,
        0.07300561666488647
      ],
      "per_seed_delta_pct": [
        -4.9142517138797315,
        -17.43000756056255,
        -4.291958987879276,
        -13.400614609277353,
        -8.997628648987302,
        -5.457878056570271,
        -10.799706763277223,
        -12.362665367474913,
        -10.305716936317499,
        -10.363951972608426
      ]
    },
    "1.5": {
      "mean_delta_pct": -10.454782501518064,
      "ci_lo": -12.785609874481409,
      "ci_hi": -8.29829729834484,
      "per_seed_mse": [
        0.076424740254879,
        0.07778330892324448,
        0.07512582093477249,
        0.07789834588766098,
        0.07451038807630539,
        0.07894540578126907,
        0.07720599323511124,
        0.07533027976751328,
        0.07530763745307922,
        0.07263128459453583
      ],
      "per_seed_delta_pct": [
        -7.772624333511667,
        -17.937802351724297,
        -4.793399112979775,
        -12.686902342561307,
        -9.568233836004072,
        -5.845793168118677,
        -11.379033181647017,
        -12.95672584605016,
        -10.802984894459163,
        -10.804325948124504
      ]
    },
    "2.0": {
      "mean_delta_pct": -11.341669498218213,
      "ci_lo": -14.072014200548736,
      "ci_hi": -8.874478419966016,
      "per_seed_mse": [
        0.0759592056274414,
        0.0758710578083992,
        0.07476257532835007,
        0.07589536905288696,
        0.07435953617095947,
        0.07862108200788498,
        0.07605989277362823,
        0.07491359859704971,
        0.07491473108530045,
        0.0722673311829567
      ],
      "per_seed_delta_pct": [
        -8.320291367311496,
        -20.18742425785871,
        -5.220730684221182,
        -15.043256343354756,
        -9.74569993771726,
        -6.227336083492563,
        -12.72733554882411,
        -13.44692040348641,
        -11.265210156169294,
        -11.23249019974635
      ]
    }
  }
}