{
  "regime": "active",
  "final_loss": 0.0027046161703765392,
  "training_time": 2.079535722732544,
  "duty_cycle": 50.0,
  "epochs": 3000,
  "use_solar": true,
  "adaptive_reg": true,
  "losses": [
    0.04832957312464714,
    0.012257654219865799,
    0.01101713813841343,
    0.009177949279546738,
    0.008650805801153183,
    0.008683580905199051,
    0.008583986200392246,
    0.008527293801307678,
    0.008484091609716415,
    0.008438115008175373,
    0.008392099291086197,
    0.008345461450517178,
    0.0082972701638937,
    0.008248207159340382,
    0.008198283612728119,
    0.008147621527314186,
    0.008096367120742798,
    0.008044635877013206,
    0.007992527447640896,
    0.007940130308270454,
    0.00788752268999815,
    0.00783476885408163,
    0.007781929802149534,
    0.007729056756943464,
    0.007676196284592152,
    0.007623385637998581,
    0.007570656482130289,
    0.0075180428102612495,
    0.00746556743979454,
    0.007413253653794527,
    0.007361120544373989,
    0.007309182547032833,
    0.007257456425577402,
    0.007205951493233442,
    0.007154678460210562,
    0.00710364431142807,
    0.007052857428789139,
    0.007002322468906641,
    0.006952041760087013,
    0.006902022287249565,
    0.006852262187749147,
    0.006802765652537346,
    0.0067535326816141605,
    0.006704564206302166,
    0.006655859760940075,
    0.006607419811189175,
    0.006559240631759167,
    0.006511322222650051,
    0.0064636641182005405,
    0.006416264455765486,
    0.006369119044393301,
    0.006322227884083986,
    0.006275589112192392,
    0.0062291985377669334,
    0.006183054763823748,
    0.006137155462056398,
    0.006091497838497162,
    0.006046080030500889,
    0.006000896915793419,
    0.005955950357019901,
    0.005911235697567463,
    0.005866749212145805,
    0.0058224922977387905,
    0.005778459832072258,
    0.00573468953371048,
    0.0056911068968474865,
    0.005647724028676748,
    0.0056045567616820335,
    0.005561607424169779,
    0.005518872756510973,
    0.0054763504303991795,
    0.005434039514511824,
    0.00539193581789732,
    0.005350038874894381,
    0.005308347754180431,
    0.005266859661787748,
    0.005225572735071182,
    0.005184487905353308,
    0.005143601913005114,
    0.0051029156893491745,
    0.005062425509095192,
    0.00502213416621089,
    0.004982036538422108,
    0.004942134954035282,
    0.004902427550405264,
    0.00486291479319334,
    0.004823594354093075,
    0.004784467164427042,
    0.004745531361550093,
    0.004706787411123514,
    0.004668234847486019,
    0.00462987320497632,
    0.004591702483594418,
    0.0045537217520177364,
    0.004515932872891426,
    0.004478331655263901,
    0.004440921358764172,
    0.004403700120747089,
    0.004366669338196516,
    0.004329827148467302,
    0.00429317494854331,
    0.004256711341440678,
    0.004220437258481979,
    0.004184352699667215,
    0.004148456733673811,
    0.0041127498261630535,
    0.004077232908457518,
    0.004041905049234629,
    0.004006766248494387,
    0.003971816506236792,
    0.003937056288123131,
    0.0039024848956614733,
    0.0038681034930050373,
    0.0038339109160006046,
    0.003799908794462681,
    0.003766095032915473,
    0.0037324707955121994,
    0.003699036780744791,
    0.0036657918244600296,
    0.003632736625149846,
    0.0035998711828142405,
    0.0035671947989612818,
    0.0035347086377441883,
    0.0035024115350097418,
    0.003470304887741804,
    0.0034383870661258698,
    0.0034066590014845133,
    0.0033751202281564474,
    0.0033437719102948904,
    0.0033126124180853367,
    0.0032816429156810045,
    0.003250862006098032,
    0.0032202713191509247,
    0.003189869923517108,
    0.003159657120704651,
    0.0031296340748667717,
    0.0030998000875115395,
    0.0030701549258083105,
    0.003040699055418372,
    0.003011430846527219,
    0.0029823523946106434,
    0.0029534611385315657,
    0.002924759406596422,
    0.0028962460346519947,
    0.0028679200913757086,
    0.0028397822752594948,
    0.0028118323534727097,
    0.0027840693946927786,
    0.002756493864580989,
    0.002729105530306697
  ],
  "duty_log": [
    1,
    1,
    1,
    1,
    1,
    1,
    1,
    1,
    1,
    1,
    1,
    1,
    1,
    1,
    1,
    1,
    1,
    1,
    1,
    1,
    1,
    1,
    1,
    1,
    1,
    1,
    1,
    1,
    1,
    1,
    1,
    1,
    1,
    1,
    1,
    1,
    1,
    1,
    1,
    1,
    1,
    1,
    1,
    1,
    1,
    1,
    1,
    1,
    1,
    1,
    1,
    1,
    1,
    1,
    1,
    1,
    1,
    1,
    1,
    1,
    1,
    1,
    1,
    1,
    1,
    1,
    1,
    1,
    1,
    1,
    1,
    1,
    1,
    1,
    1,
    1,
    1,
    1,
    1,
    1,
    1,
    1,
    1,
    1,
    1,
    1,
    1,
    1,
    1,
    1,
    1,
    1,
    1,
    1,
    1,
    1,
    1,
    1,
    1,
    1,
    1,
    1,
    1,
    1,
    1,
    1,
    1,
    1,
    1,
    1,
    1,
    1,
    1,
    1,
    1,
    1,
    1,
    1,
    1,
    1,
    1,
    1,
    1,
    1,
    1,
    1,
    1,
    1,
    1,
    1,
    1,
    1,
    1,
    1,
    1,
    1,
    1,
    1,
    1,
    1,
    1,
    1,
    1,
    1,
    1,
    1,
    1,
    1,
    1,
    1,
    1,
    1,
    1,
    1,
    1,
    1,
    1,
    1,
    1,
    1,
    1,
    1,
    1,
    1,
    1,
    1,
    1,
    1,
    1,
    1,
    1,
    1,
    1,
    1,
    1,
    1,
    1,
    1,
    1,
    1,
    1,
    1,
    1,
    1,
    1,
    1,
    1,
    1,
    1,
    1,
    1,
    1,
    1,
    1,
    1,
    1,
    1,
    1,
    1,
    1,
    1,
    1,
    1,
    1,
    1,
    1,
    1,
    1,
    1,
    1,
    1,
    1,
    1,
    1,
    1,
    1,
    1,
    1,
    1,
    1,
    1,
    1,
    1,
    1,
    1,
    1,
    1,
    1,
    1,
    1,
    1,
    1,
    1,
    1,
    1,
    1,
    1,
    1,
    1,
    1,
    1,
    1,
    1,
    1,
    1,
    1,
    1,
    1,
    1,
    1,
    1,
    1,
    1,
    1,
    1,
    1,
    1,
    1,
    1,
    1,
    1,
    1,
    1,
    1,
    1,
    1,
    1,
    1,
    1,
    1,
    1,
    1,
    1,
    1,
    1,
    1,
    1,
    1,
    1,
    1,
    1,
    1,
    1,
    1,
    1,
    1,
    1,
    1,
    1,
    1,
    1,
    1,
    1,
    1,
    1,
    1,
    1,
    1,
    1,
    1
  ],
  "verification": {
    "initial_state_digest": "7339a154193bfc625bacf1ec2721ef0c4f409575f8ff701cab14b9ca1d93dd4e",
    "training_data_digest": "49b649b90022425464edb4b1be04c5562b07f69a4415eff8e2608684142c7527"
  }
}