{
  "regime": "passive",
  "final_loss": 0.002265628194436431,
  "training_time": 2.022050142288208,
  "duty_cycle": 50.0,
  "epochs": 3000,
  "use_solar": true,
  "adaptive_reg": false,
  "losses": [
    0.04832957312464714,
    0.012228778563439846,
    0.01095979381352663,
    0.009092618711292744,
    0.008538092486560345,
    0.00854409858584404,
    0.008418332785367966,
    0.008336198516190052,
    0.008268200792372227,
    0.0081981485709548,
    0.008128730580210686,
    0.008059391751885414,
    0.00798917654901743,
    0.007918765768408775,
    0.007848157547414303,
    0.007777463644742966,
    0.00770681444555521,
    0.007636315654963255,
    0.00756605202332139,
    0.007496098522096872,
    0.007426517549902201,
    0.007357364054769278,
    0.007288680877536535,
    0.007220507599413395,
    0.007152876351028681,
    0.007085809484124184,
    0.007019332144409418,
    0.006953458767384291,
    0.00688820518553257,
    0.006823578383773565,
    0.006759590934962034,
    0.006696243304759264,
    0.006633541081100702,
    0.006571484729647636,
    0.006510074716061354,
    0.006449311040341854,
    0.006389187183231115,
    0.006329701282083988,
    0.006270850542932749,
    0.0062126279808580875,
    0.006155028007924557,
    0.006098045501857996,
    0.006041671149432659,
    0.005985900294035673,
    0.005930725019425154,
    0.005876137875020504,
    0.00582213094457984,
    0.005768696311861277,
    0.0057158260606229305,
    0.005663512274622917,
    0.005611747037619352,
    0.005560522433370352,
    0.005509830545634031,
    0.005459663458168507,
    0.005410012789070606,
    0.005360872019082308,
    0.00531223276630044,
    0.005264087114483118,
    0.00521642854437232,
    0.005169248208403587,
    0.005122539587318897,
    0.005076296161860228,
    0.005030510015785694,
    0.0049851746298372746,
    0.004940284416079521,
    0.004895831923931837,
    0.004851809237152338,
    0.0048082126304507256,
    0.00476505933329463,
    0.004722317680716515,
    0.00467995461076498,
    0.004637985490262508,
    0.00459641357883811,
    0.004555234685540199,
    0.004514442291110754,
    0.004474029876291752,
    0.00443399278447032,
    0.004394325893372297,
    0.004355024080723524,
    0.004316081292927265,
    0.004277494270354509,
    0.004239256959408522,
    0.004201366566121578,
    0.004163817502558231,
    0.004126606043428183,
    0.004089727532118559,
    0.004053179174661636,
    0.004016954451799393,
    0.003981052432209253,
    0.003945467993617058,
    0.003910197876393795,
    0.003875237423926592,
    0.003840584075078368,
    0.003806233871728182,
    0.0037721835542470217,
    0.003738431027159095,
    0.003704971168190241,
    0.0036718014162033796,
    0.0036389194428920746,
    0.0036063219886273146,
    0.003574004862457514,
    0.0035419666673988104,
    0.003510203445330262,
    0.003478712635114789,
    0.003447492839768529,
    0.003416539402678609,
    0.003385850228369236,
    0.0033554232213646173,
    0.0033252560533583164,
    0.0032953449990600348,
    0.003265688195824623,
    0.0032362835481762886,
    0.0032071289606392384,
    0.0031782204750925303,
    0.0031495571602135897,
    0.0031211357563734055,
    0.0030929550994187593,
    0.003065012628212571,
    0.0030373060144484043,
    0.0030098326969891787,
    0.002982590813189745,
    0.0029555787332355976,
    0.002928793663159013,
    0.0029022344388067722,
    0.002875898266211152,
    0.0028497830498963594,
    0.0028238878585398197,
    0.0027982094325125217,
    0.002772746840491891,
    0.0027474979870021343,
    0.0027224610093981028,
    0.0026976338122040033,
    0.002673014532774687,
    0.0026486017741262913,
    0.002624393906444311,
    0.00260038860142231,
    0.002576584694907069,
    0.0025529798585921526,
    0.002529572695493698,
    0.0025063615757972,
    0.002483345102518797,
    0.002460521413013339,
    0.0024378886446356773,
    0.0024154456332325935,
    0.0023931905161589384,
    0.0023711214307695627,
    0.002349237911403179,
    0.0023275369312614202,
    0.0023060182575136423,
    0.002284680027514696
  ],
  "duty_log": [
    1,
    1,
    1,
    1,
    1,
    1,
    1,
    1,
    1,
    1,
    1,
    1,
    1,
    1,
    1,
    1,
    1,
    1,
    1,
    1,
    1,
    1,
    1,
    1,
    1,
    1,
    1,
    1,
    1,
    1,
    1,
    1,
    1,
    1,
    1,
    1,
    1,
    1,
    1,
    1,
    1,
    1,
    1,
    1,
    1,
    1,
    1,
    1,
    1,
    1,
    1,
    1,
    1,
    1,
    1,
    1,
    1,
    1,
    1,
    1,
    1,
    1,
    1,
    1,
    1,
    1,
    1,
    1,
    1,
    1,
    1,
    1,
    1,
    1,
    1,
    1,
    1,
    1,
    1,
    1,
    1,
    1,
    1,
    1,
    1,
    1,
    1,
    1,
    1,
    1,
    1,
    1,
    1,
    1,
    1,
    1,
    1,
    1,
    1,
    1,
    1,
    1,
    1,
    1,
    1,
    1,
    1,
    1,
    1,
    1,
    1,
    1,
    1,
    1,
    1,
    1,
    1,
    1,
    1,
    1,
    1,
    1,
    1,
    1,
    1,
    1,
    1,
    1,
    1,
    1,
    1,
    1,
    1,
    1,
    1,
    1,
    1,
    1,
    1,
    1,
    1,
    1,
    1,
    1,
    1,
    1,
    1,
    1,
    1,
    1,
    1,
    1,
    1,
    1,
    1,
    1,
    1,
    1,
    1,
    1,
    1,
    1,
    1,
    1,
    1,
    1,
    1,
    1,
    1,
    1,
    1,
    1,
    1,
    1,
    1,
    1,
    1,
    1,
    1,
    1,
    1,
    1,
    1,
    1,
    1,
    1,
    1,
    1,
    1,
    1,
    1,
    1,
    1,
    1,
    1,
    1,
    1,
    1,
    1,
    1,
    1,
    1,
    1,
    1,
    1,
    1,
    1,
    1,
    1,
    1,
    1,
    1,
    1,
    1,
    1,
    1,
    1,
    1,
    1,
    1,
    1,
    1,
    1,
    1,
    1,
    1,
    1,
    1,
    1,
    1,
    1,
    1,
    1,
    1,
    1,
    1,
    1,
    1,
    1,
    1,
    1,
    1,
    1,
    1,
    1,
    1,
    1,
    1,
    1,
    1,
    1,
    1,
    1,
    1,
    1,
    1,
    1,
    1,
    1,
    1,
    1,
    1,
    1,
    1,
    1,
    1,
    1,
    1,
    1,
    1,
    1,
    1,
    1,
    1,
    1,
    1,
    1,
    1,
    1,
    1,
    1,
    1,
    1,
    1,
    1,
    1,
    1,
    1,
    1,
    1,
    1,
    1,
    1,
    1,
    1,
    1,
    1,
    1,
    1,
    1
  ],
  "verification": {
    "initial_state_digest": "7339a154193bfc625bacf1ec2721ef0c4f409575f8ff701cab14b9ca1d93dd4e",
    "training_data_digest": "49b649b90022425464edb4b1be04c5562b07f69a4415eff8e2608684142c7527"
  }
}