{
  "regime": "active",
  "final_loss": 0.016549712046980858,
  "training_time": 43.95497965812683,
  "duty_cycle": 50.0,
  "epochs": 3000,
  "node_num": 16,
  "use_solar": true,
  "adaptive_reg": true,
  "losses": [
    1.138403296470642,
    0.8659777045249939,
    0.7580080032348633,
    0.6969274282455444,
    0.6207738518714905,
    0.5494604706764221,
    0.48419490456581116,
    0.4387342035770416,
    0.41119393706321716,
    0.3938058912754059,
    0.38154444098472595,
    0.3708549737930298,
    0.3602667450904846,
    0.3490850329399109,
    0.33747339248657227,
    0.3257337808609009,
    0.31316423416137695,
    0.30025821924209595,
    0.2880558371543884,
    0.2772703170776367,
    0.2672160565853119,
    0.2583591639995575,
    0.24980849027633667,
    0.24052847921848297,
    0.2304927408695221,
    0.2192809134721756,
    0.20660196244716644,
    0.19351106882095337,
    0.18391184508800507,
    0.1666521430015564,
    0.15473784506320953,
    0.1428007036447525,
    0.13183791935443878,
    0.12126276642084122,
    0.11065561324357986,
    0.09995132684707642,
    0.08926855772733688,
    0.07978246361017227,
    0.06999081373214722,
    0.06250618398189545,
    0.05462539196014404,
    0.047736816108226776,
    0.04266868159174919,
    0.03839927911758423,
    0.03496634215116501,
    0.0322185680270195,
    0.02997114509344101,
    0.02986026555299759,
    0.029081521555781364,
    0.026056967675685883,
    0.024285299703478813,
    0.02303353324532509,
    0.02216884307563305,
    0.021343059837818146,
    0.02065121941268444,
    0.020045414566993713,
    0.01951046660542488,
    0.01909860409796238,
    0.022697623819112778,
    0.019515052437782288,
    0.01854921132326126,
    0.017960604280233383,
    0.01767958328127861,
    0.017512504011392593,
    0.017314191907644272,
    0.017168061807751656,
    0.017035698518157005,
    0.01691952720284462,
    0.01681377924978733,
    0.016720445826649666,
    0.016723018139600754,
    0.02375977858901024,
    0.017578816041350365,
    0.016874264925718307,
    0.016584042459726334,
    0.01641838625073433,
    0.016328930854797363,
    0.01628292351961136,
    0.016255123540759087,
    0.016224008053541183,
    0.01619843766093254,
    0.01617535576224327,
    0.016155242919921875,
    0.01613733172416687,
    0.016121454536914825,
    0.01610741950571537,
    0.016095105558633804,
    0.016085807234048843,
    0.016279185190796852,
    0.020586581900715828,
    0.01651759445667267,
    0.016404595226049423,
    0.016132524237036705,
    0.016132481396198273,
    0.016067881137132645,
    0.016066858544945717,
    0.016064776107668877,
    0.016063658520579338,
    0.01606510952115059,
    0.01606740616261959,
    0.016070203855633736,
    0.016073457896709442,
    0.016077125445008278,
    0.01608187146484852,
    0.016140084713697433,
    0.02233412116765976,
    0.01686883345246315,
    0.016717221587896347,
    0.016393765807151794,
    0.01623258925974369,
    0.016154535114765167,
    0.01613306812942028,
    0.01614338345825672,
    0.016149256378412247,
    0.016156306490302086,
    0.016164174303412437,
    0.016172584146261215,
    0.01618105173110962,
    0.0161896962672472,
    0.01619850844144821,
    0.016207464039325714,
    0.016216561198234558,
    0.01622578874230385,
    0.016235318034887314,
    0.01625887304544449,
    0.018931914120912552,
    0.020313018932938576,
    0.01761576719582081,
    0.01677343063056469,
    0.016438154503703117,
    0.016346905380487442,
    0.016333062201738358,
    0.01633765734732151,
    0.016346031799912453,
    0.016355378553271294,
    0.01636594720184803,
    0.016377508640289307,
    0.01638900861144066,
    0.016400616616010666,
    0.016413796693086624,
    0.01682344265282154,
    0.01712087169289589,
    0.016840368509292603,
    0.016646962612867355,
    0.01651155576109886,
    0.01650172844529152,
    0.016505228355526924,
    0.01651369221508503,
    0.016525670886039734,
    0.0165387112647295
  ],
  "duty_log": [
    1,
    1,
    1,
    1,
    1,
    1,
    1,
    1,
    1,
    1,
    1,
    1,
    1,
    1,
    1,
    1,
    1,
    1,
    1,
    1,
    1,
    1,
    1,
    1,
    1,
    1,
    1,
    1,
    1,
    1,
    1,
    1,
    1,
    1,
    1,
    1,
    1,
    1,
    1,
    1,
    1,
    1,
    1,
    1,
    1,
    1,
    1,
    1,
    1,
    1,
    1,
    1,
    1,
    1,
    1,
    1,
    1,
    1,
    1,
    1,
    1,
    1,
    1,
    1,
    1,
    1,
    1,
    1,
    1,
    1,
    1,
    1,
    1,
    1,
    1,
    1,
    1,
    1,
    1,
    1,
    1,
    1,
    1,
    1,
    1,
    1,
    1,
    1,
    1,
    1,
    1,
    1,
    1,
    1,
    1,
    1,
    1,
    1,
    1,
    1,
    1,
    1,
    1,
    1,
    1,
    1,
    1,
    1,
    1,
    1,
    1,
    1,
    1,
    1,
    1,
    1,
    1,
    1,
    1,
    1,
    1,
    1,
    1,
    1,
    1,
    1,
    1,
    1,
    1,
    1,
    1,
    1,
    1,
    1,
    1,
    1,
    1,
    1,
    1,
    1,
    1,
    1,
    1,
    1,
    1,
    1,
    1,
    1,
    1,
    1,
    1,
    1,
    1,
    1,
    1,
    1,
    1,
    1,
    1,
    1,
    1,
    1,
    1,
    1,
    1,
    1,
    1,
    1,
    1,
    1,
    1,
    1,
    1,
    1,
    1,
    1,
    1,
    1,
    1,
    1,
    1,
    1,
    1,
    1,
    1,
    1,
    1,
    1,
    1,
    1,
    1,
    1,
    1,
    1,
    1,
    1,
    1,
    1,
    1,
    1,
    1,
    1,
    1,
    1,
    1,
    1,
    1,
    1,
    1,
    1,
    1,
    1,
    1,
    1,
    1,
    1,
    1,
    1,
    1,
    1,
    1,
    1,
    1,
    1,
    1,
    1,
    1,
    1,
    1,
    1,
    1,
    1,
    1,
    1,
    1,
    1,
    1,
    1,
    1,
    1,
    1,
    1,
    1,
    1,
    1,
    1,
    1,
    1,
    1,
    1,
    1,
    1,
    1,
    1,
    1,
    1,
    1,
    1,
    1,
    1,
    1,
    1,
    1,
    1,
    1,
    1,
    1,
    1,
    1,
    1,
    1,
    1,
    1,
    1,
    1,
    1,
    1,
    1,
    1,
    1,
    1,
    1,
    1,
    1,
    1,
    1,
    1,
    1,
    1,
    1,
    1,
    1,
    1,
    1,
    1,
    1,
    1,
    1,
    1,
    1
  ],
  "verification": {
    "initial_state_digest": "c3ca4a94614a934e2265ab95e62091bc1ffe1157abafe2ed299a691bb7d38914",
    "training_data_digest": "02a8ca46351253002c10e5b1d63fa2aef3edc84a5397f8984f8a715c12da33ee"
  }
}