{
  "regime": "continuous",
  "final_loss": 0.013081144541501999,
  "training_time": 86.04023313522339,
  "duty_cycle": 100.0,
  "epochs": 3000,
  "node_num": 16,
  "use_solar": false,
  "adaptive_reg": false,
  "losses": [
    1.138403296470642,
    0.8659647107124329,
    0.757982075214386,
    0.6968880891799927,
    0.6207207441329956,
    0.5493931174278259,
    0.4841129183769226,
    0.43863746523857117,
    0.41108229756355286,
    0.3936792016029358,
    0.3814024329185486,
    0.37069711089134216,
    0.3600923418998718,
    0.3488944172859192,
    0.33726465702056885,
    0.32550308108329773,
    0.312911719083786,
    0.29998505115509033,
    0.2877636253833771,
    0.27686169743537903,
    0.26678743958473206,
    0.2580229938030243,
    0.24943660199642181,
    0.24034236371517181,
    0.23032501339912415,
    0.21910607814788818,
    0.20658497512340546,
    0.1969701498746872,
    0.17978127300739288,
    0.16556625068187714,
    0.15210959315299988,
    0.1393594890832901,
    0.1276882439851761,
    0.1205919161438942,
    0.10611854493618011,
    0.09506355971097946,
    0.0843629539012909,
    0.0741574615240097,
    0.06681258231401443,
    0.05795306712388992,
    0.0498780757188797,
    0.04338937997817993,
    0.0385761596262455,
    0.03527572751045227,
    0.03175337612628937,
    0.03033626824617386,
    0.02747339755296707,
    0.02593756467103958,
    0.024419700726866722,
    0.023077020421624184,
    0.02202533185482025,
    0.02756437100470066,
    0.02098848670721054,
    0.019829995930194855,
    0.019025534391403198,
    0.018474698066711426,
    0.018018223345279694,
    0.017601609230041504,
    0.0172364953905344,
    0.01691184937953949,
    0.01662708818912506,
    0.016373444348573685,
    0.016147315502166748,
    0.01598057895898819,
    0.020661933347582817,
    0.015908297151327133,
    0.01549588143825531,
    0.015467819757759571,
    0.015338241122663021,
    0.01518050953745842,
    0.015063101425766945,
    0.014967290684580803,
    0.014882462099194527,
    0.01480728667229414,
    0.014737839810550213,
    0.014673626981675625,
    0.014718160033226013,
    0.018300674855709076,
    0.01521696150302887,
    0.014638273045420647,
    0.014479957520961761,
    0.014456726610660553,
    0.014356937259435654,
    0.014321036636829376,
    0.014279083348810673,
    0.014246057718992233,
    0.014215015806257725,
    0.014185279607772827,
    0.014156879857182503,
    0.014129463583230972,
    0.014103377237915993,
    0.01409023068845272,
    0.01621730998158455,
    0.017641929909586906,
    0.015053851529955864,
    0.014396479353308678,
    0.01412694901227951,
    0.01400722935795784,
    0.013948317617177963,
    0.013917714357376099,
    0.013899922370910645,
    0.013883024454116821,
    0.01386525109410286,
    0.013849025592207909,
    0.0138329416513443,
    0.013817254453897476,
    0.013801928609609604,
    0.013786946423351765,
    0.013775470666587353,
    0.014692725613713264,
    0.014918731525540352,
    0.01412983424961567,
    0.013858674094080925,
    0.013753661885857582,
    0.013724778778851032,
    0.014162957668304443,
    0.015889039263129234,
    0.013914317823946476,
    0.013926997780799866,
    0.013708876445889473,
    0.013665840029716492,
    0.013619428500533104,
    0.013614324852824211,
    0.013600790873169899,
    0.013588791713118553,
    0.013578074052929878,
    0.013567779213190079,
    0.01355820894241333,
    0.013548605144023895,
    0.013540404848754406,
    0.013598140329122543,
    0.018854109570384026,
    0.015407959930598736,
    0.014265104196965694,
    0.013588867150247097,
    0.013491250574588776,
    0.013512521982192993,
    0.013478277251124382,
    0.013464715331792831,
    0.013455528765916824,
    0.013447423465549946,
    0.013438943773508072,
    0.013431085273623466,
    0.013423362746834755,
    0.01341573242098093,
    0.013408174738287926,
    0.013401246629655361,
    0.0135926129296422,
    0.013463934883475304,
    0.013388020917773247,
    0.013422969728708267,
    0.013419274240732193,
    0.013403769582509995,
    0.013768746517598629,
    0.0163758285343647,
    0.013701580464839935,
    0.013391755521297455,
    0.01345885545015335,
    0.013361470773816109,
    0.013323590159416199,
    0.013313211500644684,
    0.013307186774909496,
    0.01330094039440155,
    0.01329368632286787,
    0.01328837126493454,
    0.013284255750477314,
    0.013317292556166649,
    0.015252208337187767,
    0.013833021745085716,
    0.014010202139616013,
    0.013324283994734287,
    0.013335207477211952,
    0.013249471783638,
    0.013254678808152676,
    0.013236820697784424,
    0.013228973373770714,
    0.013223711401224136,
    0.013218589127063751,
    0.013213546946644783,
    0.013208450749516487,
    0.01320335641503334,
    0.013198323547840118,
    0.013193328864872456,
    0.013188596814870834,
    0.013207574374973774,
    0.01744033209979534,
    0.017022252082824707,
    0.01451922208070755,
    0.013550084084272385,
    0.013250445947051048,
    0.013178499415516853,
    0.013159905560314655,
    0.013152288272976875,
    0.013146582059562206,
    0.013141040690243244,
    0.013135830871760845,
    0.013131329789757729,
    0.013127061538398266,
    0.013122734613716602,
    0.013119333423674107,
    0.013182280585169792,
    0.015519396401941776,
    0.013402368873357773,
    0.013152947649359703,
    0.013176546432077885,
    0.013113254681229591,
    0.01310301199555397,
    0.013089395128190517,
    0.013084076344966888,
    0.013078534044325352,
    0.013074811547994614,
    0.013070780783891678,
    0.013067111372947693,
    0.01306984294205904,
    0.013437595218420029,
    0.017482807859778404,
    0.013238957151770592,
    0.013345614075660706,
    0.013221795670688152,
    0.01304148230701685,
    0.013062221929430962,
    0.013034777715802193,
    0.013034027069807053,
    0.013027342036366463,
    0.013023292645812035,
    0.01301976852118969,
    0.013016178272664547,
    0.013012602925300598,
    0.013009127229452133,
    0.01300831325352192,
    0.013220549561083317,
    0.014920450747013092,
    0.013845703564584255,
    0.01314073707908392,
    0.013021519407629967,
    0.01301035936921835,
    0.012994617223739624,
    0.01298174075782299,
    0.012982224114239216,
    0.012991538271307945,
    0.01328524760901928,
    0.016491279006004333,
    0.013976420275866985,
    0.013043047860264778,
    0.01297048944979906,
    0.012986725196242332,
    0.012969118542969227,
    0.012955175712704659,
    0.012946843169629574,
    0.012941928580403328,
    0.01293940283358097,
    0.01293567568063736,
    0.012932606041431427,
    0.012930214405059814,
    0.012954259291291237,
    0.015011709183454514,
    0.013936496339738369,
    0.013292858377099037,
    0.013303278014063835,
    0.01297717820852995,
    0.012914620339870453,
    0.01292501762509346,
    0.012904074043035507,
    0.012903295457363129,
    0.012897919863462448,
    0.012895096093416214,
    0.012892324477434158,
    0.01289451401680708,
    0.013198668137192726,
    0.013058311305940151,
    0.013177143409848213,
    0.012930469587445259,
    0.012909439392387867,
    0.012886077165603638,
    0.012869710102677345,
    0.012868347577750683,
    0.012865465134382248,
    0.012869343161582947,
    0.013128552585840225,
    0.017801495268940926,
    0.013421526178717613,
    0.013161921873688698,
    0.012914756312966347,
    0.012887466698884964,
    0.012859959155321121,
    0.012840433046221733,
    0.012839403934776783,
    0.012836065143346786,
    0.012832676991820335,
    0.012829625979065895,
    0.012826800346374512,
    0.012824079021811485,
