{
  "regime": "passive",
  "final_loss": 0.013391150161623955,
  "training_time": 44.98684239387512,
  "duty_cycle": 50.0,
  "epochs": 3000,
  "node_num": 16,
  "use_solar": true,
  "adaptive_reg": false,
  "losses": [
    1.138403296470642,
    0.8659647107124329,
    0.757982075214386,
    0.6968880891799927,
    0.6207207441329956,
    0.5493931174278259,
    0.4841129183769226,
    0.43863746523857117,
    0.41108229756355286,
    0.3936792016029358,
    0.3814024329185486,
    0.37069711089134216,
    0.3600923418998718,
    0.3488944172859192,
    0.33726465702056885,
    0.32550308108329773,
    0.312911719083786,
    0.29998505115509033,
    0.2877636253833771,
    0.27686169743537903,
    0.26678743958473206,
    0.2580229938030243,
    0.24943660199642181,
    0.24034236371517181,
    0.23032501339912415,
    0.21910607814788818,
    0.20658497512340546,
    0.1969701498746872,
    0.17978127300739288,
    0.16556625068187714,
    0.15210959315299988,
    0.1393594890832901,
    0.1276882439851761,
    0.1205919161438942,
    0.10611854493618011,
    0.09506355971097946,
    0.0843629539012909,
    0.0741574615240097,
    0.06681258231401443,
    0.05795306712388992,
    0.0498780757188797,
    0.04338937997817993,
    0.0385761596262455,
    0.03527572751045227,
    0.03175337612628937,
    0.03033626824617386,
    0.02747339755296707,
    0.02593756467103958,
    0.024419700726866722,
    0.023077020421624184,
    0.02202533185482025,
    0.02756437100470066,
    0.02098848670721054,
    0.019829995930194855,
    0.019025534391403198,
    0.018474698066711426,
    0.018018223345279694,
    0.017601609230041504,
    0.0172364953905344,
    0.01691184937953949,
    0.01662708818912506,
    0.016373444348573685,
    0.016147315502166748,
    0.01598057895898819,
    0.020661933347582817,
    0.015908297151327133,
    0.01549588143825531,
    0.015467819757759571,
    0.015338241122663021,
    0.01518050953745842,
    0.015063101425766945,
    0.014967290684580803,
    0.014882462099194527,
    0.01480728667229414,
    0.014737839810550213,
    0.014673626981675625,
    0.014718160033226013,
    0.018300674855709076,
    0.01521696150302887,
    0.014638273045420647,
    0.014479957520961761,
    0.014456726610660553,
    0.014356937259435654,
    0.014321036636829376,
    0.014279083348810673,
    0.014246057718992233,
    0.014215015806257725,
    0.014185279607772827,
    0.014156879857182503,
    0.014129463583230972,
    0.014103377237915993,
    0.01409023068845272,
    0.01621730998158455,
    0.017641929909586906,
    0.015053851529955864,
    0.014396479353308678,
    0.01412694901227951,
    0.01400722935795784,
    0.013948317617177963,
    0.013917714357376099,
    0.013899922370910645,
    0.013883024454116821,
    0.01386525109410286,
    0.013849025592207909,
    0.0138329416513443,
    0.013817254453897476,
    0.013801928609609604,
    0.013786946423351765,
    0.013775470666587353,
    0.014692725613713264,
    0.014918731525540352,
    0.01412983424961567,
    0.013858674094080925,
    0.013753661885857582,
    0.013724778778851032,
    0.014162957668304443,
    0.015889039263129234,
    0.013914317823946476,
    0.013926997780799866,
    0.013708876445889473,
    0.013665840029716492,
    0.013619428500533104,
    0.013614324852824211,
    0.013600790873169899,
    0.013588791713118553,
    0.013578074052929878,
    0.013567779213190079,
    0.01355820894241333,
    0.013548605144023895,
    0.013540404848754406,
    0.013598140329122543,
    0.018854109570384026,
    0.015407959930598736,
    0.014265104196965694,
    0.013588867150247097,
    0.013491250574588776,
    0.013512521982192993,
    0.013478277251124382,
    0.013464715331792831,
    0.013455528765916824,
    0.013447423465549946,
    0.013438943773508072,
    0.013431085273623466,
    0.013423362746834755,
    0.01341573242098093,
    0.013408174738287926,
    0.013401246629655361,
    0.0135926129296422,
    0.013463934883475304,
    0.013388020917773247
  ],
  "duty_log": [
    1,
    1,
    1,
    1,
    1,
    1,
    1,
    1,
    1,
    1,
    1,
    1,
    1,
    1,
    1,
    1,
    1,
    1,
    1,
    1,
    1,
    1,
    1,
    1,
    1,
    1,
    1,
    1,
    1,
    1,
    1,
    1,
    1,
    1,
    1,
    1,
    1,
    1,
    1,
    1,
    1,
    1,
    1,
    1,
    1,
    1,
    1,
    1,
    1,
    1,
    1,
    1,
    1,
    1,
    1,
    1,
    1,
    1,
    1,
    1,
    1,
    1,
    1,
    1,
    1,
    1,
    1,
    1,
    1,
    1,
    1,
    1,
    1,
    1,
    1,
    1,
    1,
    1,
    1,
    1,
    1,
    1,
    1,
    1,
    1,
    1,
    1,
    1,
    1,
    1,
    1,
    1,
    1,
    1,
    1,
    1,
    1,
    1,
    1,
    1,
    1,
    1,
    1,
    1,
    1,
    1,
    1,
    1,
    1,
    1,
    1,
    1,
    1,
    1,
    1,
    1,
    1,
    1,
    1,
    1,
    1,
    1,
    1,
    1,
    1,
    1,
    1,
    1,
    1,
    1,
    1,
    1,
    1,
    1,
    1,
    1,
    1,
    1,
    1,
    1,
    1,
    1,
    1,
    1,
    1,
    1,
    1,
    1,
    1,
    1,
    1,
    1,
    1,
    1,
    1,
    1,
    1,
    1,
    1,
    1,
    1,
    1,
    1,
    1,
    1,
    1,
    1,
    1,
    1,
    1,
    1,
    1,
    1,
    1,
    1,
    1,
    1,
    1,
    1,
    1,
    1,
    1,
    1,
    1,
    1,
    1,
    1,
    1,
    1,
    1,
    1,
    1,
    1,
    1,
    1,
    1,
    1,
    1,
    1,
    1,
    1,
    1,
    1,
    1,
    1,
    1,
    1,
    1,
    1,
    1,
    1,
    1,
    1,
    1,
    1,
    1,
    1,
    1,
    1,
    1,
    1,
    1,
    1,
    1,
    1,
    1,
    1,
    1,
    1,
    1,
    1,
    1,
    1,
    1,
    1,
    1,
    1,
    1,
    1,
    1,
    1,
    1,
    1,
    1,
    1,
    1,
    1,
    1,
    1,
    1,
    1,
    1,
    1,
    1,
    1,
    1,
    1,
    1,
    1,
    1,
    1,
    1,
    1,
    1,
    1,
    1,
    1,
    1,
    1,
    1,
    1,
    1,
    1,
    1,
    1,
    1,
    1,
    1,
    1,
    1,
    1,
    1,
    1,
    1,
    1,
    1,
    1,
    1,
    1,
    1,
    1,
    1,
    1,
    1,
    1,
    1,
    1,
    1,
    1,
    1
  ],
  "verification": {
    "initial_state_digest": "c3ca4a94614a934e2265ab95e62091bc1ffe1157abafe2ed299a691bb7d38914",
    "training_data_digest": "02a8ca46351253002c10e5b1d63fa2aef3edc84a5397f8984f8a715c12da33ee"
  }
}