{
  "regime": "active",
  "final_loss": 0.001916596433147788,
  "training_time": 2.0200014114379883,
  "duty_cycle": 50.0,
  "epochs": 3000,
  "use_solar": true,
  "adaptive_reg": true,
  "losses": [
    0.03689621761441231,
    0.010725582018494606,
    0.00927057210355997,
    0.00897321105003357,
    0.008813508786261082,
    0.008729314431548119,
    0.00868484377861023,
    0.008656329475343227,
    0.008628151379525661,
    0.00859901960939169,
    0.008567901328206062,
    0.008534474298357964,
    0.008498920127749443,
    0.00846143625676632,
    0.008422150276601315,
    0.008381192572414875,
    0.008338690735399723,
    0.008294756524264812,
    0.008249497041106224,
    0.008203004486858845,
    0.008155367337167263,
    0.008106661960482597,
    0.00805696938186884,
    0.008006354793906212,
    0.007954880595207214,
    0.007902615703642368,
    0.007849609479308128,
    0.007795919198542833,
    0.007741591893136501,
    0.007686678320169449,
    0.00763122271746397,
    0.007575266528874636,
    0.007518852595239878,
    0.007462019100785255,
    0.00740480050444603,
    0.007347232662141323,
    0.007289350964128971,
    0.00723118195310235,
    0.007172761484980583,
    0.007114113308489323,
    0.00705527001991868,
    0.006996253039687872,
    0.006937090773135424,
    0.006877806968986988,
    0.006818422116339207,
    0.006758960895240307,
    0.006699443329125643,
    0.006639889907091856,
    0.0065803187899291515,
    0.006520750001072884,
    0.006461200769990683,
    0.006401687394827604,
    0.006342227105051279,
    0.006282835267484188,
    0.0062235277146101,
    0.006164316087961197,
    0.00610521761700511,
    0.0060462430119514465,
    0.005987406708300114,
    0.005928719881922007,
    0.005870195105671883,
    0.005811842158436775,
    0.005753673147410154,
    0.005695699248462915,
    0.005637926980853081,
    0.005580368917435408,
    0.005523033440113068,
    0.005465929862111807,
    0.005409065634012222,
    0.005352449137717485,
    0.0052960882894694805,
    0.0052399905398488045,
    0.00518416240811348,
    0.0051286122761666775,
    0.0050733452662825584,
    0.005018368363380432,
    0.004963687155395746,
    0.004909308161586523,
    0.004855236038565636,
    0.0048014759086072445,
    0.0047480338253080845,
    0.004694914445281029,
    0.004642121493816376,
    0.004589660093188286,
    0.004537534434348345,
    0.004485748708248138,
    0.004434305243194103,
    0.004383209627121687,
    0.004332463722676039,
    0.00428207078948617,
    0.004232035484164953,
    0.004182358272373676,
    0.004133043345063925,
    0.004084092564880848,
    0.00403550872579217,
    0.003987293690443039,
    0.003939448855817318,
    0.003891977947205305,
    0.0038448809646070004,
    0.0037981602363288403,
    0.0037518166936933994,
    0.003705850802361965,
    0.003660265589132905,
    0.0036150605883449316,
    0.0035702369641512632,
    0.003525795415043831,
    0.0034817380364984274,
    0.0034380625002086163,
    0.0033947716001421213,
    0.003351864404976368,
    0.003309340914711356,
    0.0032672020606696606,
    0.003225446678698063,
    0.003184074768796563,
    0.003143086563795805,
    0.0031024818308651447,
    0.0030622591730207205,
    0.0030224185902625322,
    0.0029829596169292927,
    0.00294388085603714,
    0.0029051813762634993,
    0.002866860944777727,
    0.0028289181645959616,
    0.0027913523372262716,
    0.0027541618328541517,
    0.0027173450216650963,
    0.0026809019036591053,
    0.002644830383360386,
    0.0026091281324625015,
    0.0025737949181348085,
    0.0025388288777321577,
    0.002504228614270687,
    0.002469992032274604,
    0.002436117734760046,
    0.0024026038590818644,
    0.002369448309764266,
    0.0023366499226540327,
    0.0023042059037834406,
    0.002272115321829915,
    0.0022403751499950886,
    0.0022089844569563866,
    0.002177940681576729,
    0.002147241961210966,
    0.0021168857347220182,
    0.0020868703722953796,
    0.00205719331279397,
    0.0020278526935726404,
    0.001998846186324954,
    0.001970171695575118,
    0.0019418267766013741
  ],
  "duty_log": [
    1,
    1,
    1,
    1,
    1,
    1,
    1,
    1,
    1,
    1,
    1,
    1,
    1,
    1,
    1,
    1,
    1,
    1,
    1,
    1,
    1,
    1,
    1,
    1,
    1,
    1,
    1,
    1,
    1,
    1,
    1,
    1,
    1,
    1,
    1,
    1,
    1,
    1,
    1,
    1,
    1,
    1,
    1,
    1,
    1,
    1,
    1,
    1,
    1,
    1,
    1,
    1,
    1,
    1,
    1,
    1,
    1,
    1,
    1,
    1,
    1,
    1,
    1,
    1,
    1,
    1,
    1,
    1,
    1,
    1,
    1,
    1,
    1,
    1,
    1,
    1,
    1,
    1,
    1,
    1,
    1,
    1,
    1,
    1,
    1,
    1,
    1,
    1,
    1,
    1,
    1,
    1,
    1,
    1,
    1,
    1,
    1,
    1,
    1,
    1,
    1,
    1,
    1,
    1,
    1,
    1,
    1,
    1,
    1,
    1,
    1,
    1,
    1,
    1,
    1,
    1,
    1,
    1,
    1,
    1,
    1,
    1,
    1,
    1,
    1,
    1,
    1,
    1,
    1,
    1,
    1,
    1,
    1,
    1,
    1,
    1,
    1,
    1,
    1,
    1,
    1,
    1,
    1,
    1,
    1,
    1,
    1,
    1,
    1,
    1,
    1,
    1,
    1,
    1,
    1,
    1,
    1,
    1,
    1,
    1,
    1,
    1,
    1,
    1,
    1,
    1,
    1,
    1,
    1,
    1,
    1,
    1,
    1,
    1,
    1,
    1,
    1,
    1,
    1,
    1,
    1,
    1,
    1,
    1,
    1,
    1,
    1,
    1,
    1,
    1,
    1,
    1,
    1,
    1,
    1,
    1,
    1,
    1,
    1,
    1,
    1,
    1,
    1,
    1,
    1,
    1,
    1,
    1,
    1,
    1,
    1,
    1,
    1,
    1,
    1,
    1,
    1,
    1,
    1,
    1,
    1,
    1,
    1,
    1,
    1,
    1,
    1,
    1,
    1,
    1,
    1,
    1,
    1,
    1,
    1,
    1,
    1,
    1,
    1,
    1,
    1,
    1,
    1,
    1,
    1,
    1,
    1,
    1,
    1,
    1,
    1,
    1,
    1,
    1,
    1,
    1,
    1,
    1,
    1,
    1,
    1,
    1,
    1,
    1,
    1,
    1,
    1,
    1,
    1,
    1,
    1,
    1,
    1,
    1,
    1,
    1,
    1,
    1,
    1,
    1,
    1,
    1,
    1,
    1,
    1,
    1,
    1,
    1,
    1,
    1,
    1,
    1,
    1,
    1,
    1,
    1,
    1,
    1,
    1,
    1
  ],
  "verification": {
    "initial_state_digest": "bf15a03168908733a0bbf92fbde3e7dee1e7030c62860d48e37f0f2c8edb2611",
    "training_data_digest": "49b649b90022425464edb4b1be04c5562b07f69a4415eff8e2608684142c7527"
  }
}