{
  "regime": "continuous",
  "final_loss": 0.0002195934357587248,
  "training_time": 4.205632448196411,
  "duty_cycle": 100.0,
  "epochs": 3000,
  "use_solar": false,
  "adaptive_reg": false,
  "losses": [
    0.03689621761441231,
    0.010696738958358765,
    0.009213149547576904,
    0.008887558244168758,
    0.008700002916157246,
    0.008588455617427826,
    0.00851711630821228,
    0.00846229586750269,
    0.008408401161432266,
    0.008354159072041512,
    0.008298550732433796,
    0.00824127346277237,
    0.00818252470344305,
    0.00812250655144453,
    0.008061353117227554,
    0.00799920130521059,
    0.007936178706586361,
    0.007872400805354118,
    0.007807969581335783,
    0.007742979098111391,
    0.007677512709051371,
    0.007611644919961691,
    0.007545447442680597,
    0.007478983607143164,
    0.007412311155349016,
    0.007345483638346195,
    0.00727855134755373,
    0.0072115566581487656,
    0.007144546136260033,
    0.007077554706484079,
    0.00701061962172389,
    0.00694377301260829,
    0.0068770465441048145,
    0.006810469552874565,
    0.0067440662533044815,
    0.006677864119410515,
    0.006611883640289307,
    0.00654614670202136,
    0.006480673793703318,
    0.0064154816791415215,
    0.0063505880534648895,
    0.006286009680479765,
    0.00622175820171833,
    0.006157849915325642,
    0.006094296928495169,
    0.006031109020113945,
    0.005968296900391579,
    0.005905871745198965,
    0.005843841936439276,
    0.005782215856015682,
    0.005721000488847494,
    0.005660202819854021,
    0.005599829833954573,
    0.005539886187762022,
    0.005480378866195679,
    0.005421310197561979,
    0.0053626857697963715,
    0.005304509308189154,
    0.0052467831410467625,
    0.005189511924982071,
    0.005132696591317654,
    0.0050763399340212345,
    0.005020443350076675,
    0.0049650100991129875,
    0.004910039249807596,
    0.004855532199144363,
    0.004801490809768438,
    0.004747915547341108,
    0.004694804549217224,
    0.00464216060936451,
    0.0045899818651378155,
    0.004538268316537142,
    0.0044870199635624886,
    0.0044362349435687065,
    0.004385913722217083,
    0.004336055368185043,
    0.004286657087504864,
    0.004237718414515257,
    0.004189239349216223,
    0.004141216166317463,
    0.004093647934496403,
    0.00404653325676918,
    0.003999870270490646,
    0.003953658044338226,
    0.003907893318682909,
    0.0038625735323876143,
    0.0038176975212991238,
    0.0037732634227722883,
    0.0037292682100087404,
    0.003685709787532687,
    0.0036425855942070484,
    0.0035998933017253876,
    0.003557630581781268,
    0.003515794174745679,
    0.003474382683634758,
    0.003433392383158207,
    0.00339282164350152,
    0.003352666273713112,
    0.00331292487680912,
    0.003273594193160534,
    0.003234670963138342,
    0.003196153324097395,
    0.0031580375507473946,
    0.0031203213147819042,
    0.003083001123741269,
    0.0030460746493190527,
    0.0030095388647168875,
    0.0029733905103057623,
    0.002937627024948597,
    0.0029022451490163803,
    0.0028672420885413885,
    0.002832614816725254,
    0.0027983596082776785,
    0.0027644748333841562,
    0.002730956068262458,
    0.002697800751775503,
    0.0026650067884474993,
    0.002632570220157504,
    0.0026004877872765064,
    0.0025687566958367825,
    0.002537374384701252,
    0.002506338059902191,
    0.002475643763318658,
    0.002445288933813572,
    0.002415270311757922,
    0.0023855846375226974,
    0.002356229815632105,
    0.002327202120795846,
    0.0022984985262155533,
    0.002270116237923503,
    0.0022420526947826147,
    0.002214304404333234,
    0.002186868339776993,
    0.0021597419399768114,
    0.002132921712473035,
    0.0021064053289592266,
    0.0020801895298063755,
    0.002054271986708045,
    0.002028648741543293,
    0.0020033176988363266,
    0.0019782755989581347,
    0.0019535201136022806,
    0.0019290478667244315,
    0.0019048562971875072,
    0.0018809424946084619,
    0.0018573043635115027,
    0.0018339378293603659,
    0.001810841029509902,
    0.0017880110535770655,
    0.0017654452240094543,
    0.0017431407468393445,
    0.0017210951773449779,
    0.0016993056051433086,
    0.0016777693526819348,
    0.0016564843244850636,
    0.00163544702809304,
    0.001614655600860715,
    0.0015941072488203645,
    0.0015737992944195867,
    0.001553729409351945,
    0.0015338949160650373,
    0.001514293602667749,
    0.0014949229080229998,
    0.001475780038163066,
    0.0014568631304427981,
    0.001438169158063829,
    0.001419696374796331,
    0.001401442103087902,
    0.001383403898216784,
    0.001365579548291862,
    0.0013479668414220214,
    0.0013305634493008256,
    0.001313367043621838,
    0.0012963752960786223,
    0.0012795862276107073,
    0.0012629973934963346,
    0.001246606931090355,
    0.00123041239567101,
    0.0012144115753471851,
    0.0011986024910584092,
    0.0011829833965748549,
    0.0011675517307594419,
    0.001152305630967021,
    0.0011372427688911557,
    0.0011223615147173405,
    0.0011076597729697824,
    0.0010931353317573667,
    0.0010787865612655878,
    0.001064611249603331,
    0.0010506075341254473,
    0.001036773668602109,
    0.0010231073247268796,
    0.001009607221931219,
    0.0009962712647393346,
    0.0009830975905060768,
    0.0009700843947939575,
    0.0009572297567501664,
    0.0009445320465601981,
    0.0009319895762018859,
    0.0009196004248224199,
    0.0009073627879843116,
    0.0008952753851190209,
    0.0008833362371660769,
    0.0008715435978956521,
    0.0008598959539085627,
    0.0008483916171826422,
    0.0008370289579033852,
    0.0008258064044639468,
    0.0008147225016728044,
    0.0008037751540541649,
    0.0007929635467007756,
    0.0007822855841368437,
    0.0007717400440014899,
    0.0007613251800648868,
    0.0007510398281738162,
    0.0007408822420984507,
    0.0007308509666472673,
    0.0007209447212517262,
    0.0007111618760973215,
    0.0007015011506155133,
    0.0006919610896147788,
    0.0006825403543189168,
    0.0006732376059517264,
    0.0006640513893216848,
    0.0006549804820679128,
    0.0006460233707912266,
    0.0006371789495460689,
    0.0006284457049332559,
    0.0006198225310072303,
    0.0006113081471994519,
    0.0006029011565260589,
    0.0005946004530414939,
    0.0005864046979695559,
    0.0005783127271570265,
    0.0005703233764506876,
    0.0005624353652819991,
    0.0005546475877054036,
    0.0005469588213600218,
    0.0005393679020926356,
    0.0005318737239576876,
    0.0005244752392172813,
    0.0005171711090952158,
    0.0005099604604765773,
    0.0005028420127928257,
    0.0004958148347213864,
    0.0004888777621090412,
    0.00048202983452938497,
    0.000475269858725369,
    0.0004685969033744186,
    0.000462009891634807,
    0.0004555078921839595,
    0.00044908979907631874,
    0.0004427545936778188,
    0.0004365014610812068,
    0.00043032929534092546,
    0.0004242371942382306,
    0.0004182241973467171,
    0.00041228934423998,
    0.00040643179090693593,
    0.00040065046050585806,
    0.00039494456723332405,
    0.00038931320887058973,
    0.00038375548319891095,
    0.00037827042979188263,
    0.0003728572919499129,
    0.0003675151674542576,
    0.00036224318319000304,
    0.0003570405824575573,
    0.0003519064630381763,
    0.0003468400100246072,
    0.0003418404085095972,
    0.00033690687268972397,
    0.0003320386167615652,
    0.0003272347676102072,
    0.00032249471405521035,
    0.00031781758298166096,
    0.0003132025885861367,
    0.00030864900327287614,
    0.0003041561576537788,
    0.0002997232077177614,
    0.000295349454972893,
    0.0002910343464463949,
