{
  "regime": "passive",
  "final_loss": 0.0017453597392886877,
  "training_time": 2.0611815452575684,
  "duty_cycle": 50.0,
  "epochs": 3000,
  "use_solar": true,
  "adaptive_reg": false,
  "losses": [
    0.03689621761441231,
    0.010696738958358765,
    0.009213149547576904,
    0.008887558244168758,
    0.008700002916157246,
    0.008588455617427826,
    0.00851711630821228,
    0.00846229586750269,
    0.008408401161432266,
    0.008354159072041512,
    0.008298550732433796,
    0.00824127346277237,
    0.00818252470344305,
    0.00812250655144453,
    0.008061353117227554,
    0.00799920130521059,
    0.007936178706586361,
    0.007872400805354118,
    0.007807969581335783,
    0.007742979098111391,
    0.007677512709051371,
    0.007611644919961691,
    0.007545447442680597,
    0.007478983607143164,
    0.007412311155349016,
    0.007345483638346195,
    0.00727855134755373,
    0.0072115566581487656,
    0.007144546136260033,
    0.007077554706484079,
    0.00701061962172389,
    0.00694377301260829,
    0.0068770465441048145,
    0.006810469552874565,
    0.0067440662533044815,
    0.006677864119410515,
    0.006611883640289307,
    0.00654614670202136,
    0.006480673793703318,
    0.0064154816791415215,
    0.0063505880534648895,
    0.006286009680479765,
    0.00622175820171833,
    0.006157849915325642,
    0.006094296928495169,
    0.006031109020113945,
    0.005968296900391579,
    0.005905871745198965,
    0.005843841936439276,
    0.005782215856015682,
    0.005721000488847494,
    0.005660202819854021,
    0.005599829833954573,
    0.005539886187762022,
    0.005480378866195679,
    0.005421310197561979,
    0.0053626857697963715,
    0.005304509308189154,
    0.0052467831410467625,
    0.005189511924982071,
    0.005132696591317654,
    0.0050763399340212345,
    0.005020443350076675,
    0.0049650100991129875,
    0.004910039249807596,
    0.004855532199144363,
    0.004801490809768438,
    0.004747915547341108,
    0.004694804549217224,
    0.00464216060936451,
    0.0045899818651378155,
    0.004538268316537142,
    0.0044870199635624886,
    0.0044362349435687065,
    0.004385913722217083,
    0.004336055368185043,
    0.004286657087504864,
    0.004237718414515257,
    0.004189239349216223,
    0.004141216166317463,
    0.004093647934496403,
    0.00404653325676918,
    0.003999870270490646,
    0.003953658044338226,
    0.003907893318682909,
    0.0038625735323876143,
    0.0038176975212991238,
    0.0037732634227722883,
    0.0037292682100087404,
    0.003685709787532687,
    0.0036425855942070484,
    0.0035998933017253876,
    0.003557630581781268,
    0.003515794174745679,
    0.003474382683634758,
    0.003433392383158207,
    0.00339282164350152,
    0.003352666273713112,
    0.00331292487680912,
    0.003273594193160534,
    0.003234670963138342,
    0.003196153324097395,
    0.0031580375507473946,
    0.0031203213147819042,
    0.003083001123741269,
    0.0030460746493190527,
    0.0030095388647168875,
    0.0029733905103057623,
    0.002937627024948597,
    0.0029022451490163803,
    0.0028672420885413885,
    0.002832614816725254,
    0.0027983596082776785,
    0.0027644748333841562,
    0.002730956068262458,
    0.002697800751775503,
    0.0026650067884474993,
    0.002632570220157504,
    0.0026004877872765064,
    0.0025687566958367825,
    0.002537374384701252,
    0.002506338059902191,
    0.002475643763318658,
    0.002445288933813572,
    0.002415270311757922,
    0.0023855846375226974,
    0.002356229815632105,
    0.002327202120795846,
    0.0022984985262155533,
    0.002270116237923503,
    0.0022420526947826147,
    0.002214304404333234,
    0.002186868339776993,
    0.0021597419399768114,
    0.002132921712473035,
    0.0021064053289592266,
    0.0020801895298063755,
    0.002054271986708045,
    0.002028648741543293,
    0.0020033176988363266,
    0.0019782755989581347,
    0.0019535201136022806,
    0.0019290478667244315,
    0.0019048562971875072,
    0.0018809424946084619,
    0.0018573043635115027,
    0.0018339378293603659,
    0.001810841029509902,
    0.0017880110535770655,
    0.0017654452240094543
  ],
  "duty_log": [
    1,
    1,
    1,
    1,
    1,
    1,
    1,
    1,
    1,
    1,
    1,
    1,
    1,
    1,
    1,
    1,
    1,
    1,
    1,
    1,
    1,
    1,
    1,
    1,
    1,
    1,
    1,
    1,
    1,
    1,
    1,
    1,
    1,
    1,
    1,
    1,
    1,
    1,
    1,
    1,
    1,
    1,
    1,
    1,
    1,
    1,
    1,
    1,
    1,
    1,
    1,
    1,
    1,
    1,
    1,
    1,
    1,
    1,
    1,
    1,
    1,
    1,
    1,
    1,
    1,
    1,
    1,
    1,
    1,
    1,
    1,
    1,
    1,
    1,
    1,
    1,
    1,
    1,
    1,
    1,
    1,
    1,
    1,
    1,
    1,
    1,
    1,
    1,
    1,
    1,
    1,
    1,
    1,
    1,
    1,
    1,
    1,
    1,
    1,
    1,
    1,
    1,
    1,
    1,
    1,
    1,
    1,
    1,
    1,
    1,
    1,
    1,
    1,
    1,
    1,
    1,
    1,
    1,
    1,
    1,
    1,
    1,
    1,
    1,
    1,
    1,
    1,
    1,
    1,
    1,
    1,
    1,
    1,
    1,
    1,
    1,
    1,
    1,
    1,
    1,
    1,
    1,
    1,
    1,
    1,
    1,
    1,
    1,
    1,
    1,
    1,
    1,
    1,
    1,
    1,
    1,
    1,
    1,
    1,
    1,
    1,
    1,
    1,
    1,
    1,
    1,
    1,
    1,
    1,
    1,
    1,
    1,
    1,
    1,
    1,
    1,
    1,
    1,
    1,
    1,
    1,
    1,
    1,
    1,
    1,
    1,
    1,
    1,
    1,
    1,
    1,
    1,
    1,
    1,
    1,
    1,
    1,
    1,
    1,
    1,
    1,
    1,
    1,
    1,
    1,
    1,
    1,
    1,
    1,
    1,
    1,
    1,
    1,
    1,
    1,
    1,
    1,
    1,
    1,
    1,
    1,
    1,
    1,
    1,
    1,
    1,
    1,
    1,
    1,
    1,
    1,
    1,
    1,
    1,
    1,
    1,
    1,
    1,
    1,
    1,
    1,
    1,
    1,
    1,
    1,
    1,
    1,
    1,
    1,
    1,
    1,
    1,
    1,
    1,
    1,
    1,
    1,
    1,
    1,
    1,
    1,
    1,
    1,
    1,
    1,
    1,
    1,
    1,
    1,
    1,
    1,
    1,
    1,
    1,
    1,
    1,
    1,
    1,
    1,
    1,
    1,
    1,
    1,
    1,
    1,
    1,
    1,
    1,
    1,
    1,
    1,
    1,
    1,
    1,
    1,
    1,
    1,
    1,
    1,
    1
  ],
  "verification": {
    "initial_state_digest": "bf15a03168908733a0bbf92fbde3e7dee1e7030c62860d48e37f0f2c8edb2611",
    "training_data_digest": "49b649b90022425464edb4b1be04c5562b07f69a4415eff8e2608684142c7527"
  }
}