{
  "mae_mean": 0.00027335834612285495,
  "mae_std": 0.0001435725689895399,
  "mae_cv": 52.521743354788356,
  "rmse_mean": 0.000341011224950775,
  "rmse_std": 0.00017077442118524055,
  "compression_mean": 97.22619047619048,
  "compression_std": 0.08522512537664395,
  "compression_cv": 0.08765655114041988,
  "clusters_mean": 93.2,
  "clusters_std": 2.8635642126552705,
  "time_mean": 3.3545742511749266,
  "time_std": 0.06431508076475673
}