{
  "regime": "active",
  "final_loss": 0.0022593296598643064,
  "training_time": 2.0126640796661377,
  "duty_cycle": 50.0,
  "epochs": 3000,
  "use_solar": true,
  "adaptive_reg": true,
  "losses": [
    0.07342547923326492,
    0.010803945362567902,
    0.010273365303874016,
    0.009828973561525345,
    0.008884759619832039,
    0.008800894021987915,
    0.008678398095071316,
    0.008614523336291313,
    0.008570726029574871,
    0.008526796475052834,
    0.008480506017804146,
    0.008434964343905449,
    0.008387982845306396,
    0.008339711464941502,
    0.008290371857583523,
    0.008240096271038055,
    0.008189024403691292,
    0.008137266151607037,
    0.008084920234978199,
    0.00803207978606224,
    0.00797882117331028,
    0.007925217971205711,
    0.007871326990425587,
    0.007817207835614681,
    0.0077629066072404385,
    0.007708467077463865,
    0.007653926033526659,
    0.00759931793436408,
    0.007544672582298517,
    0.00749001931399107,
    0.0074353767558932304,
    0.007380770053714514,
    0.00732621643692255,
    0.007271733600646257,
    0.007217335049062967,
    0.007163034286350012,
    0.007108843885362148,
    0.007054771762341261,
    0.007000829093158245,
    0.00694702286273241,
    0.006893360987305641,
    0.006839850451797247,
    0.006786494981497526,
    0.0067333015613257885,
    0.006680272053927183,
    0.0066274129785597324,
    0.006574724800884724,
    0.006522213574498892,
    0.006469879299402237,
    0.0064177257008850574,
    0.006365754641592503,
    0.006313967984169722,
    0.006262366194278002,
    0.006210952531546354,
    0.0061597260646522045,
    0.006108690518885851,
    0.006057843565940857,
    0.006007190328091383,
    0.00595672894269228,
    0.0059064594097435474,
    0.005856385920196772,
    0.005806504748761654,
    0.005756821017712355,
    0.005707332398742437,
    0.005658040288835764,
    0.005608946084976196,
    0.005560047924518585,
    0.005511350929737091,
    0.005462851841002703,
    0.005414553452283144,
    0.005366455297917128,
    0.005318557843565941,
    0.005270863883197308,
    0.005223371554166079,
    0.00517608318477869,
    0.0051289997063577175,
    0.005082122050225735,
    0.005035450682044029,
    0.004988985136151314,
    0.0049427286721765995,
    0.004896680824458599,
    0.004850843921303749,
    0.0048052161000669,
    0.004759801551699638,
    0.004714600276201963,
    0.004669612739235163,
    0.004624840337783098,
    0.004580283537507057,
    0.004535946063697338,
    0.004491825588047504,
    0.004447926301509142,
    0.004404246807098389,
    0.004360790364444256,
    0.004317556042224169,
    0.004274547565728426,
    0.004231764003634453,
    0.004189208149909973,
    0.004146880470216274,
    0.004104782361537218,
    0.004062914755195379,
    0.00402127904817462,
    0.003979876171797514,
    0.003938707988709211,
    0.0038977754302322865,
    0.0038570791948586702,
    0.0038166209124028683,
    0.003776402212679386,
    0.003736423561349511,
    0.0036966861225664616,
    0.0036571905948221684,
    0.0036179395392537117,
    0.0035789329558610916,
    0.003540171543136239,
    0.0035016569308936596,
    0.003463390050455928,
    0.003425372065976262,
    0.003387603908777237,
    0.0033500855788588524,
    0.0033128191716969013,
    0.00327580445446074,
    0.0032390430569648743,
    0.003202535677701235,
    0.0031662823166698217,
    0.003130284370854497,
    0.003094542771577835,
    0.003059057518839836,
    0.003023829311132431,
    0.002988859312608838,
    0.002954147756099701,
    0.0029196941759437323,
    0.0028855009004473686,
    0.002851566532626748,
    0.0028178924694657326,
    0.0027844789437949657,
    0.002751326886937022,
    0.002718434203416109,
    0.002685803920030594,
    0.002653435105457902,
    0.0026213270612061024,
    0.0025894814170897007,
    0.002557897474616766,
    0.0025265750009566545,
    0.0024955144617706537,
    0.00246471562422812,
    0.0024341789539903402,
    0.0024039035197347403,
    0.0023738897871226072,
    0.00234413705766201,
    0.002314645564183593,
    0.0022854143753647804
  ],
  "duty_log": [
    1,
    1,
    1,
    1,
    1,
    1,
    1,
    1,
    1,
    1,
    1,
    1,
    1,
    1,
    1,
    1,
    1,
    1,
    1,
    1,
    1,
    1,
    1,
    1,
    1,
    1,
    1,
    1,
    1,
    1,
    1,
    1,
    1,
    1,
    1,
    1,
    1,
    1,
    1,
    1,
    1,
    1,
    1,
    1,
    1,
    1,
    1,
    1,
    1,
    1,
    1,
    1,
    1,
    1,
    1,
    1,
    1,
    1,
    1,
    1,
    1,
    1,
    1,
    1,
    1,
    1,
    1,
    1,
    1,
    1,
    1,
    1,
    1,
    1,
    1,
    1,
    1,
    1,
    1,
    1,
    1,
    1,
    1,
    1,
    1,
    1,
    1,
    1,
    1,
    1,
    1,
    1,
    1,
    1,
    1,
    1,
    1,
    1,
    1,
    1,
    1,
    1,
    1,
    1,
    1,
    1,
    1,
    1,
    1,
    1,
    1,
    1,
    1,
    1,
    1,
    1,
    1,
    1,
    1,
    1,
    1,
    1,
    1,
    1,
    1,
    1,
    1,
    1,
    1,
    1,
    1,
    1,
    1,
    1,
    1,
    1,
    1,
    1,
    1,
    1,
    1,
    1,
    1,
    1,
    1,
    1,
    1,
    1,
    1,
    1,
    1,
    1,
    1,
    1,
    1,
    1,
    1,
    1,
    1,
    1,
    1,
    1,
    1,
    1,
    1,
    1,
    1,
    1,
    1,
    1,
    1,
    1,
    1,
    1,
    1,
    1,
    1,
    1,
    1,
    1,
    1,
    1,
    1,
    1,
    1,
    1,
    1,
    1,
    1,
    1,
    1,
    1,
    1,
    1,
    1,
    1,
    1,
    1,
    1,
    1,
    1,
    1,
    1,
    1,
    1,
    1,
    1,
    1,
    1,
    1,
    1,
    1,
    1,
    1,
    1,
    1,
    1,
    1,
    1,
    1,
    1,
    1,
    1,
    1,
    1,
    1,
    1,
    1,
    1,
    1,
    1,
    1,
    1,
    1,
    1,
    1,
    1,
    1,
    1,
    1,
    1,
    1,
    1,
    1,
    1,
    1,
    1,
    1,
    1,
    1,
    1,
    1,
    1,
    1,
    1,
    1,
    1,
    1,
    1,
    1,
    1,
    1,
    1,
    1,
    1,
    1,
    1,
    1,
    1,
    1,
    1,
    1,
    1,
    1,
    1,
    1,
    1,
    1,
    1,
    1,
    1,
    1,
    1,
    1,
    1,
    1,
    1,
    1,
    1,
    1,
    1,
    1,
    1,
    1,
    1,
    1,
    1,
    1,
    1,
    1
  ],
  "verification": {
    "initial_state_digest": "7719175df24f7439f4f505cac307d996cc5e15e6a9038d572ca4c10a653ec955",
    "training_data_digest": "49b649b90022425464edb4b1be04c5562b07f69a4415eff8e2608684142c7527"
  }
}