{
  "regime": "continuous",
  "final_loss": 0.00030474417144432664,
  "training_time": 4.207404613494873,
  "duty_cycle": 100.0,
  "epochs": 3000,
  "use_solar": false,
  "adaptive_reg": false,
  "losses": [
    0.07342547923326492,
    0.010774847120046616,
    0.0102155776694417,
    0.009743008762598038,
    0.008771102875471115,
    0.00866017397493124,
    0.008511273190379143,
    0.008421599864959717,
    0.00835270993411541,
    0.008284374140202999,
    0.008214368484914303,
    0.008145803585648537,
    0.008076494559645653,
    0.008006583899259567,
    0.007936283946037292,
    0.007865723222494125,
    0.007795027922838926,
    0.007724297698587179,
    0.007653624285012484,
    0.007583084981888533,
    0.007512746378779411,
    0.007442668080329895,
    0.007372898515313864,
    0.0073034814558923244,
    0.007234453223645687,
    0.007165844552218914,
    0.007097682449966669,
    0.007029988337308168,
    0.006962781306356192,
    0.006896075792610645,
    0.006829888094216585,
    0.006764222867786884,
    0.006699094548821449,
    0.006634507328271866,
    0.006570466794073582,
    0.0065069738775491714,
    0.0064440337009727955,
    0.006381646730005741,
    0.006319812964648008,
    0.006258531007915735,
    0.006197801325470209,
    0.006137621123343706,
    0.006077987607568502,
    0.006018897984176874,
    0.005960349924862385,
    0.0059023392386734486,
    0.0058448598720133305,
    0.005787909962236881,
    0.005731484852731228,
    0.005675578489899635,
    0.00562018807977438,
    0.0055653066374361515,
    0.0055109309032559395,
    0.005457054823637009,
    0.005403673741966486,
    0.005350782070308924,
    0.005298375617712736,
    0.005246447864919901,
    0.0051949950866401196,
    0.005144011229276657,
    0.0050934916362166405,
    0.005043431650847197,
    0.004993826150894165,
    0.0049446686170995235,
    0.004895956255495548,
    0.004847684409469366,
    0.004799846559762955,
    0.004752438981086016,
    0.004705457482486963,
    0.004658896010369062,
    0.004612752702087164,
    0.004567020107060671,
    0.004521695896983147,
    0.004476775415241718,
    0.004432254936546087,
    0.0043881298042833805,
    0.004344395361840725,
    0.004301048349589109,
    0.0042580850422382355,
    0.004215501714497805,
    0.004173295106738806,
    0.0041314600966870785,
    0.004089992493391037,
    0.004048891365528107,
    0.0040081520564854145,
    0.003967770375311375,
    0.003927744459360838,
    0.0038880696520209312,
    0.0038487424608319998,
    0.0038097617216408253,
    0.003771123243495822,
    0.0037328237667679787,
    0.0036948597989976406,
    0.0036572287790477276,
    0.003619928378611803,
    0.0035829555708914995,
    0.003546307096257806,
    0.003509980859234929,
    0.0034739726688712835,
    0.0034382822923362255,
    0.003402905073016882,
    0.003367840079590678,
    0.0033330831211060286,
    0.00329863210208714,
    0.0032644853927195072,
    0.0032306399662047625,
    0.0031970934942364693,
    0.0031638438813388348,
    0.0031308885663747787,
    0.0030982252210378647,
    0.0030658512841910124,
    0.0030337651260197163,
    0.00300196441821754,
    0.002970446366816759,
    0.0029392102733254433,
    0.002908252412453294,
    0.0028775716200470924,
    0.002847165334969759,
    0.002817031927406788,
    0.002787168836221099,
    0.00275757466442883,
    0.002728247782215476,
    0.0026991849299520254,
    0.0026703847106546164,
    0.0026418459601700306,
    0.0026135649532079697,
    0.0025855419225990772,
    0.0025577733758836985,
    0.0025302583817392588,
    0.002502995077520609,
    0.002475981367751956,
    0.0024492149241268635,
    0.002422694582492113,
    0.0023964184802025557,
    0.0023703845217823982,
    0.002344591775909066,
    0.002319037215784192,
    0.002293720142915845,
    0.0022686386946588755,
    0.0022437903098762035,
    0.0022191740572452545,
    0.002194788306951523,
    0.0021706309635192156,
    0.002146700397133827,
    0.0021229952108114958,
    0.002099513541907072,
    0.002076253993436694,
    0.002053214469924569,
    0.002030393574386835,
    0.00200778990983963,
    0.0019854013808071613,
    0.0019632272887974977,
    0.0019412646070122719,
    0.0019195127533748746,
    0.0018979700980708003,
    0.001876635360531509,
    0.0018555057467892766,
    0.0018345809075981379,
    0.0018138589803129435,
    0.001793338218703866,
    0.0017730171093717217,
    0.0017528942553326488,
    0.001732968376018107,
    0.0017132377251982689,
    0.0016937003238126636,
    0.00167435547336936,
    0.001655201194807887,
    0.0016362363239750266,
    0.001617459231056273,
    0.0015988684026524425,
    0.001580462441779673,
    0.0015622401842847466,
    0.001544199651107192,
    0.0015263395616784692,
    0.0015086588682606816,
    0.0014911557082086802,
    0.0014738289173692465,
    0.0014566769823431969,
    0.001439698738977313,
    0.0014228924410417676,
    0.001406257040798664,
    0.001389790908433497,
    0.001373492879793048,
    0.0013573610922321677,
    0.001341395080089569,
    0.0013255926314741373,
    0.0013099529314786196,
    0.001294474583119154,
    0.001279155840165913,
    0.0012639958877116442,
    0.001248993445187807,
    0.0012341467663645744,
    0.0012194548035040498,
    0.0012049166252836585,
    0.0011905301362276077,
    0.0011762947542592883,
    0.0011622087331488729,
    0.0011482711415737867,
    0.0011344806989654899,
    0.0011208360083401203,
    0.0011073359055444598,
    0.00109397922642529,
    0.0010807645739987493,
    0.0010676909005269408,
    0.0010547569254413247,
    0.001041961251758039,
    0.001029303064569831,
    0.0010167807340621948,
    0.0010043935617431998,
    0.000992140150628984,
    0.0009800191037356853,
    0.0009680294897407293,
    0.0009561700862832367,
    0.000944439962040633,
    0.0009328376036137342,
    0.0009213621378876269,
    0.000910012109670788,
    0.0008987868204712868,
    0.0008876848150976002,
    0.0008767053368501365,
    0.0008658470469526947,
    0.0008551087812520564,
    0.0008444895502179861,
    0.0008339883061125875,
    0.000823604001197964,
    0.0008133352966979146,
    0.0008031815523281693,
    0.0007931413128972054,
    0.0007832138217054307,
    0.0007733979145996273,
    0.0007636925438418984,
    0.0007540967199020088,
    0.0007446093950420618,
    0.0007352295215241611,
    0.0007259561098180711,
    0.0007167882286012173,
    0.0007077249465510249,
    0.0006987648666836321,
    0.0006899075233377516,
    0.0006811516941525042,
    0.0006724963895976543,
    0.0006639407365582883,
    0.0006554836290888488,
    0.000647124310489744,
    0.0006388616748154163,
    0.0006306948489509523,
    0.0006226229597814381,
    0.0006146449595689774,
    0.0006067600916139781,
    0.000598967366386205,
    0.0005912657943554223,
    0.0005836546188220382,
    0.0005761328502558172,
    0.0005686996155418456,
    0.0005613541579805315,
    0.0005540953134186566,
    0.0005469225579872727,
    0.0005398347857408226,
    0.0005328312981873751,
    0.0005259111057966948,
    0.0005190735100768507,
    0.0005123176379129291,
    0.0005056425579823554,
    0.0004990475717931986,
    0.000492531806230545,
    0.0004860944754909724,
    0.00047973464825190604,
    0.0004734517424367368,
    0.0004672447976190597,
    0.00046111305709928274,
    0.00045505582238547504,
    0.00044907236588187516,
    0.00044316169805824757,
    0.0004373231786303222,
    0.00043155610910616815,
    0.00042585961637087166,
    0.0004202330601401627,
    0.00041467565461061895,
    0.0004091867303941399,
    0.0004037654143758118,
    0.00039841109537519515,
    0.0003931230749003589,
