{
  "regime": "passive",
  "final_loss": 0.001987630734220147,
  "training_time": 2.0089914798736572,
  "duty_cycle": 50.0,
  "epochs": 3000,
  "use_solar": true,
  "adaptive_reg": false,
  "losses": [
    0.07342547923326492,
    0.010774847120046616,
    0.0102155776694417,
    0.009743008762598038,
    0.008771102875471115,
    0.00866017397493124,
    0.008511273190379143,
    0.008421599864959717,
    0.00835270993411541,
    0.008284374140202999,
    0.008214368484914303,
    0.008145803585648537,
    0.008076494559645653,
    0.008006583899259567,
    0.007936283946037292,
    0.007865723222494125,
    0.007795027922838926,
    0.007724297698587179,
    0.007653624285012484,
    0.007583084981888533,
    0.007512746378779411,
    0.007442668080329895,
    0.007372898515313864,
    0.0073034814558923244,
    0.007234453223645687,
    0.007165844552218914,
    0.007097682449966669,
    0.007029988337308168,
    0.006962781306356192,
    0.006896075792610645,
    0.006829888094216585,
    0.006764222867786884,
    0.006699094548821449,
    0.006634507328271866,
    0.006570466794073582,
    0.0065069738775491714,
    0.0064440337009727955,
    0.006381646730005741,
    0.006319812964648008,
    0.006258531007915735,
    0.006197801325470209,
    0.006137621123343706,
    0.006077987607568502,
    0.006018897984176874,
    0.005960349924862385,
    0.0059023392386734486,
    0.0058448598720133305,
    0.005787909962236881,
    0.005731484852731228,
    0.005675578489899635,
    0.00562018807977438,
    0.0055653066374361515,
    0.0055109309032559395,
    0.005457054823637009,
    0.005403673741966486,
    0.005350782070308924,
    0.005298375617712736,
    0.005246447864919901,
    0.0051949950866401196,
    0.005144011229276657,
    0.0050934916362166405,
    0.005043431650847197,
    0.004993826150894165,
    0.0049446686170995235,
    0.004895956255495548,
    0.004847684409469366,
    0.004799846559762955,
    0.004752438981086016,
    0.004705457482486963,
    0.004658896010369062,
    0.004612752702087164,
    0.004567020107060671,
    0.004521695896983147,
    0.004476775415241718,
    0.004432254936546087,
    0.0043881298042833805,
    0.004344395361840725,
    0.004301048349589109,
    0.0042580850422382355,
    0.004215501714497805,
    0.004173295106738806,
    0.0041314600966870785,
    0.004089992493391037,
    0.004048891365528107,
    0.0040081520564854145,
    0.003967770375311375,
    0.003927744459360838,
    0.0038880696520209312,
    0.0038487424608319998,
    0.0038097617216408253,
    0.003771123243495822,
    0.0037328237667679787,
    0.0036948597989976406,
    0.0036572287790477276,
    0.003619928378611803,
    0.0035829555708914995,
    0.003546307096257806,
    0.003509980859234929,
    0.0034739726688712835,
    0.0034382822923362255,
    0.003402905073016882,
    0.003367840079590678,
    0.0033330831211060286,
    0.00329863210208714,
    0.0032644853927195072,
    0.0032306399662047625,
    0.0031970934942364693,
    0.0031638438813388348,
    0.0031308885663747787,
    0.0030982252210378647,
    0.0030658512841910124,
    0.0030337651260197163,
    0.00300196441821754,
    0.002970446366816759,
    0.0029392102733254433,
    0.002908252412453294,
    0.0028775716200470924,
    0.002847165334969759,
    0.002817031927406788,
    0.002787168836221099,
    0.00275757466442883,
    0.002728247782215476,
    0.0026991849299520254,
    0.0026703847106546164,
    0.0026418459601700306,
    0.0026135649532079697,
    0.0025855419225990772,
    0.0025577733758836985,
    0.0025302583817392588,
    0.002502995077520609,
    0.002475981367751956,
    0.0024492149241268635,
    0.002422694582492113,
    0.0023964184802025557,
    0.0023703845217823982,
    0.002344591775909066,
    0.002319037215784192,
    0.002293720142915845,
    0.0022686386946588755,
    0.0022437903098762035,
    0.0022191740572452545,
    0.002194788306951523,
    0.0021706309635192156,
    0.002146700397133827,
    0.0021229952108114958,
    0.002099513541907072,
    0.002076253993436694,
    0.002053214469924569,
    0.002030393574386835,
    0.00200778990983963
  ],
  "duty_log": [
    1,
    1,
    1,
    1,
    1,
    1,
    1,
    1,
    1,
    1,
    1,
    1,
    1,
    1,
    1,
    1,
    1,
    1,
    1,
    1,
    1,
    1,
    1,
    1,
    1,
    1,
    1,
    1,
    1,
    1,
    1,
    1,
    1,
    1,
    1,
    1,
    1,
    1,
    1,
    1,
    1,
    1,
    1,
    1,
    1,
    1,
    1,
    1,
    1,
    1,
    1,
    1,
    1,
    1,
    1,
    1,
    1,
    1,
    1,
    1,
    1,
    1,
    1,
    1,
    1,
    1,
    1,
    1,
    1,
    1,
    1,
    1,
    1,
    1,
    1,
    1,
    1,
    1,
    1,
    1,
    1,
    1,
    1,
    1,
    1,
    1,
    1,
    1,
    1,
    1,
    1,
    1,
    1,
    1,
    1,
    1,
    1,
    1,
    1,
    1,
    1,
    1,
    1,
    1,
    1,
    1,
    1,
    1,
    1,
    1,
    1,
    1,
    1,
    1,
    1,
    1,
    1,
    1,
    1,
    1,
    1,
    1,
    1,
    1,
    1,
    1,
    1,
    1,
    1,
    1,
    1,
    1,
    1,
    1,
    1,
    1,
    1,
    1,
    1,
    1,
    1,
    1,
    1,
    1,
    1,
    1,
    1,
    1,
    1,
    1,
    1,
    1,
    1,
    1,
    1,
    1,
    1,
    1,
    1,
    1,
    1,
    1,
    1,
    1,
    1,
    1,
    1,
    1,
    1,
    1,
    1,
    1,
    1,
    1,
    1,
    1,
    1,
    1,
    1,
    1,
    1,
    1,
    1,
    1,
    1,
    1,
    1,
    1,
    1,
    1,
    1,
    1,
    1,
    1,
    1,
    1,
    1,
    1,
    1,
    1,
    1,
    1,
    1,
    1,
    1,
    1,
    1,
    1,
    1,
    1,
    1,
    1,
    1,
    1,
    1,
    1,
    1,
    1,
    1,
    1,
    1,
    1,
    1,
    1,
    1,
    1,
    1,
    1,
    1,
    1,
    1,
    1,
    1,
    1,
    1,
    1,
    1,
    1,
    1,
    1,
    1,
    1,
    1,
    1,
    1,
    1,
    1,
    1,
    1,
    1,
    1,
    1,
    1,
    1,
    1,
    1,
    1,
    1,
    1,
    1,
    1,
    1,
    1,
    1,
    1,
    1,
    1,
    1,
    1,
    1,
    1,
    1,
    1,
    1,
    1,
    1,
    1,
    1,
    1,
    1,
    1,
    1,
    1,
    1,
    1,
    1,
    1,
    1,
    1,
    1,
    1,
    1,
    1,
    1,
    1,
    1,
    1,
    1,
    1,
    1
  ],
  "verification": {
    "initial_state_digest": "7719175df24f7439f4f505cac307d996cc5e15e6a9038d572ca4c10a653ec955",
    "training_data_digest": "49b649b90022425464edb4b1be04c5562b07f69a4415eff8e2608684142c7527"
  }
}