{
  "regime": "active",
  "final_loss": 0.022793704643845558,
  "training_time": 45.54320311546326,
  "duty_cycle": 50.0,
  "epochs": 3000,
  "node_num": 16,
  "use_solar": true,
  "adaptive_reg": true,
  "losses": [
    4.169569969177246,
    1.1402904987335205,
    1.1366822719573975,
    1.0627000331878662,
    1.0035316944122314,
    0.9914720058441162,
    0.9659097790718079,
    0.9436673521995544,
    0.9190368056297302,
    0.8891303539276123,
    0.8544629812240601,
    0.8176844120025635,
    0.7838698625564575,
    0.7529650926589966,
    0.7205983996391296,
    0.6862223744392395,
    0.6488606333732605,
    0.6102968454360962,
    0.5733320713043213,
    0.5407031774520874,
    0.5124890208244324,
    0.48686495423316956,
    0.4634636640548706,
    0.4423561692237854,
    0.4235704243183136,
    0.4070129096508026,
    0.3923579454421997,
    0.3791419267654419,
    0.36694425344467163,
    0.3554835021495819,
    0.3446035385131836,
    0.3342083692550659,
    0.32423466444015503,
    0.3146609365940094,
    0.3055192530155182,
    0.29688650369644165,
    0.2888343930244446,
    0.28135278820991516,
    0.2743171751499176,
    0.2675626575946808,
    0.2609959542751312,
    0.2546069025993347,
    0.24839475750923157,
    0.24233466386795044,
    0.2363967001438141,
    0.23055660724639893,
    0.22479896247386932,
    0.2191234976053238,
    0.21354374289512634,
    0.20807714760303497,
    0.20273184776306152,
    0.19749949872493744,
    0.19235697388648987,
    0.18727023899555206,
    0.1821964532136917,
    0.17708678543567657,
    0.1718936264514923,
    0.1665763258934021,
    0.16110429167747498,
    0.15545755624771118,
    0.14962626993656158,
    0.14361029863357544,
    0.13741867244243622,
    0.13106946647167206,
    0.12458901852369308,
    0.11800993233919144,
    0.11136862635612488,
    0.10470283776521683,
    0.09805118292570114,
    0.09145546704530716,
    0.08497357368469238,
    0.080910325050354,
    0.07429351657629013,
    0.06873589754104614,
    0.06390539556741714,
    0.05963175743818283,
    0.05581754073500633,
    0.052497074007987976,
    0.049595363438129425,
    0.04708264395594597,
    0.04490271210670471,
    0.043001674115657806,
    0.04132829234004021,
    0.039849404245615005,
    0.041428953409194946,
    0.037957243621349335,
    0.03673142194747925,
    0.03560706973075867,
    0.034683894366025925,
    0.0338817797601223,
    0.03314856439828873,
    0.032486692070961,
    0.03186872601509094,
    0.03129669278860092,
    0.030764715746045113,
    0.030271122232079506,
    0.030012086033821106,
    0.02942056581377983,
    0.029321016743779182,
    0.028862610459327698,
    0.028440237045288086,
    0.028059322386980057,
    0.027766969054937363,
    0.027491653338074684,
    0.027235718443989754,
    0.026992257684469223,
    0.026762209832668304,
    0.02654477208852768,
    0.02633882872760296,
    0.026168543845415115,
    0.02919537015259266,
    0.02588677406311035,
    0.02579430863261223,
    0.02560572698712349,
    0.025420738384127617,
    0.025242429226636887,
    0.025104327127337456,
    0.02498369663953781,
    0.024863574653863907,
    0.024749718606472015,
    0.024640528485178947,
    0.02453525923192501,
    0.02443375065922737,
    0.024335702881217003,
    0.02424103207886219,
    0.024149712175130844,
    0.024094220250844955,
    0.029333073645830154,
    0.024437827989459038,
    0.024081699550151825,
    0.02389134094119072,
    0.023761620745062828,
    0.02366056852042675,
    0.0235825814306736,
    0.02351810410618782,
    0.02345963940024376,
    0.02340221218764782,
    0.02334596961736679,
    0.023291565477848053,
    0.023238401859998703,
    0.023186566308140755,
    0.02313600666821003,
    0.023086659610271454,
    0.02303849533200264,
    0.02299145609140396,
    0.022945532575249672,
    0.022900685667991638,
    0.022857414558529854,
    0.02288801781833172,
    0.028140271082520485
  ],
  "duty_log": [
    1,
    1,
    1,
    1,
    1,
    1,
    1,
    1,
    1,
    1,
    1,
    1,
    1,
    1,
    1,
    1,
    1,
    1,
    1,
    1,
    1,
    1,
    1,
    1,
    1,
    1,
    1,
    1,
    1,
    1,
    1,
    1,
    1,
    1,
    1,
    1,
    1,
    1,
    1,
    1,
    1,
    1,
    1,
    1,
    1,
    1,
    1,
    1,
    1,
    1,
    1,
    1,
    1,
    1,
    1,
    1,
    1,
    1,
    1,
    1,
    1,
    1,
    1,
    1,
    1,
    1,
    1,
    1,
    1,
    1,
    1,
    1,
    1,
    1,
    1,
    1,
    1,
    1,
    1,
    1,
    1,
    1,
    1,
    1,
    1,
    1,
    1,
    1,
    1,
    1,
    1,
    1,
    1,
    1,
    1,
    1,
    1,
    1,
    1,
    1,
    1,
    1,
    1,
    1,
    1,
    1,
    1,
    1,
    1,
    1,
    1,
    1,
    1,
    1,
    1,
    1,
    1,
    1,
    1,
    1,
    1,
    1,
    1,
    1,
    1,
    1,
    1,
    1,
    1,
    1,
    1,
    1,
    1,
    1,
    1,
    1,
    1,
    1,
    1,
    1,
    1,
    1,
    1,
    1,
    1,
    1,
    1,
    1,
    1,
    1,
    1,
    1,
    1,
    1,
    1,
    1,
    1,
    1,
    1,
    1,
    1,
    1,
    1,
    1,
    1,
    1,
    1,
    1,
    1,
    1,
    1,
    1,
    1,
    1,
    1,
    1,
    1,
    1,
    1,
    1,
    1,
    1,
    1,
    1,
    1,
    1,
    1,
    1,
    1,
    1,
    1,
    1,
    1,
    1,
    1,
    1,
    1,
    1,
    1,
    1,
    1,
    1,
    1,
    1,
    1,
    1,
    1,
    1,
    1,
    1,
    1,
    1,
    1,
    1,
    1,
    1,
    1,
    1,
    1,
    1,
    1,
    1,
    1,
    1,
    1,
    1,
    1,
    1,
    1,
    1,
    1,
    1,
    1,
    1,
    1,
    1,
    1,
    1,
    1,
    1,
    1,
    1,
    1,
    1,
    1,
    1,
    1,
    1,
    1,
    1,
    1,
    1,
    1,
    1,
    1,
    1,
    1,
    1,
    1,
    1,
    1,
    1,
    1,
    1,
    1,
    1,
    1,
    1,
    1,
    1,
    1,
    1,
    1,
    1,
    1,
    1,
    1,
    1,
    1,
    1,
    1,
    1,
    1,
    1,
    1,
    1,
    1,
    1,
    1,
    1,
    1,
    1,
    1,
    1,
    1,
    1,
    1,
    1,
    1,
    1
  ],
  "verification": {
    "initial_state_digest": "5a7badb8c6e9b681bf7e6624616ad493ad7ae6080b54194f6c0da5130625a323",
    "training_data_digest": "8c4b3cc2303e5311581cc6845c09b09c65f426950965feae052523135836e4c5"
  }
}