{
  "regime": "continuous",
  "final_loss": 0.014996182173490524,
  "training_time": 88.93396377563477,
  "duty_cycle": 100.0,
  "epochs": 3000,
  "node_num": 16,
  "use_solar": false,
  "adaptive_reg": false,
  "losses": [
    4.169569969177246,
    1.1402769088745117,
    1.1366552114486694,
    1.0626598596572876,
    1.0034781694412231,
    0.9914050698280334,
    0.9658290147781372,
    0.9435725212097168,
    0.9189276099205017,
    0.8890062570571899,
    0.8543238043785095,
    0.8175297379493713,
    0.7837002277374268,
    0.7527797222137451,
    0.7203966379165649,
    0.6860039830207825,
    0.6486250758171082,
    0.6100442409515381,
    0.5730631351470947,
    0.540418803691864,
    0.5121884346008301,
    0.4865473806858063,
    0.4631289839744568,
    0.4420045018196106,
    0.4232015907764435,
    0.4066271185874939,
    0.39195477962493896,
    0.3787209093570709,
    0.3665049374103546,
    0.35502520203590393,
    0.3441257178783417,
    0.3337104320526123,
    0.32371628284454346,
    0.31412193179130554,
    0.30495962500572205,
    0.29630640149116516,
    0.2882334589958191,
    0.280730664730072,
    0.27367329597473145,
    0.2668963670730591,
    0.26030680537223816,
    0.25389471650123596,
    0.24765916168689728,
    0.2415751814842224,
    0.2356126308441162,
    0.22974729537963867,
    0.22396373748779297,
    0.21826176345348358,
    0.2126549780368805,
    0.2071608603000641,
    0.20178742706775665,
    0.19652613997459412,
    0.1913537085056305,
    0.1862359344959259,
    0.18112970888614655,
    0.17598603665828705,
    0.17075727880001068,
    0.1654028445482254,
    0.1598922163248062,
    0.15420551598072052,
    0.14833322167396545,
    0.14227542281150818,
    0.13604146242141724,
    0.1296497881412506,
    0.12312702089548111,
    0.11650589108467102,
    0.10982294380664825,
    0.1031159833073616,
    0.09642356634140015,
    0.0897877961397171,
    0.08326049149036407,
    0.08172471076250076,
    0.07294103503227234,
    0.06687138974666595,
    0.06200729310512543,
    0.057873908430337906,
    0.05412504822015762,
    0.05081983283162117,
    0.04794745892286301,
    0.04544238746166229,
    0.0432642363011837,
    0.04135718196630478,
    0.039673395454883575,
    0.038172002881765366,
    0.03682153299450874,
    0.03559781610965729,
    0.034483619034290314,
    0.03452492132782936,
    0.033183250576257706,
    0.03217092528939247,
    0.03128570690751076,
    0.030463553965091705,
    0.02986948750913143,
    0.029285600408911705,
    0.028740692883729935,
    0.02823452837765217,
    0.027760624885559082,
    0.02731660194694996,
    0.026898344978690147,
    0.02650446817278862,
    0.026132911443710327,
    0.025782078504562378,
    0.02545039728283882,
    0.025140050798654556,
    0.025981968268752098,
    0.026496658101677895,
    0.02490321174263954,
    0.024213196709752083,
    0.023906487971544266,
    0.02368484064936638,
    0.023483552038669586,
    0.023289650678634644,
    0.023100851103663445,
    0.02292148396372795,
    0.0227495189756155,
    0.022583723068237305,
    0.022423729300498962,
    0.02226923406124115,
    0.022119875997304916,
    0.021975355222821236,
    0.021835368126630783,
    0.02169989049434662,
    0.02160760387778282,
    0.026589419692754745,
    0.022211208939552307,
    0.02163490653038025,
    0.02130420133471489,
    0.021083565428853035,
    0.020937856286764145,
    0.02082272805273533,
    0.02071981504559517,
    0.020624244585633278,
    0.02053201012313366,
    0.02044083923101425,
    0.020351892337203026,
    0.02026454173028469,
    0.020178861916065216,
    0.020094778388738632,
    0.02001219615340233,
    0.019931085407733917,
    0.019851386547088623,
    0.019773032516241074,
    0.01969601772725582,
    0.0196203775703907,
    0.01956917904317379,
    0.025175169110298157,
    0.019679900258779526,
    0.019488252699375153,
    0.019375870004296303,
    0.019287623465061188,
    0.019180353730916977,
    0.01911023259162903,
    0.01904454082250595,
    0.01898471638560295,
    0.018927467986941338,
    0.018870603293180466,
    0.018814297392964363,
    0.018758857622742653,
    0.01870402693748474,
    0.018649853765964508,
    0.01859632134437561,
    0.018543394282460213,
    0.018491072580218315,
    0.018439341336488724,
    0.018388191238045692,
    0.018337616696953773,
    0.018287599086761475,
    0.018238143995404243,
    0.018189948052167892,
    0.018241098150610924,
    0.023639697581529617,
    0.018829843029379845,
    0.018168171867728233,
    0.018001437187194824,
    0.01792682334780693,
    0.017883185297250748,
    0.017845774069428444,
    0.017803968861699104,
    0.017760470509529114,
    0.017720328643918037,
    0.017680689692497253,
    0.017641371116042137,
    0.017602479085326195,
    0.01756395399570465,
    0.017525766044855118,
    0.017487915232777596,
    0.017450392246246338,
    0.017413200810551643,
    0.017376460134983063,
    0.0173516646027565,
    0.01791819930076599,
    0.017401304095983505,
    0.017623312771320343,
    0.017455173656344414,
    0.01717655174434185,
    0.017218736931681633,
    0.017405297607183456,
    0.017616186290979385,
    0.017045883461833,
    0.017112333327531815,
    0.01697995699942112,
    0.016939792782068253,
    0.016922004520893097,
    0.017314046621322632,
    0.01822483539581299,
    0.01681962050497532,
    0.01700269803404808,
    0.016828402876853943,
    0.016733640804886818,
    0.016707252711057663,
    0.016679201275110245,
    0.01665003038942814,
    0.01662185601890087,
    0.016594748944044113,
    0.01656760647892952,
    0.0165407694876194,
    0.016514353454113007,
    0.016494086012244225,
    0.016765445470809937,
    0.019073715433478355,
    0.016650183126330376,
    0.016639983281493187,
    0.016405563801527023,
    0.016348710283637047,
    0.016330910846590996,
    0.01629529893398285,
    0.016268761828541756,
    0.016244474798440933,
    0.01622116193175316,
    0.016197895631194115,
    0.01617487147450447,
    0.016152121126651764,
    0.016129495576024055,
    0.016107333824038506,
    0.016095735132694244,
    0.016772791743278503,
    0.0163392573595047,
    0.01688716560602188,
    0.0160004161298275,
    0.016095779836177826,
    0.015964128077030182,
    0.015953458845615387,
    0.015918124467134476,
    0.01589972898364067,
    0.015879090875387192,
    0.015858709812164307,
    0.015838906168937683,
    0.01581932045519352,
    0.01579987443983555,
    0.015782151371240616,
    0.01598045974969864,
    0.01593565195798874,
    0.015744099393486977,
    0.015752552077174187,
    0.015698647126555443,
    0.01570148952305317,
    0.01730663701891899,
    0.016058163717389107,
    0.016272231936454773,
    0.015619991347193718,
    0.01567133143544197,
    0.015564903616905212,
    0.015556568279862404,
    0.015535535290837288,
    0.015515351668000221,
    0.01549806259572506,
    0.015481475740671158,
    0.015465037897229195,
    0.01544862799346447,
    0.015432317741215229,
    0.015416106209158897,
    0.01539999432861805,
    0.015384333208203316,
    0.015385216102004051,
    0.016762996092438698,
    0.01574571803212166,
    0.015931623056530952,
    0.015617305412888527,
    0.015315511263906956,
    0.015301014296710491,
    0.015276790596544743,
    0.015251273289322853,
    0.015236493200063705,
    0.015221690759062767,
    0.01520679984241724,
    0.015192566439509392,
    0.015178445726633072,
    0.015164365991950035,
    0.015150347724556923,
    0.01513638999313116,
    0.015122512355446815,
    0.015109071508049965,
    0.015134250745177269,
    0.016710732132196426,
    0.015456898137927055,
