{
  "regime": "passive",
  "final_loss": 0.019175060093402863,
  "training_time": 46.752923011779785,
  "duty_cycle": 50.0,
  "epochs": 3000,
  "node_num": 16,
  "use_solar": true,
  "adaptive_reg": false,
  "losses": [
    4.169569969177246,
    1.1402769088745117,
    1.1366552114486694,
    1.0626598596572876,
    1.0034781694412231,
    0.9914050698280334,
    0.9658290147781372,
    0.9435725212097168,
    0.9189276099205017,
    0.8890062570571899,
    0.8543238043785095,
    0.8175297379493713,
    0.7837002277374268,
    0.7527797222137451,
    0.7203966379165649,
    0.6860039830207825,
    0.6486250758171082,
    0.6100442409515381,
    0.5730631351470947,
    0.540418803691864,
    0.5121884346008301,
    0.4865473806858063,
    0.4631289839744568,
    0.4420045018196106,
    0.4232015907764435,
    0.4066271185874939,
    0.39195477962493896,
    0.3787209093570709,
    0.3665049374103546,
    0.35502520203590393,
    0.3441257178783417,
    0.3337104320526123,
    0.32371628284454346,
    0.31412193179130554,
    0.30495962500572205,
    0.29630640149116516,
    0.2882334589958191,
    0.280730664730072,
    0.27367329597473145,
    0.2668963670730591,
    0.26030680537223816,
    0.25389471650123596,
    0.24765916168689728,
    0.2415751814842224,
    0.2356126308441162,
    0.22974729537963867,
    0.22396373748779297,
    0.21826176345348358,
    0.2126549780368805,
    0.2071608603000641,
    0.20178742706775665,
    0.19652613997459412,
    0.1913537085056305,
    0.1862359344959259,
    0.18112970888614655,
    0.17598603665828705,
    0.17075727880001068,
    0.1654028445482254,
    0.1598922163248062,
    0.15420551598072052,
    0.14833322167396545,
    0.14227542281150818,
    0.13604146242141724,
    0.1296497881412506,
    0.12312702089548111,
    0.11650589108467102,
    0.10982294380664825,
    0.1031159833073616,
    0.09642356634140015,
    0.0897877961397171,
    0.08326049149036407,
    0.08172471076250076,
    0.07294103503227234,
    0.06687138974666595,
    0.06200729310512543,
    0.057873908430337906,
    0.05412504822015762,
    0.05081983283162117,
    0.04794745892286301,
    0.04544238746166229,
    0.0432642363011837,
    0.04135718196630478,
    0.039673395454883575,
    0.038172002881765366,
    0.03682153299450874,
    0.03559781610965729,
    0.034483619034290314,
    0.03452492132782936,
    0.033183250576257706,
    0.03217092528939247,
    0.03128570690751076,
    0.030463553965091705,
    0.02986948750913143,
    0.029285600408911705,
    0.028740692883729935,
    0.02823452837765217,
    0.027760624885559082,
    0.02731660194694996,
    0.026898344978690147,
    0.02650446817278862,
    0.026132911443710327,
    0.025782078504562378,
    0.02545039728283882,
    0.025140050798654556,
    0.025981968268752098,
    0.026496658101677895,
    0.02490321174263954,
    0.024213196709752083,
    0.023906487971544266,
    0.02368484064936638,
    0.023483552038669586,
    0.023289650678634644,
    0.023100851103663445,
    0.02292148396372795,
    0.0227495189756155,
    0.022583723068237305,
    0.022423729300498962,
    0.02226923406124115,
    0.022119875997304916,
    0.021975355222821236,
    0.021835368126630783,
    0.02169989049434662,
    0.02160760387778282,
    0.026589419692754745,
    0.022211208939552307,
    0.02163490653038025,
    0.02130420133471489,
    0.021083565428853035,
    0.020937856286764145,
    0.02082272805273533,
    0.02071981504559517,
    0.020624244585633278,
    0.02053201012313366,
    0.02044083923101425,
    0.020351892337203026,
    0.02026454173028469,
    0.020178861916065216,
    0.020094778388738632,
    0.02001219615340233,
    0.019931085407733917,
    0.019851386547088623,
    0.019773032516241074,
    0.01969601772725582,
    0.0196203775703907,
    0.01956917904317379,
    0.025175169110298157,
    0.019679900258779526,
    0.019488252699375153,
    0.019375870004296303,
    0.019287623465061188
  ],
  "duty_log": [
    1,
    1,
    1,
    1,
    1,
    1,
    1,
    1,
    1,
    1,
    1,
    1,
    1,
    1,
    1,
    1,
    1,
    1,
    1,
    1,
    1,
    1,
    1,
    1,
    1,
    1,
    1,
    1,
    1,
    1,
    1,
    1,
    1,
    1,
    1,
    1,
    1,
    1,
    1,
    1,
    1,
    1,
    1,
    1,
    1,
    1,
    1,
    1,
    1,
    1,
    1,
    1,
    1,
    1,
    1,
    1,
    1,
    1,
    1,
    1,
    1,
    1,
    1,
    1,
    1,
    1,
    1,
    1,
    1,
    1,
    1,
    1,
    1,
    1,
    1,
    1,
    1,
    1,
    1,
    1,
    1,
    1,
    1,
    1,
    1,
    1,
    1,
    1,
    1,
    1,
    1,
    1,
    1,
    1,
    1,
    1,
    1,
    1,
    1,
    1,
    1,
    1,
    1,
    1,
    1,
    1,
    1,
    1,
    1,
    1,
    1,
    1,
    1,
    1,
    1,
    1,
    1,
    1,
    1,
    1,
    1,
    1,
    1,
    1,
    1,
    1,
    1,
    1,
    1,
    1,
    1,
    1,
    1,
    1,
    1,
    1,
    1,
    1,
    1,
    1,
    1,
    1,
    1,
    1,
    1,
    1,
    1,
    1,
    1,
    1,
    1,
    1,
    1,
    1,
    1,
    1,
    1,
    1,
    1,
    1,
    1,
    1,
    1,
    1,
    1,
    1,
    1,
    1,
    1,
    1,
    1,
    1,
    1,
    1,
    1,
    1,
    1,
    1,
    1,
    1,
    1,
    1,
    1,
    1,
    1,
    1,
    1,
    1,
    1,
    1,
    1,
    1,
    1,
    1,
    1,
    1,
    1,
    1,
    1,
    1,
    1,
    1,
    1,
    1,
    1,
    1,
    1,
    1,
    1,
    1,
    1,
    1,
    1,
    1,
    1,
    1,
    1,
    1,
    1,
    1,
    1,
    1,
    1,
    1,
    1,
    1,
    1,
    1,
    1,
    1,
    1,
    1,
    1,
    1,
    1,
    1,
    1,
    1,
    1,
    1,
    1,
    1,
    1,
    1,
    1,
    1,
    1,
    1,
    1,
    1,
    1,
    1,
    1,
    1,
    1,
    1,
    1,
    1,
    1,
    1,
    1,
    1,
    1,
    1,
    1,
    1,
    1,
    1,
    1,
    1,
    1,
    1,
    1,
    1,
    1,
    1,
    1,
    1,
    1,
    1,
    1,
    1,
    1,
    1,
    1,
    1,
    1,
    1,
    1,
    1,
    1,
    1,
    1,
    1,
    1,
    1,
    1,
    1,
    1,
    1
  ],
  "verification": {
    "initial_state_digest": "5a7badb8c6e9b681bf7e6624616ad493ad7ae6080b54194f6c0da5130625a323",
    "training_data_digest": "8c4b3cc2303e5311581cc6845c09b09c65f426950965feae052523135836e4c5"
  }
}