{
  "regime": "active",
  "final_loss": 0.0016472510760650039,
  "training_time": 2.0283775329589844,
  "duty_cycle": 50.0,
  "epochs": 3000,
  "use_solar": true,
  "adaptive_reg": true,
  "losses": [
    0.02060447633266449,
    0.009041114710271358,
    0.009441456757485867,
    0.008719838224351406,
    0.008533928543329239,
    0.008485489524900913,
    0.008416892029345036,
    0.008346037939190865,
    0.008276323787868023,
    0.00820638332515955,
    0.008135819807648659,
    0.008064314723014832,
    0.007991872727870941,
    0.007918731309473515,
    0.007845118641853333,
    0.007771170232445002,
    0.007697018329054117,
    0.0076227798126637936,
    0.007548552937805653,
    0.007474423386156559,
    0.007400465197861195,
    0.0073267435654997826,
    0.007253312040120363,
    0.007180222310125828,
    0.007107513025403023,
    0.007035220041871071,
    0.006963375024497509,
    0.006892004050314426,
    0.006821129471063614,
    0.006750770844519138,
    0.006680943071842194,
    0.006611736956983805,
    0.006543086841702461,
    0.006474889349192381,
    0.006407252512872219,
    0.006340207066386938,
    0.006273751612752676,
    0.006207886151969433,
    0.006142605096101761,
    0.006077908910810947,
    0.006013796664774418,
    0.00595026696100831,
    0.005887317471206188,
    0.005824945867061615,
    0.005763149354606867,
    0.005701923277229071,
    0.00564126530662179,
    0.0055811707861721516,
    0.00552163552492857,
    0.005462655331939459,
    0.005404225550591946,
    0.005346341524273157,
    0.005288999527692795,
    0.005232192110270262,
    0.0051759169436991215,
    0.005120167508721352,
    0.005064940080046654,
    0.005010228604078293,
    0.004956028424203396,
    0.004902333486825228,
    0.004849141463637352,
    0.004796444438397884,
    0.004744241014122963,
    0.0046925232745707035,
    0.004641286563128233,
    0.00459052762016654,
    0.00454024039208889,
    0.004490422084927559,
    0.00444106524810195,
    0.004392169415950775,
    0.004343725275248289,
    0.004295731894671917,
    0.004248184151947498,
    0.004201076924800873,
    0.004154406022280455,
    0.00410816865041852,
    0.004062359221279621,
    0.004016974475234747,
    0.003972010686993599,
    0.003927463199943304,
    0.003883328288793564,
    0.003839602693915367,
    0.003796282224357128,
    0.0037533636204898357,
    0.003710842924192548,
    0.003668717574328184,
    0.0036270087584853172,
    0.00358571857213974,
    0.003544736886397004,
    0.003504135413095355,
    0.003463921369984746,
    0.003424085443839431,
    0.0033846234437078238,
    0.0033455309458076954,
    0.003306805156171322,
    0.0032684425823390484,
    0.0032304406631737947,
    0.0031927956733852625,
    0.003155505284667015,
    0.003118565771728754,
    0.0030819762032479048,
    0.0030457316897809505,
    0.003009831067174673,
    0.0029742703773081303,
    0.0029390479903668165,
    0.002904161112383008,
    0.002869606716558337,
    0.0028353838715702295,
    0.002801487920805812,
    0.0027679179329425097,
    0.0027346715796738863,
    0.0027017456013709307,
    0.0026691381353884935,
    0.0026368466205894947,
    0.0026048694271594286,
    0.0025732037611305714,
    0.0025418472941964865,
    0.0025107981637120247,
    0.002480054274201393,
    0.0024496130645275116,
    0.0024194722063839436,
    0.002389630302786827,
    0.0023600850254297256,
    0.0023308335803449154,
    0.0023018750362098217,
    0.002273206366226077,
    0.0022448261734098196,
    0.0022167316637933254,
    0.0021889214403927326,
    0.002161393640562892,
    0.0021341461688280106,
    0.0021071764640510082,
    0.002080483129248023,
    0.002054064068943262,
    0.0020279171876609325,
    0.0020020410884171724,
    0.0019764334429055452,
    0.001951092155650258,
    0.0019260154804214835,
    0.001901201787404716,
    0.0018766489811241627,
    0.0018523549661040306,
    0.001828318228945136,
    0.0018045366741716862,
    0.0017810084391385317,
    0.0017577317776158452,
    0.0017347048269584775,
    0.0017119257245212793,
    0.0016893928404897451,
    0.0016671036137267947
  ],
  "duty_log": [
    1,
    1,
    1,
    1,
    1,
    1,
    1,
    1,
    1,
    1,
    1,
    1,
    1,
    1,
    1,
    1,
    1,
    1,
    1,
    1,
    1,
    1,
    1,
    1,
    1,
    1,
    1,
    1,
    1,
    1,
    1,
    1,
    1,
    1,
    1,
    1,
    1,
    1,
    1,
    1,
    1,
    1,
    1,
    1,
    1,
    1,
    1,
    1,
    1,
    1,
    1,
    1,
    1,
    1,
    1,
    1,
    1,
    1,
    1,
    1,
    1,
    1,
    1,
    1,
    1,
    1,
    1,
    1,
    1,
    1,
    1,
    1,
    1,
    1,
    1,
    1,
    1,
    1,
    1,
    1,
    1,
    1,
    1,
    1,
    1,
    1,
    1,
    1,
    1,
    1,
    1,
    1,
    1,
    1,
    1,
    1,
    1,
    1,
    1,
    1,
    1,
    1,
    1,
    1,
    1,
    1,
    1,
    1,
    1,
    1,
    1,
    1,
    1,
    1,
    1,
    1,
    1,
    1,
    1,
    1,
    1,
    1,
    1,
    1,
    1,
    1,
    1,
    1,
    1,
    1,
    1,
    1,
    1,
    1,
    1,
    1,
    1,
    1,
    1,
    1,
    1,
    1,
    1,
    1,
    1,
    1,
    1,
    1,
    1,
    1,
    1,
    1,
    1,
    1,
    1,
    1,
    1,
    1,
    1,
    1,
    1,
    1,
    1,
    1,
    1,
    1,
    1,
    1,
    1,
    1,
    1,
    1,
    1,
    1,
    1,
    1,
    1,
    1,
    1,
    1,
    1,
    1,
    1,
    1,
    1,
    1,
    1,
    1,
    1,
    1,
    1,
    1,
    1,
    1,
    1,
    1,
    1,
    1,
    1,
    1,
    1,
    1,
    1,
    1,
    1,
    1,
    1,
    1,
    1,
    1,
    1,
    1,
    1,
    1,
    1,
    1,
    1,
    1,
    1,
    1,
    1,
    1,
    1,
    1,
    1,
    1,
    1,
    1,
    1,
    1,
    1,
    1,
    1,
    1,
    1,
    1,
    1,
    1,
    1,
    1,
    1,
    1,
    1,
    1,
    1,
    1,
    1,
    1,
    1,
    1,
    1,
    1,
    1,
    1,
    1,
    1,
    1,
    1,
    1,
    1,
    1,
    1,
    1,
    1,
    1,
    1,
    1,
    1,
    1,
    1,
    1,
    1,
    1,
    1,
    1,
    1,
    1,
    1,
    1,
    1,
    1,
    1,
    1,
    1,
    1,
    1,
    1,
    1,
    1,
    1,
    1,
    1,
    1,
    1,
    1,
    1,
    1,
    1,
    1,
    1
  ],
  "verification": {
    "initial_state_digest": "2dc1dfc5dd536171b19a7c3909fb6ac5a5662e4fc7b63db1a861b15f3aac697a",
    "training_data_digest": "49b649b90022425464edb4b1be04c5562b07f69a4415eff8e2608684142c7527"
  }
}