{
  "regime": "continuous",
  "final_loss": 0.00022257832461036742,
  "training_time": 4.472689867019653,
  "duty_cycle": 100.0,
  "epochs": 3000,
  "use_solar": false,
  "adaptive_reg": false,
  "losses": [
    0.02060447633266449,
    0.009012328460812569,
    0.009384498931467533,
    0.008635444566607475,
    0.00842282734811306,
    0.00834853295236826,
    0.00825497042387724,
    0.008160036988556385,
    0.008067131042480469,
    0.007974882610142231,
    0.007882886566221714,
    0.007790811825543642,
    0.0076986453495919704,
    0.00760661019012332,
    0.0075149149633944035,
    0.007423676084727049,
    0.007333003915846348,
    0.007242992520332336,
    0.007153722457587719,
    0.007065256591886282,
    0.006977648474276066,
    0.0068909418769180775,
    0.006805171724408865,
    0.006720365025103092,
    0.006636544596403837,
    0.00655372953042388,
    0.006471928209066391,
    0.0063911499455571175,
    0.006311399862170219,
    0.006232681218534708,
    0.006154991220682859,
    0.00607832707464695,
    0.006002758629620075,
    0.005928209517151117,
    0.005854562856256962,
    0.005781902931630611,
    0.005710246507078409,
    0.005639579612761736,
    0.005569886416196823,
    0.005501152947545052,
    0.0054333629086613655,
    0.0053665051236748695,
    0.005300566088408232,
    0.00523553229868412,
    0.005171390250325203,
    0.005108126439154148,
    0.005045727360993624,
    0.004984181374311447,
    0.004923473112285137,
    0.004863589536398649,
    0.004804518539458513,
    0.004746246617287397,
    0.00468876026570797,
    0.004632047843188047,
    0.004576096311211586,
    0.0045208921656012535,
    0.004466424696147442,
    0.004412682261317968,
    0.004359652288258076,
    0.004307322204113007,
    0.00425568176433444,
    0.004204719327390194,
    0.00415442418307066,
    0.004104785621166229,
    0.004055792465806007,
    0.004007435403764248,
    0.003959702793508768,
    0.003912586253136396,
    0.00386607414111495,
    0.003820157842710614,
    0.0037748278118669987,
    0.0037300747353583574,
    0.0036858892999589443,
    0.0036422626581043005,
    0.0035991861950606108,
    0.0035566522274166346,
    0.0035146509762853384,
    0.0034731740597635508,
    0.0034322156570851803,
    0.003391765523701906,
    0.0033518164418637753,
    0.003312361892312765,
    0.003273393725976348,
    0.003234904259443283,
    0.0031968869734555483,
    0.003159334883093834,
    0.003122240537777543,
    0.003085598349571228,
    0.0030494006350636482,
    0.0030136413406580687,
    0.0029783134814351797,
    0.0029434124007821083,
    0.002908930880948901,
    0.0028748633340001106,
    0.0028412032406777143,
    0.0028079457115381956,
    0.002775084925815463,
    0.0027426148299127817,
    0.002710530534386635,
    0.0026788264513015747,
    0.002647498156875372,
    0.002616539364680648,
    0.0025859454181045294,
    0.002555711893364787,
    0.0025258332025259733,
    0.002496305387467146,
    0.0024671233259141445,
    0.0024382886476814747,
    0.002409843960776925,
    0.002381667261943221,
    0.0023538065142929554,
    0.0023262754548341036,
    0.002299067797139287,
    0.0022721774876117706,
    0.002245598938316107,
    0.0022193288896232843,
    0.00219336268492043,
    0.002167697064578533,
    0.0021423271391540766,
    0.0021172496490180492,
    0.0020924611017107964,
    0.002067957539111376,
    0.002043735468760133,
    0.002019791165366769,
    0.0019961216021329165,
    0.001972723053768277,
    0.0019495923770591617,
    0.0019267259631305933,
    0.00190412113443017,
    0.0018817742820829153,
    0.0018596823792904615,
    0.001837842515669763,
    0.0018162516644224524,
    0.0017949064495041966,
    0.0017738043097779155,
    0.0017529419856145978,
    0.0017323172651231289,
    0.0017119268886744976,
    0.00169176806230098,
    0.0016718381084501743,
    0.0016521346988156438,
    0.0016326549230143428,
    0.0016133959870785475,
    0.0015943556791171432,
    0.001575531205162406,
    0.0015569203533232212,
    0.0015385204460471869,
    0.0015203290386125445,
    0.0015023434534668922,
    0.0014845620607957244,
    0.0014669820666313171,
    0.001449601142667234,
    0.00143241707701236,
    0.0014154280070215464,
    0.001398631138727069,
    0.0013820244930684566,
    0.0013656059745699167,
    0.001349373604170978,
    0.0013333250535652041,
    0.0013174585765227675,
    0.00130177172832191,
    0.0012862628791481256,
    0.0012709294678643346,
    0.0012557700974866748,
    0.0012407826725393534,
    0.0012259652139618993,
    0.0012113156262785196,
    0.0011968323960900307,
    0.0011825134279206395,
    0.0011683572083711624,
    0.0011543616419658065,
    0.0011405249824747443,
    0.001126845832914114,
    0.0011133216321468353,
    0.0010999515652656555,
    0.001086733303964138,
    0.0010736658005043864,
    0.0010607467265799642,
    0.0010479745687916875,
    0.00103534827940166,
    0.001022865530103445,
    0.0010105251567438245,
    0.0009983256459236145,
    0.000986265018582344,
    0.0009743421687744558,
    0.0009625553502701223,
    0.0009509032242931426,
    0.0009393842774443328,
    0.0009279969963245094,
    0.0009167399257421494,
    0.0009056116687133908,
    0.0008946109446696937,
    0.0008837360655888915,
    0.000872985809110105,
    0.0008623588946647942,
    0.0008518538670614362,
    0.0008414692129008472,
    0.0008312040590681136,
    0.0008210567175410688,
    0.0008110260823741555,
    0.0008011108729988337,
    0.0007913095760159194,
    0.0007816213183104992,
    0.0007720445282757282,
    0.0007625782745890319,
    0.0007532211020588875,
    0.0007439718465320766,
    0.0007348294602707028,
    0.000725792720913887,
    0.0007168603478930891,
    0.0007080313516780734,
    0.0006993045099079609,
    0.0006906787166371942,
    0.0006821529241278768,
    0.0006737257936038077,
    0.000665396626573056,
    0.0006571640260517597,
    0.0006490271189250052,
    0.0006409847410395741,
    0.0006330358446575701,
    0.0006251794402487576,
    0.000617414596490562,
    0.000609740091022104,
    0.0006021551671437919,
    0.0005946585442870855,
    0.0005872496403753757,
    0.0005799271166324615,
    0.0005726902163587511,
    0.0005655378918163478,
    0.00055846938630566,
    0.0005514834774658084,
    0.0005445795250125229,
    0.0005377565394155681,
    0.0005310136475600302,
    0.0005243498017080128,
    0.000517764245159924,
    0.0005112561630085111,
    0.0005048245657235384,
    0.0004984687548130751,
    0.0004921878571622074,
    0.00048598082503303885,
    0.00047984710545279086,
    0.00047378576709888875,
    0.00046779599506407976,
    0.0004618770908564329,
    0.0004560281231533736,
    0.0004502483643591404,
    0.00044453711598180234,
    0.00043889356311410666,
    0.0004333168617449701,
    0.0004278064297977835,
    0.0004223613068461418,
    0.0004169810563325882,
    0.0004116647760383785,
    0.0004064117092639208,
    0.0004012211866211146,
    0.0003960926260333508,
    0.0003910251543857157,
    0.00038601818960160017,
    0.0003810710913967341,
    0.00037618307396769524,
    0.0003713535552378744,
    0.00036658186581917107,
    0.0003618673363234848,
    0.0003572093555703759,
    0.00035260722506791353,
    0.0003480603627394885,
    0.0003435681574046612,
    0.0003391300269868225,
    0.000334745243890211,
    0.000330413255142048,
    0.00032613356597721577,
    0.0003219055070076138,
    0.000317728437948972,
    0.00031360192224383354,
    0.000309525232296437,
    0.00030549787334166467,
    0.00030151932151056826,
    0.0002975890238303691,
    0.0002937063982244581,
    0.00028987089172005653,
    0.00028608200955204666,
