{
  "regime": "passive",
  "final_loss": 0.0014687309740111232,
  "training_time": 2.0245773792266846,
  "duty_cycle": 50.0,
  "epochs": 3000,
  "use_solar": true,
  "adaptive_reg": false,
  "losses": [
    0.02060447633266449,
    0.009012328460812569,
    0.009384498931467533,
    0.008635444566607475,
    0.00842282734811306,
    0.00834853295236826,
    0.00825497042387724,
    0.008160036988556385,
    0.008067131042480469,
    0.007974882610142231,
    0.007882886566221714,
    0.007790811825543642,
    0.0076986453495919704,
    0.00760661019012332,
    0.0075149149633944035,
    0.007423676084727049,
    0.007333003915846348,
    0.007242992520332336,
    0.007153722457587719,
    0.007065256591886282,
    0.006977648474276066,
    0.0068909418769180775,
    0.006805171724408865,
    0.006720365025103092,
    0.006636544596403837,
    0.00655372953042388,
    0.006471928209066391,
    0.0063911499455571175,
    0.006311399862170219,
    0.006232681218534708,
    0.006154991220682859,
    0.00607832707464695,
    0.006002758629620075,
    0.005928209517151117,
    0.005854562856256962,
    0.005781902931630611,
    0.005710246507078409,
    0.005639579612761736,
    0.005569886416196823,
    0.005501152947545052,
    0.0054333629086613655,
    0.0053665051236748695,
    0.005300566088408232,
    0.00523553229868412,
    0.005171390250325203,
    0.005108126439154148,
    0.005045727360993624,
    0.004984181374311447,
    0.004923473112285137,
    0.004863589536398649,
    0.004804518539458513,
    0.004746246617287397,
    0.00468876026570797,
    0.004632047843188047,
    0.004576096311211586,
    0.0045208921656012535,
    0.004466424696147442,
    0.004412682261317968,
    0.004359652288258076,
    0.004307322204113007,
    0.00425568176433444,
    0.004204719327390194,
    0.00415442418307066,
    0.004104785621166229,
    0.004055792465806007,
    0.004007435403764248,
    0.003959702793508768,
    0.003912586253136396,
    0.00386607414111495,
    0.003820157842710614,
    0.0037748278118669987,
    0.0037300747353583574,
    0.0036858892999589443,
    0.0036422626581043005,
    0.0035991861950606108,
    0.0035566522274166346,
    0.0035146509762853384,
    0.0034731740597635508,
    0.0034322156570851803,
    0.003391765523701906,
    0.0033518164418637753,
    0.003312361892312765,
    0.003273393725976348,
    0.003234904259443283,
    0.0031968869734555483,
    0.003159334883093834,
    0.003122240537777543,
    0.003085598349571228,
    0.0030494006350636482,
    0.0030136413406580687,
    0.0029783134814351797,
    0.0029434124007821083,
    0.002908930880948901,
    0.0028748633340001106,
    0.0028412032406777143,
    0.0028079457115381956,
    0.002775084925815463,
    0.0027426148299127817,
    0.002710530534386635,
    0.0026788264513015747,
    0.002647498156875372,
    0.002616539364680648,
    0.0025859454181045294,
    0.002555711893364787,
    0.0025258332025259733,
    0.002496305387467146,
    0.0024671233259141445,
    0.0024382886476814747,
    0.002409843960776925,
    0.002381667261943221,
    0.0023538065142929554,
    0.0023262754548341036,
    0.002299067797139287,
    0.0022721774876117706,
    0.002245598938316107,
    0.0022193288896232843,
    0.00219336268492043,
    0.002167697064578533,
    0.0021423271391540766,
    0.0021172496490180492,
    0.0020924611017107964,
    0.002067957539111376,
    0.002043735468760133,
    0.002019791165366769,
    0.0019961216021329165,
    0.001972723053768277,
    0.0019495923770591617,
    0.0019267259631305933,
    0.00190412113443017,
    0.0018817742820829153,
    0.0018596823792904615,
    0.001837842515669763,
    0.0018162516644224524,
    0.0017949064495041966,
    0.0017738043097779155,
    0.0017529419856145978,
    0.0017323172651231289,
    0.0017119268886744976,
    0.00169176806230098,
    0.0016718381084501743,
    0.0016521346988156438,
    0.0016326549230143428,
    0.0016133959870785475,
    0.0015943556791171432,
    0.001575531205162406,
    0.0015569203533232212,
    0.0015385204460471869,
    0.0015203290386125445,
    0.0015023434534668922,
    0.0014845620607957244
  ],
  "duty_log": [
    1,
    1,
    1,
    1,
    1,
    1,
    1,
    1,
    1,
    1,
    1,
    1,
    1,
    1,
    1,
    1,
    1,
    1,
    1,
    1,
    1,
    1,
    1,
    1,
    1,
    1,
    1,
    1,
    1,
    1,
    1,
    1,
    1,
    1,
    1,
    1,
    1,
    1,
    1,
    1,
    1,
    1,
    1,
    1,
    1,
    1,
    1,
    1,
    1,
    1,
    1,
    1,
    1,
    1,
    1,
    1,
    1,
    1,
    1,
    1,
    1,
    1,
    1,
    1,
    1,
    1,
    1,
    1,
    1,
    1,
    1,
    1,
    1,
    1,
    1,
    1,
    1,
    1,
    1,
    1,
    1,
    1,
    1,
    1,
    1,
    1,
    1,
    1,
    1,
    1,
    1,
    1,
    1,
    1,
    1,
    1,
    1,
    1,
    1,
    1,
    1,
    1,
    1,
    1,
    1,
    1,
    1,
    1,
    1,
    1,
    1,
    1,
    1,
    1,
    1,
    1,
    1,
    1,
    1,
    1,
    1,
    1,
    1,
    1,
    1,
    1,
    1,
    1,
    1,
    1,
    1,
    1,
    1,
    1,
    1,
    1,
    1,
    1,
    1,
    1,
    1,
    1,
    1,
    1,
    1,
    1,
    1,
    1,
    1,
    1,
    1,
    1,
    1,
    1,
    1,
    1,
    1,
    1,
    1,
    1,
    1,
    1,
    1,
    1,
    1,
    1,
    1,
    1,
    1,
    1,
    1,
    1,
    1,
    1,
    1,
    1,
    1,
    1,
    1,
    1,
    1,
    1,
    1,
    1,
    1,
    1,
    1,
    1,
    1,
    1,
    1,
    1,
    1,
    1,
    1,
    1,
    1,
    1,
    1,
    1,
    1,
    1,
    1,
    1,
    1,
    1,
    1,
    1,
    1,
    1,
    1,
    1,
    1,
    1,
    1,
    1,
    1,
    1,
    1,
    1,
    1,
    1,
    1,
    1,
    1,
    1,
    1,
    1,
    1,
    1,
    1,
    1,
    1,
    1,
    1,
    1,
    1,
    1,
    1,
    1,
    1,
    1,
    1,
    1,
    1,
    1,
    1,
    1,
    1,
    1,
    1,
    1,
    1,
    1,
    1,
    1,
    1,
    1,
    1,
    1,
    1,
    1,
    1,
    1,
    1,
    1,
    1,
    1,
    1,
    1,
    1,
    1,
    1,
    1,
    1,
    1,
    1,
    1,
    1,
    1,
    1,
    1,
    1,
    1,
    1,
    1,
    1,
    1,
    1,
    1,
    1,
    1,
    1,
    1,
    1,
    1,
    1,
    1,
    1,
    1
  ],
  "verification": {
    "initial_state_digest": "2dc1dfc5dd536171b19a7c3909fb6ac5a5662e4fc7b63db1a861b15f3aac697a",
    "training_data_digest": "49b649b90022425464edb4b1be04c5562b07f69a4415eff8e2608684142c7527"
  }
}