{
  "problem": "advection",
  "metric_name": "test_mse_vs_analytical",
  "n_seeds": 10,
  "seeds": [
    7270,
    860,
    5390,
    5191,
    5734,
    6265,
    466,
    4426,
    5578,
    8322
  ],
  "epochs_cells": {
    "cont_1w_1500": {
      "n_steps": 1500,
      "reg_mult": 1
    },
    "cont_3w_1500": {
      "n_steps": 1500,
      "reg_mult": 3
    },
    "cont_3w_3000": {
      "n_steps": 3000,
      "reg_mult": 3
    }
  },
  "base_reg": 0.0001,
  "cell_summary": {
    "cont_1w_1500": {
      "mean": 0.0010007865916122683,
      "std": 0.0017608694028930004,
      "ci95_lo": 0.0001994138356894837,
      "ci95_hi": 0.0021520443926965525,
      "per_seed": [
        6.0538768593687564e-05,
        0.005732073914259672,
        0.0016810011584311724,
        0.00012798828538507223,
        8.718504250282422e-05,
        0.0002908821916207671,
        0.0002279342879774049,
        0.00016855289868544787,
        0.0014139306731522083,
        0.00021777869551442564
      ]
    },
    "cont_3w_1500": {
      "mean": 0.0011732624625437893,
      "std": 0.0014236594155515724,
      "ci95_lo": 0.000444074851948244,
      "ci95_hi": 0.0021002787114048262,
      "per_seed": [
        0.00011081471166107804,
        0.00448202807456255,
        0.0028394542168825865,
        0.00013832972035743296,
        0.00033710026764310896,
        0.0005504569853655994,
        0.0003486700006760657,
        0.0005177334533073008,
        0.0014475679490715265,
        0.0009604692459106445
      ]
    },
    "cont_3w_3000": {
      "mean": 0.00017828361415013206,
      "std": 0.0001358367861120006,
      "ci95_lo": 0.00010786628241476136,
      "ci95_hi": 0.00026710670421380194,
      "per_seed": [
        3.74261180695612e-05,
        0.00017193016537930816,
        0.0002486717130523175,
        0.00012487043568398803,
        9.52974078245461e-05,
        0.00015563461056444794,
        0.0004999666125513613,
        8.676803554408252e-05,
        0.00027887249598279595,
        8.339854684891179e-05
      ]
    }
  },
  "per_seed_rows": [
    {
      "seed": 7270,
      "run_number": 1,
      "init_digest": "cf29e1dffe5923dcf118242b12a363d6c54ce6fe60a1df9fe62f697ba977c9a8",
      "cont_1w_1500_test_mse": 6.0538768593687564e-05,
      "cont_1w_1500_wall_s": 20.6,
      "cont_3w_1500_test_mse": 0.00011081471166107804,
      "cont_3w_1500_wall_s": 20.8,
      "cont_3w_3000_test_mse": 3.74261180695612e-05,
      "cont_3w_3000_wall_s": 44.1,
      "total_wall_s": 85.6
    },
    {
      "seed": 860,
      "run_number": 2,
      "init_digest": "600239f1edfc6a8bc0cb62f3d15431cd1b0850c197526dca81a5998393ec7f43",
      "cont_1w_1500_test_mse": 0.005732073914259672,
      "cont_1w_1500_wall_s": 21.1,
      "cont_3w_1500_test_mse": 0.00448202807456255,
      "cont_3w_1500_wall_s": 20.6,
      "cont_3w_3000_test_mse": 0.00017193016537930816,
      "cont_3w_3000_wall_s": 41.8,
      "total_wall_s": 83.6
    },
    {
      "seed": 5390,
      "run_number": 3,
      "init_digest": "2a9908499fe40128721d04342131c6362142f6fb7d4841f9b3f9a01c79a8df7e",
      "cont_1w_1500_test_mse": 0.0016810011584311724,
      "cont_1w_1500_wall_s": 22.9,
      "cont_3w_1500_test_mse": 0.0028394542168825865,
      "cont_3w_1500_wall_s": 20.4,
      "cont_3w_3000_test_mse": 0.0002486717130523175,
      "cont_3w_3000_wall_s": 42.3,
      "total_wall_s": 85.6
    },
    {
      "seed": 5191,
      "run_number": 4,
      "init_digest": "f7dad72a4d55439a32dd6366332a6ded5c1b27f7335b88e215d004d7e361a8ea",
      "cont_1w_1500_test_mse": 0.00012798828538507223,
      "cont_1w_1500_wall_s": 20.4,
      "cont_3w_1500_test_mse": 0.00013832972035743296,
      "cont_3w_1500_wall_s": 21.3,
      "cont_3w_3000_test_mse": 0.00012487043568398803,
      "cont_3w_3000_wall_s": 41.5,
      "total_wall_s": 83.2
    },
    {
      "seed": 5734,
      "run_number": 5,
      "init_digest": "d728793a7c64e9cd9cf26707defa9aa9b2ef2079008ae560e22b6caed1c25912",
      "cont_1w_1500_test_mse": 8.718504250282422e-05,
      "cont_1w_1500_wall_s": 20.0,
      "cont_3w_1500_test_mse": 0.00033710026764310896,
      "cont_3w_1500_wall_s": 20.1,
      "cont_3w_3000_test_mse": 9.52974078245461e-05,
      "cont_3w_3000_wall_s": 40.7,
      "total_wall_s": 80.8
    },
    {
      "seed": 6265,
      "run_number": 6,
      "init_digest": "d676c341723ea30057fc11c2bd391c72dd4c1444666cd208423619cdb5f2fdea",
      "cont_1w_1500_test_mse": 0.0002908821916207671,
      "cont_1w_1500_wall_s": 20.4,
      "cont_3w_1500_test_mse": 0.0005504569853655994,
      "cont_3w_1500_wall_s": 20.5,
      "cont_3w_3000_test_mse": 0.00015563461056444794,
      "cont_3w_3000_wall_s": 40.1,
      "total_wall_s": 80.9
    },
    {
      "seed": 466,
      "run_number": 7,
      "init_digest": "eb20ca43e40400ce1bd54d5a63cd0731756e6ce6e96293ac4d4e3cc3e7f73ad3",
      "cont_1w_1500_test_mse": 0.0002279342879774049,
      "cont_1w_1500_wall_s": 19.7,
      "cont_3w_1500_test_mse": 0.0003486700006760657,
      "cont_3w_1500_wall_s": 21.9,
      "cont_3w_3000_test_mse": 0.0004999666125513613,
      "cont_3w_3000_wall_s": 43.1,
      "total_wall_s": 84.7
    },
    {
      "seed": 4426,
      "run_number": 8,
      "init_digest": "d62f9e71db4422e8897199bff15b1156a5c9a57053cf165f5e20cb3cdd1a4e35",
      "cont_1w_1500_test_mse": 0.00016855289868544787,
      "cont_1w_1500_wall_s": 20.0,
      "cont_3w_1500_test_mse": 0.0005177334533073008,
      "cont_3w_1500_wall_s": 20.6,
      "cont_3w_3000_test_mse": 8.676803554408252e-05,
      "cont_3w_3000_wall_s": 43.9,
      "total_wall_s": 84.4
    },
    {
      "seed": 5578,
      "run_number": 9,
      "init_digest": "8079d3ab995090c38e903de8b9fbd85b1cd5cbe8fda4229d5a5b511212c70a9e",
      "cont_1w_1500_test_mse": 0.0014139306731522083,
      "cont_1w_1500_wall_s": 21.7,
      "cont_3w_1500_test_mse": 0.0014475679490715265,
      "cont_3w_1500_wall_s": 21.0,
      "cont_3w_3000_test_mse": 0.00027887249598279595,
      "cont_3w_3000_wall_s": 40.9,
      "total_wall_s": 83.6
    },
    {
      "seed": 8322,
      "run_number": 10,
      "init_digest": "7ca09deb2e2eba96f566c0af0d8996e2573aa0149eec96eb12ad717809498c33",
      "cont_1w_1500_test_mse": 0.00021777869551442564,
      "cont_1w_1500_wall_s": 19.8,
      "cont_3w_1500_test_mse": 0.0009604692459106445,
      "cont_3w_1500_wall_s": 21.9,
      "cont_3w_3000_test_mse": 8.339854684891179e-05,
      "cont_3w_3000_wall_s": 39.6,
      "total_wall_s": 81.3
    }
  ]
}