{
  "problem": "allen_cahn",
  "metric_name": "test_mse_vs_analytical",
  "n_seeds": 10,
  "seeds": [
    7270,
    860,
    5390,
    5191,
    5734,
    6265,
    466,
    4426,
    5578,
    8322
  ],
  "epochs_cells": {
    "cont_1w_1500": {
      "n_steps": 1500,
      "reg_mult": 1
    },
    "cont_3w_1500": {
      "n_steps": 1500,
      "reg_mult": 3
    },
    "cont_3w_3000": {
      "n_steps": 3000,
      "reg_mult": 3
    }
  },
  "base_reg": 0.0001,
  "cell_summary": {
    "cont_1w_1500": {
      "mean": 0.0005550241417950019,
      "std": 0.0003208094398542384,
      "ci95_lo": 0.00039281828045204746,
      "ci95_hi": 0.0007693779887631535,
      "per_seed": [
        0.00045443911221809685,
        0.001306791789829731,
        0.0004368266381788999,
        0.00043207770795561373,
        0.0003251066373195499,
        0.00041390175465494394,
        0.00025057760649360716,
        0.0009204957750625908,
        0.0005995443789288402,
        0.00041048001730814576
      ]
    },
    "cont_3w_1500": {
      "mean": 0.0007871675246860832,
      "std": 0.00031811049338002024,
      "ci95_lo": 0.0006036581669468433,
      "ci95_hi": 0.0009743503593199421,
      "per_seed": [
        0.0008991476497612894,
        0.0012265316909179091,
        0.0008649658993817866,
        0.0006134462892077863,
        0.0004373386618681252,
        0.0006914290133863688,
        0.00034159887582063675,
        0.0011809382122009993,
        0.0005057126400060952,
        0.0011105663143098354
      ]
    },
    "cont_3w_3000": {
      "mean": 0.00039389960875269026,
      "std": 0.00012007249056008923,
      "ci95_lo": 0.0003309228380385321,
      "ci95_hi": 0.0004707801918266341,
      "per_seed": [
        0.00039433594793081284,
        0.0006751781911589205,
        0.0004372637195046991,
        0.00040289227035827935,
        0.00025040871696546674,
        0.0002923390129581094,
        0.00028667302103713155,
        0.000459581206087023,
        0.00034973249421454966,
        0.0003905915073119104
      ]
    }
  },
  "per_seed_rows": [
    {
      "seed": 7270,
      "run_number": 1,
      "init_digest": "cf29e1dffe5923dcf118242b12a363d6c54ce6fe60a1df9fe62f697ba977c9a8",
      "cont_1w_1500_test_mse": 0.00045443911221809685,
      "cont_1w_1500_wall_s": 25.0,
      "cont_3w_1500_test_mse": 0.0008991476497612894,
      "cont_3w_1500_wall_s": 30.4,
      "cont_3w_3000_test_mse": 0.00039433594793081284,
      "cont_3w_3000_wall_s": 46.2,
      "total_wall_s": 101.6
    },
    {
      "seed": 860,
      "run_number": 2,
      "init_digest": "600239f1edfc6a8bc0cb62f3d15431cd1b0850c197526dca81a5998393ec7f43",
      "cont_1w_1500_test_mse": 0.001306791789829731,
      "cont_1w_1500_wall_s": 29.6,
      "cont_3w_1500_test_mse": 0.0012265316909179091,
      "cont_3w_1500_wall_s": 30.1,
      "cont_3w_3000_test_mse": 0.0006751781911589205,
      "cont_3w_3000_wall_s": 58.8,
      "total_wall_s": 118.5
    },
    {
      "seed": 5390,
      "run_number": 3,
      "init_digest": "2a9908499fe40128721d04342131c6362142f6fb7d4841f9b3f9a01c79a8df7e",
      "cont_1w_1500_test_mse": 0.0004368266381788999,
      "cont_1w_1500_wall_s": 29.0,
      "cont_3w_1500_test_mse": 0.0008649658993817866,
      "cont_3w_1500_wall_s": 29.9,
      "cont_3w_3000_test_mse": 0.0004372637195046991,
      "cont_3w_3000_wall_s": 61.5,
      "total_wall_s": 120.3
    },
    {
      "seed": 5191,
      "run_number": 4,
      "init_digest": "f7dad72a4d55439a32dd6366332a6ded5c1b27f7335b88e215d004d7e361a8ea",
      "cont_1w_1500_test_mse": 0.00043207770795561373,
      "cont_1w_1500_wall_s": 29.5,
      "cont_3w_1500_test_mse": 0.0006134462892077863,
      "cont_3w_1500_wall_s": 29.9,
      "cont_3w_3000_test_mse": 0.00040289227035827935,
      "cont_3w_3000_wall_s": 59.4,
      "total_wall_s": 118.7
    },
    {
      "seed": 5734,
      "run_number": 5,
      "init_digest": "d728793a7c64e9cd9cf26707defa9aa9b2ef2079008ae560e22b6caed1c25912",
      "cont_1w_1500_test_mse": 0.0003251066373195499,
      "cont_1w_1500_wall_s": 29.7,
      "cont_3w_1500_test_mse": 0.0004373386618681252,
      "cont_3w_1500_wall_s": 28.8,
      "cont_3w_3000_test_mse": 0.00025040871696546674,
      "cont_3w_3000_wall_s": 59.3,
      "total_wall_s": 117.8
    },
    {
      "seed": 6265,
      "run_number": 6,
      "init_digest": "d676c341723ea30057fc11c2bd391c72dd4c1444666cd208423619cdb5f2fdea",
      "cont_1w_1500_test_mse": 0.00041390175465494394,
      "cont_1w_1500_wall_s": 29.5,
      "cont_3w_1500_test_mse": 0.0006914290133863688,
      "cont_3w_1500_wall_s": 29.7,
      "cont_3w_3000_test_mse": 0.0002923390129581094,
      "cont_3w_3000_wall_s": 60.2,
      "total_wall_s": 119.4
    },
    {
      "seed": 466,
      "run_number": 7,
      "init_digest": "eb20ca43e40400ce1bd54d5a63cd0731756e6ce6e96293ac4d4e3cc3e7f73ad3",
      "cont_1w_1500_test_mse": 0.00025057760649360716,
      "cont_1w_1500_wall_s": 29.1,
      "cont_3w_1500_test_mse": 0.00034159887582063675,
      "cont_3w_1500_wall_s": 29.8,
      "cont_3w_3000_test_mse": 0.00028667302103713155,
      "cont_3w_3000_wall_s": 61.9,
      "total_wall_s": 120.8
    },
    {
      "seed": 4426,
      "run_number": 8,
      "init_digest": "d62f9e71db4422e8897199bff15b1156a5c9a57053cf165f5e20cb3cdd1a4e35",
      "cont_1w_1500_test_mse": 0.0009204957750625908,
      "cont_1w_1500_wall_s": 29.9,
      "cont_3w_1500_test_mse": 0.0011809382122009993,
      "cont_3w_1500_wall_s": 33.4,
      "cont_3w_3000_test_mse": 0.000459581206087023,
      "cont_3w_3000_wall_s": 67.1,
      "total_wall_s": 130.3
    },
    {
      "seed": 5578,
      "run_number": 9,
      "init_digest": "8079d3ab995090c38e903de8b9fbd85b1cd5cbe8fda4229d5a5b511212c70a9e",
      "cont_1w_1500_test_mse": 0.0005995443789288402,
      "cont_1w_1500_wall_s": 34.9,
      "cont_3w_1500_test_mse": 0.0005057126400060952,
      "cont_3w_1500_wall_s": 35.6,
      "cont_3w_3000_test_mse": 0.00034973249421454966,
      "cont_3w_3000_wall_s": 70.0,
      "total_wall_s": 140.5
    },
    {
      "seed": 8322,
      "run_number": 10,
      "init_digest": "7ca09deb2e2eba96f566c0af0d8996e2573aa0149eec96eb12ad717809498c33",
      "cont_1w_1500_test_mse": 0.00041048001730814576,
      "cont_1w_1500_wall_s": 33.9,
      "cont_3w_1500_test_mse": 0.0011105663143098354,
      "cont_3w_1500_wall_s": 33.2,
      "cont_3w_3000_test_mse": 0.0003905915073119104,
      "cont_3w_3000_wall_s": 64.3,
      "total_wall_s": 131.4
    }
  ]
}