{
  "problem": "burgers",
  "metric_name": "test_mse_vs_analytical",
  "n_seeds": 10,
  "seeds": [
    7270,
    860,
    5390,
    5191,
    5734,
    6265,
    466,
    4426,
    5578,
    8322
  ],
  "epochs_cells": {
    "cont_1w_1500": {
      "n_steps": 1500,
      "reg_mult": 1
    },
    "cont_3w_1500": {
      "n_steps": 1500,
      "reg_mult": 3
    },
    "cont_3w_3000": {
      "n_steps": 3000,
      "reg_mult": 3
    }
  },
  "base_reg": 0.0001,
  "cell_summary": {
    "cont_1w_1500": {
      "mean": 0.07768590375781059,
      "std": 0.002035534547482206,
      "ci95_lo": 0.07647133683785796,
      "ci95_hi": 0.07885437723249197,
      "per_seed": [
        0.07850539684295654,
        0.08040536195039749,
        0.0764450803399086,
        0.07894367724657059,
        0.0761333778500557,
        0.07994543761014938,
        0.07900039851665497,
        0.07709718495607376,
        0.0766177698969841,
        0.0737653523683548
      ]
    },
    "cont_3w_1500": {
      "mean": 0.07536243796348571,
      "std": 0.0016107719665055392,
      "ci95_lo": 0.07439991623163222,
      "ci95_hi": 0.07633164713159205,
      "per_seed": [
        0.0759592056274414,
        0.0758710578083992,
        0.07476257532835007,
        0.07589536905288696,
        0.07435953617095947,
        0.07862108200788498,
        0.07605989277362823,
        0.07491359859704971,
        0.07491473108530045,
        0.0722673311829567
      ]
    },
    "cont_3w_3000": {
      "mean": 0.07789831310510635,
      "std": 0.0018186189789808629,
      "ci95_lo": 0.0768805006891489,
      "ci95_hi": 0.07898963054642082,
      "per_seed": [
        0.07803019136190414,
        0.08005692064762115,
        0.07654216885566711,
        0.07836716622114182,
        0.07636206597089767,
        0.08082541078329086,
        0.07954437285661697,
        0.07554811239242554,
        0.07593529671430588,
        0.07777142524719238
      ]
    }
  },
  "per_seed_rows": [
    {
      "seed": 7270,
      "run_number": 1,
      "init_digest": "220212b54389a01f21995ad80bb2daf82dcd9e23b369dcb4665e11297d8a6e0a",
      "cont_1w_1500_test_mse": 0.07850539684295654,
      "cont_1w_1500_wall_s": 22.4,
      "cont_3w_1500_test_mse": 0.0759592056274414,
      "cont_3w_1500_wall_s": 24.4,
      "cont_3w_3000_test_mse": 0.07803019136190414,
      "cont_3w_3000_wall_s": 49.8,
      "total_wall_s": 96.6
    },
    {
      "seed": 860,
      "run_number": 2,
      "init_digest": "2770cf3ead159e8fe25bda515a957c72db7f6c62c4a124535b8fbec354d439e9",
      "cont_1w_1500_test_mse": 0.08040536195039749,
      "cont_1w_1500_wall_s": 24.2,
      "cont_3w_1500_test_mse": 0.0758710578083992,
      "cont_3w_1500_wall_s": 24.0,
      "cont_3w_3000_test_mse": 0.08005692064762115,
      "cont_3w_3000_wall_s": 47.6,
      "total_wall_s": 95.9
    },
    {
      "seed": 5390,
      "run_number": 3,
      "init_digest": "c64de3cd1361621df1bb31af332245da96dde53964979becafb1d12b1d10ae3b",
      "cont_1w_1500_test_mse": 0.0764450803399086,
      "cont_1w_1500_wall_s": 21.0,
      "cont_3w_1500_test_mse": 0.07476257532835007,
      "cont_3w_1500_wall_s": 24.9,
      "cont_3w_3000_test_mse": 0.07654216885566711,
      "cont_3w_3000_wall_s": 48.2,
      "total_wall_s": 94.1
    },
    {
      "seed": 5191,
      "run_number": 4,
      "init_digest": "099294d432d16aa953539186db21687f17d37639703b8732802b8c24ae6beb71",
      "cont_1w_1500_test_mse": 0.07894367724657059,
      "cont_1w_1500_wall_s": 25.3,
      "cont_3w_1500_test_mse": 0.07589536905288696,
      "cont_3w_1500_wall_s": 24.4,
      "cont_3w_3000_test_mse": 0.07836716622114182,
      "cont_3w_3000_wall_s": 41.8,
      "total_wall_s": 91.5
    },
    {
      "seed": 5734,
      "run_number": 5,
      "init_digest": "e859b066471d8230a4810ee8c152cd30b12c75b1eed72aab690f75733ac4882e",
      "cont_1w_1500_test_mse": 0.0761333778500557,
      "cont_1w_1500_wall_s": 20.8,
      "cont_3w_1500_test_mse": 0.07435953617095947,
      "cont_3w_1500_wall_s": 21.1,
      "cont_3w_3000_test_mse": 0.07636206597089767,
      "cont_3w_3000_wall_s": 49.1,
      "total_wall_s": 91.0
    },
    {
      "seed": 6265,
      "run_number": 6,
      "init_digest": "5d173db0d5725feff94d6e76a78e6bfa7fd5109b47dfcc2f984f2b81083a1054",
      "cont_1w_1500_test_mse": 0.07994543761014938,
      "cont_1w_1500_wall_s": 20.8,
      "cont_3w_1500_test_mse": 0.07862108200788498,
      "cont_3w_1500_wall_s": 24.3,
      "cont_3w_3000_test_mse": 0.08082541078329086,
      "cont_3w_3000_wall_s": 48.1,
      "total_wall_s": 93.2
    },
    {
      "seed": 466,
      "run_number": 7,
      "init_digest": "c52f571d089c8067cdd6d75060e47b52eb569fb57821fc32f77691d8c6d684c8",
      "cont_1w_1500_test_mse": 0.07900039851665497,
      "cont_1w_1500_wall_s": 24.1,
      "cont_3w_1500_test_mse": 0.07605989277362823,
      "cont_3w_1500_wall_s": 24.4,
      "cont_3w_3000_test_mse": 0.07954437285661697,
      "cont_3w_3000_wall_s": 47.5,
      "total_wall_s": 96.0
    },
    {
      "seed": 4426,
      "run_number": 8,
      "init_digest": "1c58d68652a6ab071ff7501dd4c4e8c00d9a437e262918d13baa8808730fec16",
      "cont_1w_1500_test_mse": 0.07709718495607376,
      "cont_1w_1500_wall_s": 23.3,
      "cont_3w_1500_test_mse": 0.07491359859704971,
      "cont_3w_1500_wall_s": 22.3,
      "cont_3w_3000_test_mse": 0.07554811239242554,
      "cont_3w_3000_wall_s": 44.8,
      "total_wall_s": 90.4
    },
    {
      "seed": 5578,
      "run_number": 9,
      "init_digest": "d46af07052a574fd7a7bdcb518843e36ca231572ac41ab88751cf44df576b26a",
      "cont_1w_1500_test_mse": 0.0766177698969841,
      "cont_1w_1500_wall_s": 21.2,
      "cont_3w_1500_test_mse": 0.07491473108530045,
      "cont_3w_1500_wall_s": 21.7,
      "cont_3w_3000_test_mse": 0.07593529671430588,
      "cont_3w_3000_wall_s": 42.5,
      "total_wall_s": 85.4
    },
    {
      "seed": 8322,
      "run_number": 10,
      "init_digest": "ca34a245031c886272b7374ef1edbee1e3152d47779f7435f15bde2bffcb2e6e",
      "cont_1w_1500_test_mse": 0.0737653523683548,
      "cont_1w_1500_wall_s": 22.2,
      "cont_3w_1500_test_mse": 0.0722673311829567,
      "cont_3w_1500_wall_s": 24.7,
      "cont_3w_3000_test_mse": 0.07777142524719238,
      "cont_3w_3000_wall_s": 51.4,
      "total_wall_s": 98.3
    }
  ]
}