{
  "problem": "heat",
  "metric_name": "test_mse_vs_analytical",
  "n_seeds": 10,
  "seeds": [
    7270,
    860,
    5390,
    5191,
    5734,
    6265,
    466,
    4426,
    5578,
    8322
  ],
  "epochs_cells": {
    "cont_1w_1500": {
      "n_steps": 1500,
      "reg_mult": 1
    },
    "cont_3w_1500": {
      "n_steps": 1500,
      "reg_mult": 3
    },
    "cont_3w_3000": {
      "n_steps": 3000,
      "reg_mult": 3
    }
  },
  "base_reg": 0.0001,
  "cell_summary": {
    "cont_1w_1500": {
      "mean": 0.00016872644919203595,
      "std": 3.71026148174287e-05,
      "ci95_lo": 0.00014801133973378454,
      "ci95_hi": 0.00019135998882120476,
      "per_seed": [
        0.00016997510101646185,
        0.0001558629155624658,
        0.00015394898946397007,
        0.0001652291975915432,
        0.00017314741853624582,
        0.00011709691898431629,
        0.00020103169663343579,
        0.00024615562870167196,
        0.00018186318629886955,
        0.00012295343913137913
      ]
    },
    "cont_3w_1500": {
      "mean": 0.00021188044775044546,
      "std": 0.0001244190863674705,
      "ci95_lo": 0.00015771854679769604,
      "ci95_hi": 0.000294266288910876,
      "per_seed": [
        0.00018588252714835107,
        0.0001539613731438294,
        0.00015231853467412293,
        0.00017184177704621106,
        0.00018577164155431092,
        0.00013294542441144586,
        0.00020460253290366381,
        0.00025412364630028605,
        0.000549906340893358,
        0.00012745067942887545
      ]
    },
    "cont_3w_3000": {
      "mean": 0.00010139395271835383,
      "std": 8.971819502213638e-05,
      "ci95_lo": 6.448741901294852e-05,
      "ci95_hi": 0.00016183519585865724,
      "per_seed": [
        0.0003501494647935033,
        9.556981240166351e-05,
        4.9256843340117484e-05,
        7.263455336214975e-05,
        7.184677087934688e-05,
        4.5389733713818714e-05,
        8.56229817145504e-05,
        0.00011228641960769892,
        7.03386394889094e-05,
        6.084430788177997e-05
      ]
    }
  },
  "per_seed_rows": [
    {
      "seed": 7270,
      "run_number": 1,
      "init_digest": "cf29e1dffe5923dcf118242b12a363d6c54ce6fe60a1df9fe62f697ba977c9a8",
      "cont_1w_1500_test_mse": 0.00016997510101646185,
      "cont_1w_1500_wall_s": 30.7,
      "cont_3w_1500_test_mse": 0.00018588252714835107,
      "cont_3w_1500_wall_s": 29.6,
      "cont_3w_3000_test_mse": 0.0003501494647935033,
      "cont_3w_3000_wall_s": 55.6,
      "total_wall_s": 115.9
    },
    {
      "seed": 860,
      "run_number": 2,
      "init_digest": "600239f1edfc6a8bc0cb62f3d15431cd1b0850c197526dca81a5998393ec7f43",
      "cont_1w_1500_test_mse": 0.0001558629155624658,
      "cont_1w_1500_wall_s": 29.5,
      "cont_3w_1500_test_mse": 0.0001539613731438294,
      "cont_3w_1500_wall_s": 29.4,
      "cont_3w_3000_test_mse": 9.556981240166351e-05,
      "cont_3w_3000_wall_s": 58.0,
      "total_wall_s": 117.0
    },
    {
      "seed": 5390,
      "run_number": 3,
      "init_digest": "2a9908499fe40128721d04342131c6362142f6fb7d4841f9b3f9a01c79a8df7e",
      "cont_1w_1500_test_mse": 0.00015394898946397007,
      "cont_1w_1500_wall_s": 29.5,
      "cont_3w_1500_test_mse": 0.00015231853467412293,
      "cont_3w_1500_wall_s": 28.9,
      "cont_3w_3000_test_mse": 4.9256843340117484e-05,
      "cont_3w_3000_wall_s": 58.0,
      "total_wall_s": 116.4
    },
    {
      "seed": 5191,
      "run_number": 4,
      "init_digest": "f7dad72a4d55439a32dd6366332a6ded5c1b27f7335b88e215d004d7e361a8ea",
      "cont_1w_1500_test_mse": 0.0001652291975915432,
      "cont_1w_1500_wall_s": 29.1,
      "cont_3w_1500_test_mse": 0.00017184177704621106,
      "cont_3w_1500_wall_s": 31.5,
      "cont_3w_3000_test_mse": 7.263455336214975e-05,
      "cont_3w_3000_wall_s": 58.8,
      "total_wall_s": 119.5
    },
    {
      "seed": 5734,
      "run_number": 5,
      "init_digest": "d728793a7c64e9cd9cf26707defa9aa9b2ef2079008ae560e22b6caed1c25912",
      "cont_1w_1500_test_mse": 0.00017314741853624582,
      "cont_1w_1500_wall_s": 27.9,
      "cont_3w_1500_test_mse": 0.00018577164155431092,
      "cont_3w_1500_wall_s": 29.6,
      "cont_3w_3000_test_mse": 7.184677087934688e-05,
      "cont_3w_3000_wall_s": 56.5,
      "total_wall_s": 113.9
    },
    {
      "seed": 6265,
      "run_number": 6,
      "init_digest": "d676c341723ea30057fc11c2bd391c72dd4c1444666cd208423619cdb5f2fdea",
      "cont_1w_1500_test_mse": 0.00011709691898431629,
      "cont_1w_1500_wall_s": 29.3,
      "cont_3w_1500_test_mse": 0.00013294542441144586,
      "cont_3w_1500_wall_s": 31.4,
      "cont_3w_3000_test_mse": 4.5389733713818714e-05,
      "cont_3w_3000_wall_s": 56.2,
      "total_wall_s": 116.9
    },
    {
      "seed": 466,
      "run_number": 7,
      "init_digest": "eb20ca43e40400ce1bd54d5a63cd0731756e6ce6e96293ac4d4e3cc3e7f73ad3",
      "cont_1w_1500_test_mse": 0.00020103169663343579,
      "cont_1w_1500_wall_s": 26.7,
      "cont_3w_1500_test_mse": 0.00020460253290366381,
      "cont_3w_1500_wall_s": 29.8,
      "cont_3w_3000_test_mse": 8.56229817145504e-05,
      "cont_3w_3000_wall_s": 58.7,
      "total_wall_s": 115.2
    },
    {
      "seed": 4426,
      "run_number": 8,
      "init_digest": "d62f9e71db4422e8897199bff15b1156a5c9a57053cf165f5e20cb3cdd1a4e35",
      "cont_1w_1500_test_mse": 0.00024615562870167196,
      "cont_1w_1500_wall_s": 28.9,
      "cont_3w_1500_test_mse": 0.00025412364630028605,
      "cont_3w_1500_wall_s": 31.2,
      "cont_3w_3000_test_mse": 0.00011228641960769892,
      "cont_3w_3000_wall_s": 60.9,
      "total_wall_s": 121.0
    },
    {
      "seed": 5578,
      "run_number": 9,
      "init_digest": "8079d3ab995090c38e903de8b9fbd85b1cd5cbe8fda4229d5a5b511212c70a9e",
      "cont_1w_1500_test_mse": 0.00018186318629886955,
      "cont_1w_1500_wall_s": 28.9,
      "cont_3w_1500_test_mse": 0.000549906340893358,
      "cont_3w_1500_wall_s": 29.8,
      "cont_3w_3000_test_mse": 7.03386394889094e-05,
      "cont_3w_3000_wall_s": 56.7,
      "total_wall_s": 115.4
    },
    {
      "seed": 8322,
      "run_number": 10,
      "init_digest": "7ca09deb2e2eba96f566c0af0d8996e2573aa0149eec96eb12ad717809498c33",
      "cont_1w_1500_test_mse": 0.00012295343913137913,
      "cont_1w_1500_wall_s": 28.3,
      "cont_3w_1500_test_mse": 0.00012745067942887545,
      "cont_3w_1500_wall_s": 29.8,
      "cont_3w_3000_test_mse": 6.084430788177997e-05,
      "cont_3w_3000_wall_s": 60.3,
      "total_wall_s": 118.4
    }
  ]
}