{
  "problem": "laplace",
  "metric_name": "test_mse_vs_analytical",
  "n_seeds": 10,
  "seeds": [
    7270,
    860,
    5390,
    5191,
    5734,
    6265,
    466,
    4426,
    5578,
    8322
  ],
  "epochs_cells": {
    "cont_1w_1500": {
      "n_steps": 1500,
      "reg_mult": 1
    },
    "cont_3w_1500": {
      "n_steps": 1500,
      "reg_mult": 3
    },
    "cont_3w_3000": {
      "n_steps": 3000,
      "reg_mult": 3
    }
  },
  "base_reg": 0.0001,
  "cell_summary": {
    "cont_1w_1500": {
      "mean": 0.00023141122786259066,
      "std": 4.4889675923029234e-05,
      "ci95_lo": 0.0002093883817808776,
      "ci95_hi": 0.0002608306962604251,
      "per_seed": [
        0.00022934261859132554,
        0.0002287581210549619,
        0.000193055631882155,
        0.00034441434390006465,
        0.00021988455529139611,
        0.00019730890348352428,
        0.00026380033715773,
        0.00020354654365135427,
        0.000203830313839975,
        0.00023017090977341988
      ]
    },
    "cont_3w_1500": {
      "mean": 0.00030499375667526204,
      "std": 0.00014337090823572012,
      "ci95_lo": 0.0002294142396358593,
      "ci95_hi": 0.00039697243356640705,
      "per_seed": [
        0.00024491449024993575,
        0.00022902816667310876,
        0.00019217877966384668,
        0.0005295856067768233,
        0.00022435667641654866,
        0.00020019063100394332,
        0.00026266527557860505,
        0.00034828719265413583,
        0.00022293975338933764,
        0.0005957909943463355
      ]
    },
    "cont_3w_3000": {
      "mean": 0.00021230875166724874,
      "std": 2.2377176654372255e-05,
      "ci95_lo": 0.00020232613502192993,
      "ci95_hi": 0.0002271815762447858,
      "per_seed": [
        0.00020909730064207452,
        0.00020991488502691868,
        0.0001940594637517295,
        0.00027296161301651727,
        0.00020188067316566095,
        0.00019667143492463254,
        0.00021370198230791996,
        0.0002012506794166799,
        0.00021237861259005314,
        0.00021117087183030085
      ]
    }
  },
  "per_seed_rows": [
    {
      "seed": 7270,
      "run_number": 1,
      "init_digest": "4d7a334b3a14853b56b7058ef860f6ab9969e2d5d59703bed391e69980518bbe",
      "cont_1w_1500_test_mse": 0.00022934261859132554,
      "cont_1w_1500_wall_s": 28.7,
      "cont_3w_1500_test_mse": 0.00024491449024993575,
      "cont_3w_1500_wall_s": 27.3,
      "cont_3w_3000_test_mse": 0.00020909730064207452,
      "cont_3w_3000_wall_s": 55.0,
      "total_wall_s": 111.1
    },
    {
      "seed": 860,
      "run_number": 2,
      "init_digest": "03953119abb3df05b894e11337a0de145c557e363c8d943f9acc87e71ab4539f",
      "cont_1w_1500_test_mse": 0.0002287581210549619,
      "cont_1w_1500_wall_s": 27.4,
      "cont_3w_1500_test_mse": 0.00022902816667310876,
      "cont_3w_1500_wall_s": 27.4,
      "cont_3w_3000_test_mse": 0.00020991488502691868,
      "cont_3w_3000_wall_s": 54.7,
      "total_wall_s": 109.5
    },
    {
      "seed": 5390,
      "run_number": 3,
      "init_digest": "13b82332629883734ae60a1fa49896b533bd806f7d69b0620a7e85084cfd4ec6",
      "cont_1w_1500_test_mse": 0.000193055631882155,
      "cont_1w_1500_wall_s": 27.3,
      "cont_3w_1500_test_mse": 0.00019217877966384668,
      "cont_3w_1500_wall_s": 35.0,
      "cont_3w_3000_test_mse": 0.0001940594637517295,
      "cont_3w_3000_wall_s": 83.5,
      "total_wall_s": 145.8
    },
    {
      "seed": 5191,
      "run_number": 4,
      "init_digest": "5a7badb8c6e9b681bf7e6624616ad493ad7ae6080b54194f6c0da5130625a323",
      "cont_1w_1500_test_mse": 0.00034441434390006465,
      "cont_1w_1500_wall_s": 41.5,
      "cont_3w_1500_test_mse": 0.0005295856067768233,
      "cont_3w_1500_wall_s": 41.1,
      "cont_3w_3000_test_mse": 0.00027296161301651727,
      "cont_3w_3000_wall_s": 81.5,
      "total_wall_s": 164.1
    },
    {
      "seed": 5734,
      "run_number": 5,
      "init_digest": "6e5fe47b6247d3e1508f73bdae9dd479dc6ab5e58a0402319ff0ae302fb0735b",
      "cont_1w_1500_test_mse": 0.00021988455529139611,
      "cont_1w_1500_wall_s": 40.9,
      "cont_3w_1500_test_mse": 0.00022435667641654866,
      "cont_3w_1500_wall_s": 41.2,
      "cont_3w_3000_test_mse": 0.00020188067316566095,
      "cont_3w_3000_wall_s": 83.0,
      "total_wall_s": 165.1
    },
    {
      "seed": 6265,
      "run_number": 6,
      "init_digest": "96700d7647055c9fe021e11cbff74ca0207656f62353b9ffa6add33770e326b0",
      "cont_1w_1500_test_mse": 0.00019730890348352428,
      "cont_1w_1500_wall_s": 41.6,
      "cont_3w_1500_test_mse": 0.00020019063100394332,
      "cont_3w_1500_wall_s": 38.1,
      "cont_3w_3000_test_mse": 0.00019667143492463254,
      "cont_3w_3000_wall_s": 83.0,
      "total_wall_s": 162.7
    },
    {
      "seed": 466,
      "run_number": 7,
      "init_digest": "eaa0441d4007701c0cd7ad26316e7d8ac25e01587f1ab9426027143e5c1ffce5",
      "cont_1w_1500_test_mse": 0.00026380033715773,
      "cont_1w_1500_wall_s": 41.5,
      "cont_3w_1500_test_mse": 0.00026266527557860505,
      "cont_3w_1500_wall_s": 40.6,
      "cont_3w_3000_test_mse": 0.00021370198230791996,
      "cont_3w_3000_wall_s": 81.6,
      "total_wall_s": 163.6
    },
    {
      "seed": 4426,
      "run_number": 8,
      "init_digest": "c3ca4a94614a934e2265ab95e62091bc1ffe1157abafe2ed299a691bb7d38914",
      "cont_1w_1500_test_mse": 0.00020354654365135427,
      "cont_1w_1500_wall_s": 40.6,
      "cont_3w_1500_test_mse": 0.00034828719265413583,
      "cont_3w_1500_wall_s": 41.3,
      "cont_3w_3000_test_mse": 0.0002012506794166799,
      "cont_3w_3000_wall_s": 82.2,
      "total_wall_s": 164.1
    },
    {
      "seed": 5578,
      "run_number": 9,
      "init_digest": "af78f30fabec15759f482fb2e427d39d5c032dd648e1349baa60157635f83b6f",
      "cont_1w_1500_test_mse": 0.000203830313839975,
      "cont_1w_1500_wall_s": 41.4,
      "cont_3w_1500_test_mse": 0.00022293975338933764,
      "cont_3w_1500_wall_s": 40.7,
      "cont_3w_3000_test_mse": 0.00021237861259005314,
      "cont_3w_3000_wall_s": 83.3,
      "total_wall_s": 165.4
    },
    {
      "seed": 8322,
      "run_number": 10,
      "init_digest": "25b740d884eaf58f9a0bb8e1d14b7cb95da915340804261334d288e9187bd1e0",
      "cont_1w_1500_test_mse": 0.00023017090977341988,
      "cont_1w_1500_wall_s": 48.6,
      "cont_3w_1500_test_mse": 0.0005957909943463355,
      "cont_3w_1500_wall_s": 46.5,
      "cont_3w_3000_test_mse": 0.00021117087183030085,
      "cont_3w_3000_wall_s": 92.4,
      "total_wall_s": 187.6
    }
  ]
}