{
  "problem": "memristor",
  "metric_name": "test_mse_vs_analytical",
  "n_seeds": 10,
  "seeds": [
    7270,
    860,
    5390,
    5191,
    5734,
    6265,
    466,
    4426,
    5578,
    8322
  ],
  "epochs_cells": {
    "cont_1w_1500": {
      "n_steps": 1500,
      "reg_mult": 1
    },
    "cont_3w_1500": {
      "n_steps": 1500,
      "reg_mult": 3
    },
    "cont_3w_3000": {
      "n_steps": 3000,
      "reg_mult": 3
    }
  },
  "base_reg": 0.0001,
  "cell_summary": {
    "cont_1w_1500": {
      "mean": 5.017839507552457e-07,
      "std": 5.734647712807462e-07,
      "ci95_lo": 1.9131672729992368e-07,
      "ci95_hi": 8.693601379330951e-07,
      "per_seed": [
        8.302536516333422e-07,
        2.7920800102346744e-08,
        3.194232442862181e-07,
        3.4946931996540584e-07,
        1.580663044191621e-08,
        1.4861768896831469e-06,
        3.0985202520911356e-07,
        7.257140249980072e-08,
        1.497054374799197e-06,
        1.0931116893197053e-07
      ]
    },
    "cont_3w_1500": {
      "mean": 2.449570044016613e-07,
      "std": 4.1389255777788316e-07,
      "ci95_lo": 5.341494809069385e-08,
      "ci95_hi": 5.334808169630184e-07,
      "per_seed": [
        4.385644419235476e-07,
        1.243672425306345e-08,
        3.6479826789281484e-08,
        2.9776614424228463e-08,
        1.030839913387561e-07,
        1.3362719400395212e-06,
        6.76709524912206e-08,
        2.895488312858466e-08,
        3.8103983854721534e-07,
        1.5290831081193895e-08
      ]
    },
    "cont_3w_3000": {
      "mean": 1.8456379804532811e-07,
      "std": 1.0675542022672189e-07,
      "ci95_lo": 1.199062458453537e-07,
      "ci95_hi": 2.4676647434495073e-07,
      "per_seed": [
        5.2707409485721863e-08,
        2.709773097715101e-07,
        2.6597065846258205e-07,
        2.7861171350688087e-07,
        2.7894738896001337e-07,
        8.088970455773625e-08,
        9.435508946389531e-08,
        2.213049823943216e-07,
        2.676089625520812e-08,
        2.7511282759541156e-07
      ]
    }
  },
  "per_seed_rows": [
    {
      "seed": 7270,
      "run_number": 1,
      "init_digest": "78ce971242a7557514707d3ab419071cb5dd920d1285075700bf600c5ea4b19c",
      "cont_1w_1500_test_mse": 8.302536516333422e-07,
      "cont_1w_1500_wall_s": 2.1,
      "cont_3w_1500_test_mse": 4.385644419235476e-07,
      "cont_3w_1500_wall_s": 2.1,
      "cont_3w_3000_test_mse": 5.2707409485721863e-08,
      "cont_3w_3000_wall_s": 4.2,
      "total_wall_s": 8.3
    },
    {
      "seed": 860,
      "run_number": 2,
      "init_digest": "dc96fa8bdcf57b2b73a767859caf7e13b9e4eecfda103fab6554e1f593efa1fa",
      "cont_1w_1500_test_mse": 2.7920800102346744e-08,
      "cont_1w_1500_wall_s": 2.2,
      "cont_3w_1500_test_mse": 1.243672425306345e-08,
      "cont_3w_1500_wall_s": 2.2,
      "cont_3w_3000_test_mse": 2.709773097715101e-07,
      "cont_3w_3000_wall_s": 4.4,
      "total_wall_s": 8.8
    },
    {
      "seed": 5390,
      "run_number": 3,
      "init_digest": "7719175df24f7439f4f505cac307d996cc5e15e6a9038d572ca4c10a653ec955",
      "cont_1w_1500_test_mse": 3.194232442862181e-07,
      "cont_1w_1500_wall_s": 2.1,
      "cont_3w_1500_test_mse": 3.6479826789281484e-08,
      "cont_3w_1500_wall_s": 2.1,
      "cont_3w_3000_test_mse": 2.6597065846258205e-07,
      "cont_3w_3000_wall_s": 4.3,
      "total_wall_s": 8.6
    },
    {
      "seed": 5191,
      "run_number": 4,
      "init_digest": "bf15a03168908733a0bbf92fbde3e7dee1e7030c62860d48e37f0f2c8edb2611",
      "cont_1w_1500_test_mse": 3.4946931996540584e-07,
      "cont_1w_1500_wall_s": 2.1,
      "cont_3w_1500_test_mse": 2.9776614424228463e-08,
      "cont_3w_1500_wall_s": 2.1,
      "cont_3w_3000_test_mse": 2.7861171350688087e-07,
      "cont_3w_3000_wall_s": 4.1,
      "total_wall_s": 8.3
    },
    {
      "seed": 5734,
      "run_number": 5,
      "init_digest": "99ca8eaf7e1c23c5772f4abfc01d0e403f587e894432a5469a17b5e6f65ea4f6",
      "cont_1w_1500_test_mse": 1.580663044191621e-08,
      "cont_1w_1500_wall_s": 2.3,
      "cont_3w_1500_test_mse": 1.030839913387561e-07,
      "cont_3w_1500_wall_s": 2.1,
      "cont_3w_3000_test_mse": 2.7894738896001337e-07,
      "cont_3w_3000_wall_s": 4.2,
      "total_wall_s": 8.6
    },
    {
      "seed": 6265,
      "run_number": 6,
      "init_digest": "6655aec024e5eb746a7c5cfbda27b4090ba7c2d49cd71589d8d459b108267753",
      "cont_1w_1500_test_mse": 1.4861768896831469e-06,
      "cont_1w_1500_wall_s": 2.2,
      "cont_3w_1500_test_mse": 1.3362719400395212e-06,
      "cont_3w_1500_wall_s": 2.1,
      "cont_3w_3000_test_mse": 8.088970455773625e-08,
      "cont_3w_3000_wall_s": 4.2,
      "total_wall_s": 8.5
    },
    {
      "seed": 466,
      "run_number": 7,
      "init_digest": "29ce991edb148b062d4e48cff457023103d4b851d88102f13a4b04573fa4e3d8",
      "cont_1w_1500_test_mse": 3.0985202520911356e-07,
      "cont_1w_1500_wall_s": 2.2,
      "cont_3w_1500_test_mse": 6.76709524912206e-08,
      "cont_3w_1500_wall_s": 2.4,
      "cont_3w_3000_test_mse": 9.435508946389531e-08,
      "cont_3w_3000_wall_s": 4.4,
      "total_wall_s": 8.9
    },
    {
      "seed": 4426,
      "run_number": 8,
      "init_digest": "7339a154193bfc625bacf1ec2721ef0c4f409575f8ff701cab14b9ca1d93dd4e",
      "cont_1w_1500_test_mse": 7.257140249980072e-08,
      "cont_1w_1500_wall_s": 2.1,
      "cont_3w_1500_test_mse": 2.895488312858466e-08,
      "cont_3w_1500_wall_s": 2.1,
      "cont_3w_3000_test_mse": 2.213049823943216e-07,
      "cont_3w_3000_wall_s": 4.5,
      "total_wall_s": 8.6
    },
    {
      "seed": 5578,
      "run_number": 9,
      "init_digest": "62a8755094ad9606fdd16850913c4a198a40d2ec0e2aa170f766ebba0b40c45a",
      "cont_1w_1500_test_mse": 1.497054374799197e-06,
      "cont_1w_1500_wall_s": 2.1,
      "cont_3w_1500_test_mse": 3.8103983854721534e-07,
      "cont_3w_1500_wall_s": 2.1,
      "cont_3w_3000_test_mse": 2.676089625520812e-08,
      "cont_3w_3000_wall_s": 4.2,
      "total_wall_s": 8.4
    },
    {
      "seed": 8322,
      "run_number": 10,
      "init_digest": "2dc1dfc5dd536171b19a7c3909fb6ac5a5662e4fc7b63db1a861b15f3aac697a",
      "cont_1w_1500_test_mse": 1.0931116893197053e-07,
      "cont_1w_1500_wall_s": 2.1,
      "cont_3w_1500_test_mse": 1.5290831081193895e-08,
      "cont_3w_1500_wall_s": 2.1,
      "cont_3w_3000_test_mse": 2.7511282759541156e-07,
      "cont_3w_3000_wall_s": 4.3,
      "total_wall_s": 8.4
    }
  ]
}