{
  "problem": "wave",
  "metric_name": "test_mse_vs_analytical",
  "n_seeds": 10,
  "seeds": [
    7270,
    860,
    5390,
    5191,
    5734,
    6265,
    466,
    4426,
    5578,
    8322
  ],
  "epochs_cells": {
    "cont_1w_1500": {
      "n_steps": 1500,
      "reg_mult": 1
    },
    "cont_3w_1500": {
      "n_steps": 1500,
      "reg_mult": 3
    },
    "cont_3w_3000": {
      "n_steps": 3000,
      "reg_mult": 3
    }
  },
  "base_reg": 0.0001,
  "cell_summary": {
    "cont_1w_1500": {
      "mean": 0.0005070846755188541,
      "std": 0.0009100986215800082,
      "ci95_lo": 9.632135622723582e-05,
      "ci95_hi": 0.0011236939009495472,
      "per_seed": [
        0.00291676283814013,
        2.586375194368884e-05,
        0.000199983362108469,
        0.001045107375830412,
        0.0005851236055605114,
        3.455755359027535e-05,
        1.7677508367341943e-05,
        2.6129941034014337e-05,
        1.8259337593917735e-05,
        0.00020138148101978004
      ]
    },
    "cont_3w_1500": {
      "mean": 0.001275568032542651,
      "std": 0.003213060723376333,
      "ci95_lo": 7.560783583812736e-05,
      "ci95_hi": 0.003367859973527629,
      "per_seed": [
        8.445595449302346e-05,
        3.47793466062285e-05,
        0.000165773686603643,
        0.001563157537020743,
        6.09811395406723e-05,
        0.00044914131285622716,
        2.7472160581965e-05,
        2.236625186924357e-05,
        2.7775171474786475e-05,
        0.010319777764379978
      ]
    },
    "cont_3w_3000": {
      "mean": 0.00011808353938249638,
      "std": 0.00018129109791631198,
      "ci95_lo": 3.8038010420677895e-05,
      "ci95_hi": 0.00024217828770360932,
      "per_seed": [
        0.0006014658720232546,
        5.8567537053022534e-05,
        7.49942337279208e-05,
        0.00023330312978941947,
        4.873070793109946e-05,
        1.3424632925307378e-05,
        3.1828978535486385e-05,
        7.160401582950726e-05,
        1.361297290713992e-05,
        3.330331310280599e-05
      ]
    }
  },
  "per_seed_rows": [
    {
      "seed": 7270,
      "run_number": 1,
      "init_digest": "cf29e1dffe5923dcf118242b12a363d6c54ce6fe60a1df9fe62f697ba977c9a8",
      "cont_1w_1500_test_mse": 0.00291676283814013,
      "cont_1w_1500_wall_s": 34.3,
      "cont_3w_1500_test_mse": 8.445595449302346e-05,
      "cont_3w_1500_wall_s": 43.9,
      "cont_3w_3000_test_mse": 0.0006014658720232546,
      "cont_3w_3000_wall_s": 82.6,
      "total_wall_s": 160.7
    },
    {
      "seed": 860,
      "run_number": 2,
      "init_digest": "600239f1edfc6a8bc0cb62f3d15431cd1b0850c197526dca81a5998393ec7f43",
      "cont_1w_1500_test_mse": 2.586375194368884e-05,
      "cont_1w_1500_wall_s": 44.2,
      "cont_3w_1500_test_mse": 3.47793466062285e-05,
      "cont_3w_1500_wall_s": 41.1,
      "cont_3w_3000_test_mse": 5.8567537053022534e-05,
      "cont_3w_3000_wall_s": 83.7,
      "total_wall_s": 169.0
    },
    {
      "seed": 5390,
      "run_number": 3,
      "init_digest": "2a9908499fe40128721d04342131c6362142f6fb7d4841f9b3f9a01c79a8df7e",
      "cont_1w_1500_test_mse": 0.000199983362108469,
      "cont_1w_1500_wall_s": 39.5,
      "cont_3w_1500_test_mse": 0.000165773686603643,
      "cont_3w_1500_wall_s": 40.9,
      "cont_3w_3000_test_mse": 7.49942337279208e-05,
      "cont_3w_3000_wall_s": 67.3,
      "total_wall_s": 147.7
    },
    {
      "seed": 5191,
      "run_number": 4,
      "init_digest": "f7dad72a4d55439a32dd6366332a6ded5c1b27f7335b88e215d004d7e361a8ea",
      "cont_1w_1500_test_mse": 0.001045107375830412,
      "cont_1w_1500_wall_s": 26.6,
      "cont_3w_1500_test_mse": 0.001563157537020743,
      "cont_3w_1500_wall_s": 26.5,
      "cont_3w_3000_test_mse": 0.00023330312978941947,
      "cont_3w_3000_wall_s": 52.1,
      "total_wall_s": 105.2
    },
    {
      "seed": 5734,
      "run_number": 5,
      "init_digest": "d728793a7c64e9cd9cf26707defa9aa9b2ef2079008ae560e22b6caed1c25912",
      "cont_1w_1500_test_mse": 0.0005851236055605114,
      "cont_1w_1500_wall_s": 26.2,
      "cont_3w_1500_test_mse": 6.09811395406723e-05,
      "cont_3w_1500_wall_s": 26.0,
      "cont_3w_3000_test_mse": 4.873070793109946e-05,
      "cont_3w_3000_wall_s": 53.4,
      "total_wall_s": 105.6
    },
    {
      "seed": 6265,
      "run_number": 6,
      "init_digest": "d676c341723ea30057fc11c2bd391c72dd4c1444666cd208423619cdb5f2fdea",
      "cont_1w_1500_test_mse": 3.455755359027535e-05,
      "cont_1w_1500_wall_s": 26.7,
      "cont_3w_1500_test_mse": 0.00044914131285622716,
      "cont_3w_1500_wall_s": 26.6,
      "cont_3w_3000_test_mse": 1.3424632925307378e-05,
      "cont_3w_3000_wall_s": 53.0,
      "total_wall_s": 106.3
    },
    {
      "seed": 466,
      "run_number": 7,
      "init_digest": "eb20ca43e40400ce1bd54d5a63cd0731756e6ce6e96293ac4d4e3cc3e7f73ad3",
      "cont_1w_1500_test_mse": 1.7677508367341943e-05,
      "cont_1w_1500_wall_s": 26.5,
      "cont_3w_1500_test_mse": 2.7472160581965e-05,
      "cont_3w_1500_wall_s": 26.2,
      "cont_3w_3000_test_mse": 3.1828978535486385e-05,
      "cont_3w_3000_wall_s": 53.3,
      "total_wall_s": 106.1
    },
    {
      "seed": 4426,
      "run_number": 8,
      "init_digest": "d62f9e71db4422e8897199bff15b1156a5c9a57053cf165f5e20cb3cdd1a4e35",
      "cont_1w_1500_test_mse": 2.6129941034014337e-05,
      "cont_1w_1500_wall_s": 26.8,
      "cont_3w_1500_test_mse": 2.236625186924357e-05,
      "cont_3w_1500_wall_s": 26.8,
      "cont_3w_3000_test_mse": 7.160401582950726e-05,
      "cont_3w_3000_wall_s": 54.7,
      "total_wall_s": 108.4
    },
    {
      "seed": 5578,
      "run_number": 9,
      "init_digest": "8079d3ab995090c38e903de8b9fbd85b1cd5cbe8fda4229d5a5b511212c70a9e",
      "cont_1w_1500_test_mse": 1.8259337593917735e-05,
      "cont_1w_1500_wall_s": 26.7,
      "cont_3w_1500_test_mse": 2.7775171474786475e-05,
      "cont_3w_1500_wall_s": 26.4,
      "cont_3w_3000_test_mse": 1.361297290713992e-05,
      "cont_3w_3000_wall_s": 52.8,
      "total_wall_s": 105.9
    },
    {
      "seed": 8322,
      "run_number": 10,
      "init_digest": "7ca09deb2e2eba96f566c0af0d8996e2573aa0149eec96eb12ad717809498c33",
      "cont_1w_1500_test_mse": 0.00020138148101978004,
      "cont_1w_1500_wall_s": 26.5,
      "cont_3w_1500_test_mse": 0.010319777764379978,
      "cont_3w_1500_wall_s": 26.3,
      "cont_3w_3000_test_mse": 3.330331310280599e-05,
      "cont_3w_3000_wall_s": 68.1,
      "total_wall_s": 120.9
    }
  ]
}