{
  "regime": "active",
  "final_loss": 0.018405206501483917,
  "training_time": 48.482110261917114,
  "duty_cycle": 50.0,
  "epochs": 3000,
  "node_num": 16,
  "use_solar": true,
  "adaptive_reg": true,
  "losses": [
    4.450622081756592,
    1.2055156230926514,
    1.2445887327194214,
    1.0061421394348145,
    0.9823023676872253,
    0.9222115874290466,
    0.8803618550300598,
    0.8434519171714783,
    0.8089636564254761,
    0.7795496582984924,
    0.7528229355812073,
    0.727432370185852,
    0.7028385400772095,
    0.6781712174415588,
    0.6526389122009277,
    0.6262344717979431,
    0.5989862084388733,
    0.5708643198013306,
    0.5419629216194153,
    0.512606143951416,
    0.4834282398223877,
    0.45537450909614563,
    0.42962244153022766,
    0.40735217928886414,
    0.3893996477127075,
    0.37590110301971436,
    0.3661338686943054,
    0.35880520939826965,
    0.35267573595046997,
    0.34698206186294556,
    0.3414127230644226,
    0.33587512373924255,
    0.33033230900764465,
    0.32475215196609497,
    0.31910428404808044,
    0.3133634924888611,
    0.3075122535228729,
    0.30154216289520264,
    0.2954564392566681,
    0.28927168250083923,
    0.28302016854286194,
    0.2767501175403595,
    0.2705230116844177,
    0.2644043564796448,
    0.25844645500183105,
    0.252667099237442,
    0.2470390498638153,
    0.24150162935256958,
    0.2359883040189743,
    0.23044683039188385,
    0.2248421609401703,
    0.21915028989315033,
    0.21335534751415253,
    0.2074514925479889,
    0.20144347846508026,
    0.19534537196159363,
    0.18917840719223022,
    0.18296684324741364,
    0.1767343431711197,
    0.17050103843212128,
    0.16428355872631073,
    0.15809810161590576,
    0.15196587145328522,
    0.14591775834560394,
    0.1399959772825241,
    0.13425025343894958,
    0.12872730195522308,
    0.12345703691244125,
    0.11844249069690704,
    0.11366269737482071,
    0.10908704251050949,
    0.10469044744968414,
    0.10045536607503891,
    0.0963648185133934,
    0.09239915013313293,
    0.08853813260793686,
    0.08476193994283676,
    0.08105157315731049,
    0.07738982886075974,
    0.07376329600811005,
    0.07016310840845108,
    0.06658484786748886,
    0.06302719563245773,
    0.05949006974697113,
    0.05597318336367607,
    0.05247737467288971,
    0.049009792506694794,
    0.04559386149048805,
    0.0422801673412323,
    0.03915092349052429,
    0.036309536546468735,
    0.03385202959179878,
    0.03182994946837425,
    0.030227500945329666,
    0.029167193919420242,
    0.028053369373083115,
    0.027204476296901703,
    0.026517072692513466,
    0.025864796712994576,
    0.025285733863711357,
    0.024780435487627983,
    0.024316925555467606,
    0.0238976888358593,
    0.0235147625207901,
    0.02316400408744812,
    0.022841688245534897,
    0.022544482722878456,
    0.02226956933736801,
    0.0220145583152771,
    0.02177739515900612,
    0.021556317806243896,
    0.021349815651774406,
    0.02115659788250923,
    0.020975500345230103,
    0.02080550789833069,
    0.020645739510655403,
    0.020497001707553864,
    0.0214039646089077,
    0.02049647644162178,
    0.020218167454004288,
    0.020002100616693497,
    0.019910970702767372,
    0.019794968888163567,
    0.019697677344083786,
    0.019608108326792717,
    0.019522858783602715,
    0.019442051649093628,
    0.019365515559911728,
    0.019293008372187614,
    0.019224300980567932,
    0.019159166142344475,
    0.019097428768873215,
    0.01903892308473587,
    0.018983468413352966,
    0.01893092691898346,
    0.018881138414144516,
    0.01883396878838539,
    0.01878928765654564,
    0.01874696835875511,
    0.01870689168572426,
    0.01866898126900196,
    0.018639061599969864,
    0.019842693582177162,
    0.018692221492528915,
    0.018628574907779694,
    0.01856273040175438,
    0.0185079388320446,
    0.018472500145435333,
    0.01844635233283043,
    0.01842389814555645
  ],
  "duty_log": [
    1,
    1,
    1,
    1,
    1,
    1,
    1,
    1,
    1,
    1,
    1,
    1,
    1,
    1,
    1,
    1,
    1,
    1,
    1,
    1,
    1,
    1,
    1,
    1,
    1,
    1,
    1,
    1,
    1,
    1,
    1,
    1,
    1,
    1,
    1,
    1,
    1,
    1,
    1,
    1,
    1,
    1,
    1,
    1,
    1,
    1,
    1,
    1,
    1,
    1,
    1,
    1,
    1,
    1,
    1,
    1,
    1,
    1,
    1,
    1,
    1,
    1,
    1,
    1,
    1,
    1,
    1,
    1,
    1,
    1,
    1,
    1,
    1,
    1,
    1,
    1,
    1,
    1,
    1,
    1,
    1,
    1,
    1,
    1,
    1,
    1,
    1,
    1,
    1,
    1,
    1,
    1,
    1,
    1,
    1,
    1,
    1,
    1,
    1,
    1,
    1,
    1,
    1,
    1,
    1,
    1,
    1,
    1,
    1,
    1,
    1,
    1,
    1,
    1,
    1,
    1,
    1,
    1,
    1,
    1,
    1,
    1,
    1,
    1,
    1,
    1,
    1,
    1,
    1,
    1,
    1,
    1,
    1,
    1,
    1,
    1,
    1,
    1,
    1,
    1,
    1,
    1,
    1,
    1,
    1,
    1,
    1,
    1,
    1,
    1,
    1,
    1,
    1,
    1,
    1,
    1,
    1,
    1,
    1,
    1,
    1,
    1,
    1,
    1,
    1,
    1,
    1,
    1,
    1,
    1,
    1,
    1,
    1,
    1,
    1,
    1,
    1,
    1,
    1,
    1,
    1,
    1,
    1,
    1,
    1,
    1,
    1,
    1,
    1,
    1,
    1,
    1,
    1,
    1,
    1,
    1,
    1,
    1,
    1,
    1,
    1,
    1,
    1,
    1,
    1,
    1,
    1,
    1,
    1,
    1,
    1,
    1,
    1,
    1,
    1,
    1,
    1,
    1,
    1,
    1,
    1,
    1,
    1,
    1,
    1,
    1,
    1,
    1,
    1,
    1,
    1,
    1,
    1,
    1,
    1,
    1,
    1,
    1,
    1,
    1,
    1,
    1,
    1,
    1,
    1,
    1,
    1,
    1,
    1,
    1,
    1,
    1,
    1,
    1,
    1,
    1,
    1,
    1,
    1,
    1,
    1,
    1,
    1,
    1,
    1,
    1,
    1,
    1,
    1,
    1,
    1,
    1,
    1,
    1,
    1,
    1,
    1,
    1,
    1,
    1,
    1,
    1,
    1,
    1,
    1,
    1,
    1,
    1,
    1,
    1,
    1,
    1,
    1,
    1,
    1,
    1,
    1,
    1,
    1,
    1
  ],
  "verification": {
    "initial_state_digest": "4d7a334b3a14853b56b7058ef860f6ab9969e2d5d59703bed391e69980518bbe",
    "training_data_digest": "bca0b1a2246e9fdcd89d8be51350e28d77bf5e94a72e8126c4315d36d547839b"
  }
}