{
  "regime": "continuous",
  "final_loss": 0.013143131509423256,
  "training_time": 72.06930685043335,
  "duty_cycle": 100.0,
  "epochs": 3000,
  "node_num": 16,
  "use_solar": false,
  "adaptive_reg": false,
  "losses": [
    4.450622081756592,
    1.205502986907959,
    1.2445636987686157,
    1.006104588508606,
    0.9822524785995483,
    0.9221488237380981,
    0.8802863955497742,
    0.8433635234832764,
    0.8088623285293579,
    0.7794353365898132,
    0.7526959180831909,
    0.7272924780845642,
    0.7026858925819397,
    0.6780052781105042,
    0.6524592638015747,
    0.6260406970977783,
    0.5987775921821594,
    0.5706401467323303,
    0.5417224168777466,
    0.5123485326766968,
    0.48315292596817017,
    0.4550812542438507,
    0.4293120205402374,
    0.4070255756378174,
    0.38905832171440125,
    0.3755461871623993,
    0.36576563119888306,
    0.35842278599739075,
    0.3522779941558838,
    0.34656810760498047,
    0.3409818410873413,
    0.3354267179965973,
    0.3298660218715668,
    0.32426750659942627,
    0.3186006247997284,
    0.31284016370773315,
    0.306968629360199,
    0.30097779631614685,
    0.29487067461013794,
    0.2886642515659332,
    0.2823909521102905,
    0.27609917521476746,
    0.26985055208206177,
    0.2637108862400055,
    0.2577321231365204,
    0.25193163752555847,
    0.24628177285194397,
    0.2407214492559433,
    0.23518390953540802,
    0.22961729764938354,
    0.2239866405725479,
    0.2182677835226059,
    0.21244527399539948,
    0.2065134048461914,
    0.2004770040512085,
    0.1943504512310028,
    0.18815502524375916,
    0.18191517889499664,
    0.17565448582172394,
    0.16939309239387512,
    0.1631474792957306,
    0.15693432092666626,
    0.15077483654022217,
    0.14470027387142181,
    0.13875338435173035,
    0.13298416137695312,
    0.12743908166885376,
    0.12214726209640503,
    0.1171104907989502,
    0.11230651289224625,
    0.10770437121391296,
    0.10327919572591782,
    0.09901390969753265,
    0.09489190578460693,
    0.09089363366365433,
    0.08699911832809448,
    0.08318860828876495,
    0.07944316416978836,
    0.07574563473463058,
    0.07208248227834702,
    0.06844473630189896,
    0.06482785940170288,
    0.06123034656047821,
    0.057651907205581665,
    0.054092053323984146,
    0.0505516417324543,
    0.047038592398166656,
    0.04357835650444031,
    0.04022490605711937,
    0.03706436976790428,
    0.03420289605855942,
    0.03173591196537018,
    0.029710467904806137,
    0.028104402124881744,
    0.02735779620707035,
    0.02619498409330845,
    0.025034531950950623,
    0.024290934205055237,
    0.02365214191377163,
    0.02305108867585659,
    0.022522058337926865,
    0.022037211805582047,
    0.021596480160951614,
    0.021192608401179314,
    0.020821072161197662,
    0.020478010177612305,
    0.020160028710961342,
    0.019864261150360107,
    0.019588304683566093,
    0.019330089911818504,
    0.019087841734290123,
    0.018860075622797012,
    0.018645476549863815,
    0.0184429083019495,
    0.01825142279267311,
    0.01808403618633747,
    0.01824767515063286,
    0.01781919039785862,
    0.017599275335669518,
    0.017476389184594154,
    0.01733212359249592,
    0.017195815220475197,
    0.01707044243812561,
    0.01695212721824646,
    0.016839267686009407,
    0.016731377691030502,
    0.016628175973892212,
    0.016529224812984467,
    0.016434326767921448,
    0.016343258321285248,
    0.016255831345915794,
    0.01617184281349182,
    0.016091112047433853,
    0.01601349376142025,
    0.015938811004161835,
    0.015866927802562714,
    0.01579771190881729,
    0.015733903273940086,
    0.016826335340738297,
    0.015684885904192924,
    0.015684224665164948,
    0.015547802671790123,
    0.0154464952647686,
    0.015391519293189049,
    0.01534227840602398,
    0.015293704345822334,
    0.01524665392935276,
    0.015201227739453316,
    0.01515726838260889,
    0.01511467806994915,
    0.015073327347636223,
    0.015033192932605743,
    0.01499423012137413,
    0.014956379309296608,
    0.014919604174792767,
    0.014883853495121002,
    0.014849098399281502,
    0.014815292321145535,
    0.014782398007810116,
    0.014750383794307709,
    0.014719216153025627,
    0.014688856899738312,
    0.014659295789897442,
    0.014631233178079128,
    0.014774231240153313,
    0.01480159629136324,
    0.014561451971530914,
    0.014528022147715092,
    0.01450116652995348,
    0.014476915821433067,
    0.014454349875450134,
    0.01443181186914444,
    0.014408819377422333,
    0.014386488124728203,
    0.014365145936608315,
    0.014344142749905586,
    0.01432361826300621,
    0.014303499832749367,
    0.014283787459135056,
    0.014264451339840889,
    0.014245500788092613,
    0.014226902276277542,
    0.01420865673571825,
    0.014190739952027798,
    0.014173152856528759,
    0.014155874028801918,
    0.014138903468847275,
    0.014122319407761097,
    0.014120198786258698,
    0.015621124766767025,
    0.014126917347311974,
    0.01406373456120491,
    0.01404530368745327,
    0.014030762016773224,
    0.014017602428793907,
    0.01400398463010788,
    0.013989290222525597,
    0.013974743895232677,
    0.013961227610707283,
    0.013947943225502968,
    0.013934807851910591,
    0.0139218894764781,
    0.013909129425883293,
    0.013896538875997066,
    0.013884113170206547,
    0.013871835544705391,
    0.013859713450074196,
    0.013847745954990387,
    0.013835914433002472,
    0.013824225403368473,
    0.013812679797410965,
    0.01380126178264618,
    0.013789978809654713,
    0.013778897933661938,
    0.013784904964268208,
    0.015797635540366173,
    0.014014555141329765,
    0.013851607218384743,
    0.013782545924186707,
    0.013739587739109993,
    0.0137149877846241,
    0.01369947474449873,
    0.013687750324606895,
    0.013677658513188362,
    0.013668200932443142,
    0.013658815063536167,
    0.013649450615048409,
    0.013640210963785648,
    0.013631060719490051,
    0.013621985912322998,
    0.013612990267574787,
    0.013604074716567993,
    0.013595227152109146,
    0.013586455956101418,
    0.01357775554060936,
    0.013569125905632973,
    0.013560565188527107,
    0.013552073389291763,
    0.013543646782636642,
    0.01353528629988432,
    0.013526997528970242,
    0.013519469648599625,
    0.013609278947114944,
    0.013946845196187496,
    0.013926275074481964,
    0.013605592772364616,
    0.01349719986319542,
    0.013472330756485462,
    0.013468016870319843,
    0.013459892012178898,
    0.01345008984208107,
    0.013442931696772575,
    0.013435415923595428,
    0.013428198173642159,
    0.013420957140624523,
    0.013413812965154648,
    0.013406706973910332,
    0.013399641960859299,
    0.013392624445259571,
    0.013385639525949955,
    0.013378700241446495,
    0.013371801003813744,
    0.013364938087761402,
    0.013358112424612045,
    0.01335132960230112,
    0.013344638980925083,
    0.013345874845981598,
    0.014780286699533463,
    0.01393316499888897,
    0.01360740140080452,
    0.013422180898487568,
    0.013346168212592602,
    0.013312570750713348,
    0.013296324759721756,
    0.013288142159581184,
    0.013282421045005322,
    0.013276182115077972,
    0.013269960880279541,
    0.013263994827866554,
    0.013258000835776329,
    0.013252068310976028,
    0.013246153481304646,
    0.013240261003375053,
    0.013234395533800125,
    0.013228556141257286,
    0.013222736306488514,
    0.013216938823461533,
    0.013211164623498917,
    0.013205422088503838,
    0.013199691660702229,
    0.01319398544728756,
    0.013188309967517853,
    0.013183245435357094,
    0.013294906355440617,
