{
  "regime": "passive",
  "final_loss": 0.01507740467786789,
  "training_time": 46.14687967300415,
  "duty_cycle": 50.0,
  "epochs": 3000,
  "node_num": 16,
  "use_solar": true,
  "adaptive_reg": false,
  "losses": [
    4.450622081756592,
    1.205502986907959,
    1.2445636987686157,
    1.006104588508606,
    0.9822524785995483,
    0.9221488237380981,
    0.8802863955497742,
    0.8433635234832764,
    0.8088623285293579,
    0.7794353365898132,
    0.7526959180831909,
    0.7272924780845642,
    0.7026858925819397,
    0.6780052781105042,
    0.6524592638015747,
    0.6260406970977783,
    0.5987775921821594,
    0.5706401467323303,
    0.5417224168777466,
    0.5123485326766968,
    0.48315292596817017,
    0.4550812542438507,
    0.4293120205402374,
    0.4070255756378174,
    0.38905832171440125,
    0.3755461871623993,
    0.36576563119888306,
    0.35842278599739075,
    0.3522779941558838,
    0.34656810760498047,
    0.3409818410873413,
    0.3354267179965973,
    0.3298660218715668,
    0.32426750659942627,
    0.3186006247997284,
    0.31284016370773315,
    0.306968629360199,
    0.30097779631614685,
    0.29487067461013794,
    0.2886642515659332,
    0.2823909521102905,
    0.27609917521476746,
    0.26985055208206177,
    0.2637108862400055,
    0.2577321231365204,
    0.25193163752555847,
    0.24628177285194397,
    0.2407214492559433,
    0.23518390953540802,
    0.22961729764938354,
    0.2239866405725479,
    0.2182677835226059,
    0.21244527399539948,
    0.2065134048461914,
    0.2004770040512085,
    0.1943504512310028,
    0.18815502524375916,
    0.18191517889499664,
    0.17565448582172394,
    0.16939309239387512,
    0.1631474792957306,
    0.15693432092666626,
    0.15077483654022217,
    0.14470027387142181,
    0.13875338435173035,
    0.13298416137695312,
    0.12743908166885376,
    0.12214726209640503,
    0.1171104907989502,
    0.11230651289224625,
    0.10770437121391296,
    0.10327919572591782,
    0.09901390969753265,
    0.09489190578460693,
    0.09089363366365433,
    0.08699911832809448,
    0.08318860828876495,
    0.07944316416978836,
    0.07574563473463058,
    0.07208248227834702,
    0.06844473630189896,
    0.06482785940170288,
    0.06123034656047821,
    0.057651907205581665,
    0.054092053323984146,
    0.0505516417324543,
    0.047038592398166656,
    0.04357835650444031,
    0.04022490605711937,
    0.03706436976790428,
    0.03420289605855942,
    0.03173591196537018,
    0.029710467904806137,
    0.028104402124881744,
    0.02735779620707035,
    0.02619498409330845,
    0.025034531950950623,
    0.024290934205055237,
    0.02365214191377163,
    0.02305108867585659,
    0.022522058337926865,
    0.022037211805582047,
    0.021596480160951614,
    0.021192608401179314,
    0.020821072161197662,
    0.020478010177612305,
    0.020160028710961342,
    0.019864261150360107,
    0.019588304683566093,
    0.019330089911818504,
    0.019087841734290123,
    0.018860075622797012,
    0.018645476549863815,
    0.0184429083019495,
    0.01825142279267311,
    0.01808403618633747,
    0.01824767515063286,
    0.01781919039785862,
    0.017599275335669518,
    0.017476389184594154,
    0.01733212359249592,
    0.017195815220475197,
    0.01707044243812561,
    0.01695212721824646,
    0.016839267686009407,
    0.016731377691030502,
    0.016628175973892212,
    0.016529224812984467,
    0.016434326767921448,
    0.016343258321285248,
    0.016255831345915794,
    0.01617184281349182,
    0.016091112047433853,
    0.01601349376142025,
    0.015938811004161835,
    0.015866927802562714,
    0.01579771190881729,
    0.015733903273940086,
    0.016826335340738297,
    0.015684885904192924,
    0.015684224665164948,
    0.015547802671790123,
    0.0154464952647686,
    0.015391519293189049,
    0.01534227840602398,
    0.015293704345822334,
    0.01524665392935276,
    0.015201227739453316,
    0.01515726838260889,
    0.01511467806994915
  ],
  "duty_log": [
    1,
    1,
    1,
    1,
    1,
    1,
    1,
    1,
    1,
    1,
    1,
    1,
    1,
    1,
    1,
    1,
    1,
    1,
    1,
    1,
    1,
    1,
    1,
    1,
    1,
    1,
    1,
    1,
    1,
    1,
    1,
    1,
    1,
    1,
    1,
    1,
    1,
    1,
    1,
    1,
    1,
    1,
    1,
    1,
    1,
    1,
    1,
    1,
    1,
    1,
    1,
    1,
    1,
    1,
    1,
    1,
    1,
    1,
    1,
    1,
    1,
    1,
    1,
    1,
    1,
    1,
    1,
    1,
    1,
    1,
    1,
    1,
    1,
    1,
    1,
    1,
    1,
    1,
    1,
    1,
    1,
    1,
    1,
    1,
    1,
    1,
    1,
    1,
    1,
    1,
    1,
    1,
    1,
    1,
    1,
    1,
    1,
    1,
    1,
    1,
    1,
    1,
    1,
    1,
    1,
    1,
    1,
    1,
    1,
    1,
    1,
    1,
    1,
    1,
    1,
    1,
    1,
    1,
    1,
    1,
    1,
    1,
    1,
    1,
    1,
    1,
    1,
    1,
    1,
    1,
    1,
    1,
    1,
    1,
    1,
    1,
    1,
    1,
    1,
    1,
    1,
    1,
    1,
    1,
    1,
    1,
    1,
    1,
    1,
    1,
    1,
    1,
    1,
    1,
    1,
    1,
    1,
    1,
    1,
    1,
    1,
    1,
    1,
    1,
    1,
    1,
    1,
    1,
    1,
    1,
    1,
    1,
    1,
    1,
    1,
    1,
    1,
    1,
    1,
    1,
    1,
    1,
    1,
    1,
    1,
    1,
    1,
    1,
    1,
    1,
    1,
    1,
    1,
    1,
    1,
    1,
    1,
    1,
    1,
    1,
    1,
    1,
    1,
    1,
    1,
    1,
    1,
    1,
    1,
    1,
    1,
    1,
    1,
    1,
    1,
    1,
    1,
    1,
    1,
    1,
    1,
    1,
    1,
    1,
    1,
    1,
    1,
    1,
    1,
    1,
    1,
    1,
    1,
    1,
    1,
    1,
    1,
    1,
    1,
    1,
    1,
    1,
    1,
    1,
    1,
    1,
    1,
    1,
    1,
    1,
    1,
    1,
    1,
    1,
    1,
    1,
    1,
    1,
    1,
    1,
    1,
    1,
    1,
    1,
    1,
    1,
    1,
    1,
    1,
    1,
    1,
    1,
    1,
    1,
    1,
    1,
    1,
    1,
    1,
    1,
    1,
    1,
    1,
    1,
    1,
    1,
    1,
    1,
    1,
    1,
    1,
    1,
    1,
    1,
    1,
    1,
    1,
    1,
    1,
    1
  ],
  "verification": {
    "initial_state_digest": "4d7a334b3a14853b56b7058ef860f6ab9969e2d5d59703bed391e69980518bbe",
    "training_data_digest": "bca0b1a2246e9fdcd89d8be51350e28d77bf5e94a72e8126c4315d36d547839b"
  }
}