{
  "regime": "active",
  "final_loss": 0.00470886193215847,
  "training_time": 2.024496078491211,
  "duty_cycle": 50.0,
  "epochs": 3000,
  "use_solar": true,
  "adaptive_reg": true,
  "losses": [
    0.11605015397071838,
    0.009862633422017097,
    0.009357606992125511,
    0.009740438312292099,
    0.009630684740841389,
    0.009268924593925476,
    0.009051539935171604,
    0.009043135680258274,
    0.00904072355479002,
    0.009025719948112965,
    0.009022793732583523,
    0.009015736170113087,
    0.009008998982608318,
    0.009000565856695175,
    0.008991063572466373,
    0.008980313315987587,
    0.0089684147387743,
    0.008955425582826138,
    0.008941397070884705,
    0.008926378563046455,
    0.00891042035073042,
    0.008893566206097603,
    0.008875858969986439,
    0.00885733962059021,
    0.008838043548166752,
    0.008818008005619049,
    0.008797265589237213,
    0.008775846101343632,
    0.008753780275583267,
    0.008731096982955933,
    0.008707825094461441,
    0.00868398416787386,
    0.00865960493683815,
    0.00863470695912838,
    0.00860931072384119,
    0.008583441376686096,
    0.008557116612792015,
    0.008530352264642715,
    0.008503172546625137,
    0.0084755914285779,
    0.008447624742984772,
    0.008419289253652096,
    0.008390599861741066,
    0.008361573331058025,
    0.008332219906151295,
    0.008302553556859493,
    0.00827259011566639,
    0.00824233889579773,
    0.008211812935769558,
    0.008181021548807621,
    0.008149977773427963,
    0.008118688128888607,
    0.008087167516350746,
    0.008055424317717552,
    0.008023465052247047,
    0.007991300895810127,
    0.007958936505019665,
    0.007926386781036854,
    0.007893655449151993,
    0.00786074809730053,
    0.007827676832675934,
    0.007794446311891079,
    0.007761063054203987,
    0.007727533578872681,
    0.007693864870816469,
    0.007660063914954662,
    0.007626136299222708,
    0.0075920866802334785,
    0.007557920180261135,
    0.007523645181208849,
    0.007489263545721769,
    0.007454783655703068,
    0.007420206908136606,
    0.007385543081909418,
    0.007350791711360216,
    0.007315960247069597,
    0.007281052879989147,
    0.007246072869747877,
    0.007211026269942522,
    0.007175916340202093,
    0.007140746805816889,
    0.007105522323399782,
    0.007070245686918497,
    0.007034922484308481,
    0.006999553646892309,
    0.006964145693928003,
    0.006928701419383287,
    0.006893222685903311,
    0.006857715081423521,
    0.00682218000292778,
    0.0067866225726902485,
    0.006751045119017363,
    0.006715451367199421,
    0.006679841782897711,
    0.006644223351031542,
    0.006608597468584776,
    0.006572965532541275,
    0.006537332199513912,
    0.006501700263470411,
    0.006466069724410772,
    0.006430447567254305,
    0.006394832860678434,
    0.006359231658279896,
    0.0063236430287361145,
    0.006288072094321251,
    0.006252518855035305,
    0.006216989364475012,
    0.006181482225656509,
    0.006146002560853958,
    0.006110550370067358,
    0.006075129844248295,
    0.0060397423803806305,
    0.0060043903067708015,
    0.0059690759517252445,
    0.005933800246566534,
    0.005898567382246256,
    0.005863378290086985,
    0.0058282348327338696,
    0.0057931398041546345,
    0.005758092273026705,
    0.005723099689930677,
    0.005688158329576254,
    0.00565327238291502,
    0.005618445575237274,
    0.005583675112575293,
    0.00554896704852581,
    0.0055143218487501144,
    0.005479739513248205,
    0.0054452246986329556,
    0.005410776473581791,
    0.005376396235078573,
    0.005342087708413601,
    0.005307851359248161,
    0.005273688118904829,
    0.005239600315690041,
    0.005205589812248945,
    0.005171656608581543,
    0.005137803498655558,
    0.005104031413793564,
    0.005070340819656849,
    0.005036734510213137,
    0.005003213416785002,
    0.004969778470695019,
    0.004936431534588337,
    0.004903172608464956,
    0.004870004020631313,
    0.004836926702409983,
    0.004803942516446114,
    0.004771051928400993,
    0.004738261457532644
  ],
  "duty_log": [
    1,
    1,
    1,
    1,
    1,
    1,
    1,
    1,
    1,
    1,
    1,
    1,
    1,
    1,
    1,
    1,
    1,
    1,
    1,
    1,
    1,
    1,
    1,
    1,
    1,
    1,
    1,
    1,
    1,
    1,
    1,
    1,
    1,
    1,
    1,
    1,
    1,
    1,
    1,
    1,
    1,
    1,
    1,
    1,
    1,
    1,
    1,
    1,
    1,
    1,
    1,
    1,
    1,
    1,
    1,
    1,
    1,
    1,
    1,
    1,
    1,
    1,
    1,
    1,
    1,
    1,
    1,
    1,
    1,
    1,
    1,
    1,
    1,
    1,
    1,
    1,
    1,
    1,
    1,
    1,
    1,
    1,
    1,
    1,
    1,
    1,
    1,
    1,
    1,
    1,
    1,
    1,
    1,
    1,
    1,
    1,
    1,
    1,
    1,
    1,
    1,
    1,
    1,
    1,
    1,
    1,
    1,
    1,
    1,
    1,
    1,
    1,
    1,
    1,
    1,
    1,
    1,
    1,
    1,
    1,
    1,
    1,
    1,
    1,
    1,
    1,
    1,
    1,
    1,
    1,
    1,
    1,
    1,
    1,
    1,
    1,
    1,
    1,
    1,
    1,
    1,
    1,
    1,
    1,
    1,
    1,
    1,
    1,
    1,
    1,
    1,
    1,
    1,
    1,
    1,
    1,
    1,
    1,
    1,
    1,
    1,
    1,
    1,
    1,
    1,
    1,
    1,
    1,
    1,
    1,
    1,
    1,
    1,
    1,
    1,
    1,
    1,
    1,
    1,
    1,
    1,
    1,
    1,
    1,
    1,
    1,
    1,
    1,
    1,
    1,
    1,
    1,
    1,
    1,
    1,
    1,
    1,
    1,
    1,
    1,
    1,
    1,
    1,
    1,
    1,
    1,
    1,
    1,
    1,
    1,
    1,
    1,
    1,
    1,
    1,
    1,
    1,
    1,
    1,
    1,
    1,
    1,
    1,
    1,
    1,
    1,
    1,
    1,
    1,
    1,
    1,
    1,
    1,
    1,
    1,
    1,
    1,
    1,
    1,
    1,
    1,
    1,
    1,
    1,
    1,
    1,
    1,
    1,
    1,
    1,
    1,
    1,
    1,
    1,
    1,
    1,
    1,
    1,
    1,
    1,
    1,
    1,
    1,
    1,
    1,
    1,
    1,
    1,
    1,
    1,
    1,
    1,
    1,
    1,
    1,
    1,
    1,
    1,
    1,
    1,
    1,
    1,
    1,
    1,
    1,
    1,
    1,
    1,
    1,
    1,
    1,
    1,
    1,
    1,
    1,
    1,
    1,
    1,
    1,
    1
  ],
  "verification": {
    "initial_state_digest": "62a8755094ad9606fdd16850913c4a198a40d2ec0e2aa170f766ebba0b40c45a",
    "training_data_digest": "49b649b90022425464edb4b1be04c5562b07f69a4415eff8e2608684142c7527"
  }
}