{
  "regime": "continuous",
  "final_loss": 0.0011834159959107637,
  "training_time": 4.223675012588501,
  "duty_cycle": 100.0,
  "epochs": 3000,
  "use_solar": false,
  "adaptive_reg": false,
  "losses": [
    0.11605015397071838,
    0.009832794778048992,
    0.009298112243413925,
    0.009651508182287216,
    0.00951253529638052,
    0.009121779352426529,
    0.008875720202922821,
    0.008838989771902561,
    0.008808550424873829,
    0.008765890263020992,
    0.008735677227377892,
    0.008701715618371964,
    0.008668470196425915,
    0.008633933961391449,
    0.008598738349974155,
    0.008562711998820305,
    0.008525962941348553,
    0.0084885498508811,
    0.008450525812804699,
    0.008411945775151253,
    0.008372859098017216,
    0.008333315141499043,
    0.008293352089822292,
    0.008253013715147972,
    0.008212335407733917,
    0.008171351626515388,
    0.008130094036459923,
    0.008088593371212482,
    0.008046875707805157,
    0.00800496805459261,
    0.007962895557284355,
    0.00792067963629961,
    0.00787834357470274,
    0.007835904136300087,
    0.007793383207172155,
    0.0077507952228188515,
    0.007708159741014242,
    0.007665489334613085,
    0.007622800301760435,
    0.007580105680972338,
    0.007537417113780975,
    0.007494747638702393,
    0.007452106568962336,
    0.007409507874399424,
    0.007366958074271679,
    0.00732446787878871,
    0.007282046601176262,
    0.007239699363708496,
    0.007197435479611158,
    0.007155262865126133,
    0.007113188039511442,
    0.007071216590702534,
    0.007029353640973568,
    0.006987605709582567,
    0.006945976987481117,
    0.006904473062604666,
    0.006863098591566086,
    0.006821856833994389,
    0.006780750583857298,
    0.0067397854290902615,
    0.00669896462932229,
    0.006658290047198534,
    0.006617764942348003,
    0.006577393040060997,
    0.006537174805998802,
    0.006497114896774292,
    0.006457213778048754,
    0.006417474243789911,
    0.0063778976909816265,
    0.006338485982269049,
    0.00629924051463604,
    0.006260163150727749,
    0.006221255287528038,
    0.006182516925036907,
    0.006143950391560793,
    0.0061055561527609825,
    0.006067335139960051,
    0.006029287353157997,
    0.005991414654999971,
    0.005953717976808548,
    0.00591619685292244,
    0.005878852214664221,
    0.005841684062033892,
    0.005804693792015314,
    0.005767880007624626,
    0.005731244571506977,
    0.0056947870180010796,
    0.005658507812768221,
    0.005622406490147114,
    0.0055864835157990456,
    0.005550738889724016,
    0.005515172611922026,
    0.005479784216731787,
    0.005444574635475874,
    0.005409541539847851,
    0.005374687723815441,
    0.005340011790394783,
    0.005305511876940727,
    0.00527119031175971,
    0.005237045232206583,
    0.005203076172620058,
    0.005169284529983997,
    0.005135667975991964,
    0.005102227441966534,
    0.005068962462246418,
    0.005035872105509043,
    0.005002955906093121,
    0.004970214329659939,
    0.004937645513564348,
    0.004905250389128923,
    0.00487302802503109,
    0.00484097795560956,
    0.0048090992495417595,
    0.004777390975505114,
    0.004745854996144772,
    0.00471448851749301,
    0.004683290608227253,
    0.004652263130992651,
    0.00462140329182148,
    0.004590711556375027,
    0.004560187924653292,
    0.004529830068349838,
    0.004499638918787241,
    0.004469613544642925,
    0.004439752548933029,
    0.004410055931657553,
    0.004380524158477783,
    0.004351154901087284,
    0.004321947228163481,
    0.0042929030023515224,
    0.004264018964022398,
    0.004235296044498682,
    0.004206732381135225,
    0.004178328439593315,
    0.004150083754211664,
    0.004121996928006411,
    0.00409406702965498,
    0.004066294990479946,
    0.004038678016513586,
    0.004011216107755899,
    0.003983910661190748,
    0.003956757485866547,
    0.003929758444428444,
    0.0039029123727232218,
    0.0038762185722589493,
    0.003849675413221121,
    0.00382328312844038,
    0.0037970414850860834,
    0.0037709486205130816,
    0.0037450052332133055,
    0.0037192096933722496,
    0.0036935610696673393,
    0.0036680593620985746,
    0.0036427045706659555,
    0.0036174943670630455,
    0.0035924287512898445,
    0.0035675072576850653,
    0.0035427294205874205,
    0.003518094075843692,
    0.003493600757792592,
    0.003469248302280903,
    0.0034450378734618425,
    0.0034209662117064,
    0.0033970351796597242,
    0.0033732422161847353,
    0.0033495870884507895,
    0.003326069563627243,
    0.0033026887103915215,
    0.0032794440630823374,
    0.0032563351560384035,
    0.0032333603594452143,
    0.0032105203717947006,
    0.0031878137961030006,
    0.0031652397010475397,
    0.003142797853797674,
    0.0031205175910145044,
    0.003098350251093507,
    0.003076303983107209,
    0.003054383909329772,
    0.0030325918924063444,
    0.003010927699506283,
    0.002989391330629587,
    0.002967982552945614,
    0.0029467002023011446,
    0.0029255440458655357,
    0.0029045133851468563,
    0.0028836072888225317,
    0.0028628255240619183,
    0.0028421669267117977,
    0.00282163149677217,
    0.0028012185357511044,
    0.0027809273451566696,
    0.002760765142738819,
    0.002740730531513691,
    0.002720808144658804,
    0.0027009989134967327,
    0.0026813065633177757,
    0.0026617313269525766,
    0.002642273437231779,
    0.002622933592647314,
    0.0026037092320621014,
    0.0025846012867987156,
    0.002565608825534582,
    0.00254673114977777,
    0.002527967793866992,
    0.0025093175936490297,
    0.002490781480446458,
    0.00247235712595284,
    0.0024540452286601067,
    0.0024358443915843964,
    0.0024177548475563526,
    0.002399775432422757,
    0.0023819059133529663,
    0.0023641460575163364,
    0.002346494235098362,
    0.002328951610252261,
    0.002311516087502241,
    0.002294194884598255,
    0.002276980085298419,
    0.0022598656360059977,
    0.0022428547963500023,
    0.0022259484976530075,
    0.0022091472055763006,
    0.0021924495231360197,
    0.002175855217501521,
    0.0021593645215034485,
    0.0021429762709885836,
    0.002126690000295639,
    0.0021105052437633276,
    0.0020944217685610056,
    0.002078438876196742,
    0.0020625561010092497,
    0.002046772511675954,
    0.002031088573858142,
    0.002015502890571952,
    0.002000015927478671,
    0.001984626054763794,
    0.001969333505257964,
    0.0019541378132998943,
    0.001939037931151688,
    0.0019240343244746327,
    0.0019091257127001882,
    0.0018943119794130325,
    0.001879592309705913,
    0.0018649668199941516,
    0.0018504348117858171,
    0.0018359958194196224,
    0.0018216491444036365,
    0.001807394903153181,
    0.0017932320479303598,
    0.001779160462319851,
    0.0017651793314144015,
    0.0017512887716293335,
    0.0017374878516420722,
    0.001723776338621974,
    0.0017101536504924297,
    0.0016966199036687613,
    0.0016831739339977503,
    0.001669815625064075,
    0.00165654462762177,
    0.0016433604760095477,
    0.0016302624717354774,
    0.0016172502655535936,
    0.001604323973879218,
    0.0015914823161438107,
    0.0015787257580086589,
    0.001566053368151188,
    0.0015534646809101105,
    0.0015409592306241393,
    0.0015285371337085962,
    0.0015161971095949411,
    0.001503939856775105,
    0.0014917639782652259,
    0.001479669357649982,
    0.0014676559949293733,
    0.001455723075196147,
    0.0014438701327890158,
    0.0014320970512926579,
    0.0014204031322151423,
    0.001408788375556469,
    0.001397252082824707,
    0.0013857940211892128,
    0.0013744133757427335,
    0.0013631103793159127,
    0.001351883984170854,
