{
  "regime": "passive",
  "final_loss": 0.0037217820063233376,
  "training_time": 2.008984088897705,
  "duty_cycle": 50.0,
  "epochs": 3000,
  "use_solar": true,
  "adaptive_reg": false,
  "losses": [
    0.11605015397071838,
    0.009832794778048992,
    0.009298112243413925,
    0.009651508182287216,
    0.00951253529638052,
    0.009121779352426529,
    0.008875720202922821,
    0.008838989771902561,
    0.008808550424873829,
    0.008765890263020992,
    0.008735677227377892,
    0.008701715618371964,
    0.008668470196425915,
    0.008633933961391449,
    0.008598738349974155,
    0.008562711998820305,
    0.008525962941348553,
    0.0084885498508811,
    0.008450525812804699,
    0.008411945775151253,
    0.008372859098017216,
    0.008333315141499043,
    0.008293352089822292,
    0.008253013715147972,
    0.008212335407733917,
    0.008171351626515388,
    0.008130094036459923,
    0.008088593371212482,
    0.008046875707805157,
    0.00800496805459261,
    0.007962895557284355,
    0.00792067963629961,
    0.00787834357470274,
    0.007835904136300087,
    0.007793383207172155,
    0.0077507952228188515,
    0.007708159741014242,
    0.007665489334613085,
    0.007622800301760435,
    0.007580105680972338,
    0.007537417113780975,
    0.007494747638702393,
    0.007452106568962336,
    0.007409507874399424,
    0.007366958074271679,
    0.00732446787878871,
    0.007282046601176262,
    0.007239699363708496,
    0.007197435479611158,
    0.007155262865126133,
    0.007113188039511442,
    0.007071216590702534,
    0.007029353640973568,
    0.006987605709582567,
    0.006945976987481117,
    0.006904473062604666,
    0.006863098591566086,
    0.006821856833994389,
    0.006780750583857298,
    0.0067397854290902615,
    0.00669896462932229,
    0.006658290047198534,
    0.006617764942348003,
    0.006577393040060997,
    0.006537174805998802,
    0.006497114896774292,
    0.006457213778048754,
    0.006417474243789911,
    0.0063778976909816265,
    0.006338485982269049,
    0.00629924051463604,
    0.006260163150727749,
    0.006221255287528038,
    0.006182516925036907,
    0.006143950391560793,
    0.0061055561527609825,
    0.006067335139960051,
    0.006029287353157997,
    0.005991414654999971,
    0.005953717976808548,
    0.00591619685292244,
    0.005878852214664221,
    0.005841684062033892,
    0.005804693792015314,
    0.005767880007624626,
    0.005731244571506977,
    0.0056947870180010796,
    0.005658507812768221,
    0.005622406490147114,
    0.0055864835157990456,
    0.005550738889724016,
    0.005515172611922026,
    0.005479784216731787,
    0.005444574635475874,
    0.005409541539847851,
    0.005374687723815441,
    0.005340011790394783,
    0.005305511876940727,
    0.00527119031175971,
    0.005237045232206583,
    0.005203076172620058,
    0.005169284529983997,
    0.005135667975991964,
    0.005102227441966534,
    0.005068962462246418,
    0.005035872105509043,
    0.005002955906093121,
    0.004970214329659939,
    0.004937645513564348,
    0.004905250389128923,
    0.00487302802503109,
    0.00484097795560956,
    0.0048090992495417595,
    0.004777390975505114,
    0.004745854996144772,
    0.00471448851749301,
    0.004683290608227253,
    0.004652263130992651,
    0.00462140329182148,
    0.004590711556375027,
    0.004560187924653292,
    0.004529830068349838,
    0.004499638918787241,
    0.004469613544642925,
    0.004439752548933029,
    0.004410055931657553,
    0.004380524158477783,
    0.004351154901087284,
    0.004321947228163481,
    0.0042929030023515224,
    0.004264018964022398,
    0.004235296044498682,
    0.004206732381135225,
    0.004178328439593315,
    0.004150083754211664,
    0.004121996928006411,
    0.00409406702965498,
    0.004066294990479946,
    0.004038678016513586,
    0.004011216107755899,
    0.003983910661190748,
    0.003956757485866547,
    0.003929758444428444,
    0.0039029123727232218,
    0.0038762185722589493,
    0.003849675413221121,
    0.00382328312844038,
    0.0037970414850860834,
    0.0037709486205130816,
    0.0037450052332133055
  ],
  "duty_log": [
    1,
    1,
    1,
    1,
    1,
    1,
    1,
    1,
    1,
    1,
    1,
    1,
    1,
    1,
    1,
    1,
    1,
    1,
    1,
    1,
    1,
    1,
    1,
    1,
    1,
    1,
    1,
    1,
    1,
    1,
    1,
    1,
    1,
    1,
    1,
    1,
    1,
    1,
    1,
    1,
    1,
    1,
    1,
    1,
    1,
    1,
    1,
    1,
    1,
    1,
    1,
    1,
    1,
    1,
    1,
    1,
    1,
    1,
    1,
    1,
    1,
    1,
    1,
    1,
    1,
    1,
    1,
    1,
    1,
    1,
    1,
    1,
    1,
    1,
    1,
    1,
    1,
    1,
    1,
    1,
    1,
    1,
    1,
    1,
    1,
    1,
    1,
    1,
    1,
    1,
    1,
    1,
    1,
    1,
    1,
    1,
    1,
    1,
    1,
    1,
    1,
    1,
    1,
    1,
    1,
    1,
    1,
    1,
    1,
    1,
    1,
    1,
    1,
    1,
    1,
    1,
    1,
    1,
    1,
    1,
    1,
    1,
    1,
    1,
    1,
    1,
    1,
    1,
    1,
    1,
    1,
    1,
    1,
    1,
    1,
    1,
    1,
    1,
    1,
    1,
    1,
    1,
    1,
    1,
    1,
    1,
    1,
    1,
    1,
    1,
    1,
    1,
    1,
    1,
    1,
    1,
    1,
    1,
    1,
    1,
    1,
    1,
    1,
    1,
    1,
    1,
    1,
    1,
    1,
    1,
    1,
    1,
    1,
    1,
    1,
    1,
    1,
    1,
    1,
    1,
    1,
    1,
    1,
    1,
    1,
    1,
    1,
    1,
    1,
    1,
    1,
    1,
    1,
    1,
    1,
    1,
    1,
    1,
    1,
    1,
    1,
    1,
    1,
    1,
    1,
    1,
    1,
    1,
    1,
    1,
    1,
    1,
    1,
    1,
    1,
    1,
    1,
    1,
    1,
    1,
    1,
    1,
    1,
    1,
    1,
    1,
    1,
    1,
    1,
    1,
    1,
    1,
    1,
    1,
    1,
    1,
    1,
    1,
    1,
    1,
    1,
    1,
    1,
    1,
    1,
    1,
    1,
    1,
    1,
    1,
    1,
    1,
    1,
    1,
    1,
    1,
    1,
    1,
    1,
    1,
    1,
    1,
    1,
    1,
    1,
    1,
    1,
    1,
    1,
    1,
    1,
    1,
    1,
    1,
    1,
    1,
    1,
    1,
    1,
    1,
    1,
    1,
    1,
    1,
    1,
    1,
    1,
    1,
    1,
    1,
    1,
    1,
    1,
    1,
    1,
    1,
    1,
    1,
    1,
    1
  ],
  "verification": {
    "initial_state_digest": "62a8755094ad9606fdd16850913c4a198a40d2ec0e2aa170f766ebba0b40c45a",
    "training_data_digest": "49b649b90022425464edb4b1be04c5562b07f69a4415eff8e2608684142c7527"
  }
}