{
  "regime": "active",
  "final_loss": 0.018308937549591064,
  "training_time": 44.6023051738739,
  "duty_cycle": 50.0,
  "epochs": 3000,
  "node_num": 16,
  "use_solar": true,
  "adaptive_reg": true,
  "losses": [
    2.1816458702087402,
    1.1717679500579834,
    0.9509288668632507,
    0.877250075340271,
    0.829115629196167,
    0.7785541415214539,
    0.7277486324310303,
    0.6835013031959534,
    0.649182140827179,
    0.6208996772766113,
    0.5942644476890564,
    0.5685718059539795,
    0.5442169904708862,
    0.5212401151657104,
    0.49958324432373047,
    0.47927871346473694,
    0.46032342314720154,
    0.4427090287208557,
    0.42647767066955566,
    0.411761611700058,
    0.3987848162651062,
    0.3877452611923218,
    0.3786250650882721,
    0.37108999490737915,
    0.364600270986557,
    0.35864657163619995,
    0.35289710760116577,
    0.3471779525279999,
    0.3413946330547333,
    0.3354909121990204,
    0.32944267988204956,
    0.32326287031173706,
    0.3170051574707031,
    0.3107556998729706,
    0.3046027719974518,
    0.2985910177230835,
    0.2926892936229706,
    0.2868025004863739,
    0.28081849217414856,
    0.2746398150920868,
    0.2681724429130554,
    0.2613029479980469,
    0.253891259431839,
    0.24577946960926056,
    0.2368215024471283,
    0.22694972157478333,
    0.21628914773464203,
    0.20530200004577637,
    0.19482553005218506,
    0.1856372356414795,
    0.177700474858284,
    0.17035700380802155,
    0.16310100257396698,
    0.15557768940925598,
    0.14755623042583466,
    0.1390518844127655,
    0.1305122971534729,
    0.12266798317432404,
    0.11580447852611542,
    0.10964050143957138,
    0.10397837311029434,
    0.09876711666584015,
    0.09392189979553223,
    0.08936070650815964,
    0.08500752598047256,
    0.0808093398809433,
    0.07673703879117966,
    0.07277423143386841,
    0.06891180574893951,
    0.06514769792556763,
    0.06148698553442955,
    0.05794132128357887,
    0.054528094828128815,
    0.05126846581697464,
    0.04818433150649071,
    0.04529424384236336,
    0.04261017218232155,
    0.04071362689137459,
    0.03822432458400726,
    0.03594323992729187,
    0.03412754833698273,
    0.03243090957403183,
    0.030920308083295822,
    0.02955268695950508,
    0.028318479657173157,
    0.027207404375076294,
    0.02621116302907467,
    0.02532590553164482,
    0.02537904679775238,
    0.02389216050505638,
    0.023275401443243027,
    0.0227362047880888,
    0.022268187254667282,
    0.021863367408514023,
    0.02149759605526924,
    0.02117890492081642,
    0.020896192640066147,
    0.020646020770072937,
    0.020423773676156998,
    0.020225904881954193,
    0.020065121352672577,
    0.020977433770895004,
    0.02003460004925728,
    0.0197252556681633,
    0.01955132558941841,
    0.01942666806280613,
    0.019329063594341278,
    0.019245456904172897,
    0.019165273755788803,
    0.019092708826065063,
    0.019025452435016632,
    0.018963506445288658,
    0.01890615001320839,
    0.018852995708584785,
    0.018803671002388,
    0.01875789277255535,
    0.018715934827923775,
    0.018762877210974693,
    0.01871619001030922,
    0.01881917007267475,
    0.01867973431944847,
    0.018596109002828598,
    0.018542682752013206,
    0.018506929278373718,
    0.01848454773426056,
    0.018464764580130577,
    0.01844552531838417,
    0.018428396433591843,
    0.01841253787279129,
    0.018397904932498932,
    0.018384460359811783,
    0.01837211847305298,
    0.018360838294029236,
    0.018350545316934586,
    0.018341202288866043,
    0.01833277940750122,
    0.018329106271266937,
    0.01934114098548889,
    0.018943674862384796,
    0.018523866310715675,
    0.018364403396844864,
    0.01832157000899315,
    0.01831057295203209,
    0.018306858837604523,
    0.018304750323295593,
    0.01830337382853031,
    0.01830330304801464,
    0.018304232507944107,
    0.018305428326129913,
    0.01830710843205452
  ],
  "duty_log": [
    1,
    1,
    1,
    1,
    1,
    1,
    1,
    1,
    1,
    1,
    1,
    1,
    1,
    1,
    1,
    1,
    1,
    1,
    1,
    1,
    1,
    1,
    1,
    1,
    1,
    1,
    1,
    1,
    1,
    1,
    1,
    1,
    1,
    1,
    1,
    1,
    1,
    1,
    1,
    1,
    1,
    1,
    1,
    1,
    1,
    1,
    1,
    1,
    1,
    1,
    1,
    1,
    1,
    1,
    1,
    1,
    1,
    1,
    1,
    1,
    1,
    1,
    1,
    1,
    1,
    1,
    1,
    1,
    1,
    1,
    1,
    1,
    1,
    1,
    1,
    1,
    1,
    1,
    1,
    1,
    1,
    1,
    1,
    1,
    1,
    1,
    1,
    1,
    1,
    1,
    1,
    1,
    1,
    1,
    1,
    1,
    1,
    1,
    1,
    1,
    1,
    1,
    1,
    1,
    1,
    1,
    1,
    1,
    1,
    1,
    1,
    1,
    1,
    1,
    1,
    1,
    1,
    1,
    1,
    1,
    1,
    1,
    1,
    1,
    1,
    1,
    1,
    1,
    1,
    1,
    1,
    1,
    1,
    1,
    1,
    1,
    1,
    1,
    1,
    1,
    1,
    1,
    1,
    1,
    1,
    1,
    1,
    1,
    1,
    1,
    1,
    1,
    1,
    1,
    1,
    1,
    1,
    1,
    1,
    1,
    1,
    1,
    1,
    1,
    1,
    1,
    1,
    1,
    1,
    1,
    1,
    1,
    1,
    1,
    1,
    1,
    1,
    1,
    1,
    1,
    1,
    1,
    1,
    1,
    1,
    1,
    1,
    1,
    1,
    1,
    1,
    1,
    1,
    1,
    1,
    1,
    1,
    1,
    1,
    1,
    1,
    1,
    1,
    1,
    1,
    1,
    1,
    1,
    1,
    1,
    1,
    1,
    1,
    1,
    1,
    1,
    1,
    1,
    1,
    1,
    1,
    1,
    1,
    1,
    1,
    1,
    1,
    1,
    1,
    1,
    1,
    1,
    1,
    1,
    1,
    1,
    1,
    1,
    1,
    1,
    1,
    1,
    1,
    1,
    1,
    1,
    1,
    1,
    1,
    1,
    1,
    1,
    1,
    1,
    1,
    1,
    1,
    1,
    1,
    1,
    1,
    1,
    1,
    1,
    1,
    1,
    1,
    1,
    1,
    1,
    1,
    1,
    1,
    1,
    1,
    1,
    1,
    1,
    1,
    1,
    1,
    1,
    1,
    1,
    1,
    1,
    1,
    1,
    1,
    1,
    1,
    1,
    1,
    1,
    1,
    1,
    1,
    1,
    1,
    1
  ],
  "verification": {
    "initial_state_digest": "6e5fe47b6247d3e1508f73bdae9dd479dc6ab5e58a0402319ff0ae302fb0735b",
    "training_data_digest": "7d53871faa7ccd57537b9f3ad8e886a99918e7ea6092f202704f65f5b87c9f64"
  }
}