{
  "regime": "continuous",
  "final_loss": 0.013590092770755291,
  "training_time": 89.49437928199768,
  "duty_cycle": 100.0,
  "epochs": 3000,
  "node_num": 16,
  "use_solar": false,
  "adaptive_reg": false,
  "losses": [
    2.1816458702087402,
    1.1717549562454224,
    0.950903058052063,
    0.8772111535072327,
    0.829063355922699,
    0.7784886360168457,
    0.7276692390441895,
    0.6834083199501038,
    0.6490752696990967,
    0.6207790970802307,
    0.5941296219825745,
    0.568422794342041,
    0.5440534949302673,
    0.5210617780685425,
    0.49938976764678955,
    0.47906962037086487,
    0.46009835600852966,
    0.44246768951416016,
    0.42621955275535583,
    0.4114866256713867,
    0.39849305152893066,
    0.38743719458580017,
    0.37830084562301636,
    0.3707493245601654,
    0.3642425835132599,
    0.3582710325717926,
    0.3525030016899109,
    0.34676453471183777,
    0.340961217880249,
    0.3350367546081543,
    0.3289671540260315,
    0.322765588760376,
    0.3164860010147095,
    0.3102148473262787,
    0.3040403425693512,
    0.2980065643787384,
    0.2920818328857422,
    0.2861700654029846,
    0.2801591753959656,
    0.27395153045654297,
    0.26745256781578064,
    0.26054829359054565,
    0.25309789180755615,
    0.24494293332099915,
    0.23593774437904358,
    0.2260168492794037,
    0.21531039476394653,
    0.20428873598575592,
    0.1937953531742096,
    0.1845991015434265,
    0.1766434907913208,
    0.1692657321691513,
    0.16196417808532715,
    0.15438474714756012,
    0.14630132913589478,
    0.13774271309375763,
    0.12917698919773102,
    0.12133265286684036,
    0.11446286737918854,
    0.10827863961458206,
    0.10259652137756348,
    0.09736499190330505,
    0.09249777346849442,
    0.08791163563728333,
    0.08352984488010406,
    0.07930029183626175,
    0.0751945972442627,
    0.07119681686162949,
    0.0672982782125473,
    0.06349758803844452,
    0.05980059504508972,
    0.05621979385614395,
    0.05277333781123161,
    0.04948294162750244,
    0.046370577067136765,
    0.04345450922846794,
    0.04074623063206673,
    0.0385991670191288,
    0.036068059504032135,
    0.03406066447496414,
    0.032140448689460754,
    0.03045208379626274,
    0.028912363573908806,
    0.02752070315182209,
    0.026259612292051315,
    0.02512538619339466,
    0.02411648817360401,
    0.02387956902384758,
    0.022513052448630333,
    0.02171006053686142,
    0.02109050191938877,
    0.02054043859243393,
    0.02003825642168522,
    0.01960032247006893,
    0.019213080406188965,
    0.018868856132030487,
    0.018570715561509132,
    0.018852032721042633,
    0.018280846998095512,
    0.01786717213690281,
    0.01765848696231842,
    0.01746433414518833,
    0.017303600907325745,
    0.017150532454252243,
    0.017010748386383057,
    0.016881294548511505,
    0.016762567684054375,
    0.016664467751979828,
    0.01725904643535614,
    0.01670828089118004,
    0.016392339020967484,
    0.016306955367326736,
    0.016202205792069435,
    0.01613038219511509,
    0.01605508290231228,
    0.015985731035470963,
    0.01592041365802288,
    0.01585800014436245,
    0.015798985958099365,
    0.01574466936290264,
    0.015832357108592987,
    0.015670258551836014,
    0.015798283740878105,
    0.01554308831691742,
    0.015527203679084778,
    0.01545573677867651,
    0.015417756512761116,
    0.015376076102256775,
    0.015336496755480766,
    0.01529900636523962,
    0.015262824483215809,
    0.0152278495952487,
    0.015194056555628777,
    0.015161477029323578,
    0.0151381716132164,
    0.015967359766364098,
    0.015660107135772705,
    0.015144621953368187,
    0.015016229823231697,
    0.015009652823209763,
    0.01497088372707367,
    0.014940403401851654,
    0.014916270971298218,
    0.014892268925905228,
    0.01486886851489544,
    0.01484639197587967,
    0.01482446864247322,
    0.014803056605160236,
    0.014782126992940903,
    0.014761663973331451,
    0.014741644263267517,
    0.014722068794071674,
    0.014702926389873028,
    0.014687314629554749,
    0.01558057963848114,
    0.015713587403297424,
    0.014976009726524353,
    0.014704803004860878,
    0.01461985893547535,
    0.014590127393603325,
    0.014572220854461193,
    0.014556612819433212,
    0.014541476033627987,
    0.01452656090259552,
    0.01451212540268898,
    0.014498182572424412,
    0.014484426006674767,
    0.014470893889665604,
    0.01445756945759058,
    0.014444444328546524,
    0.014431506395339966,
    0.01441875658929348,
    0.014406191185116768,
    0.014393802732229233,
    0.014381574466824532,
    0.014369655400514603,
    0.014371390454471111,
    0.015132928267121315,
    0.014381689950823784,
    0.014445990324020386,
    0.014345996081829071,
    0.014304688200354576,
    0.01430119015276432,
    0.014287849888205528,
    0.014308327808976173,
    0.014777258038520813,
    0.01428569108247757,
    0.014261960051953793,
    0.014239631593227386,
    0.01422259770333767,
    0.014213984832167625,
    0.014206655323505402,
    0.014194022864103317,
    0.01418529637157917,
    0.014180484227836132,
    0.014290599152445793,
    0.014982327818870544,
    0.01423276960849762,
    0.014158293604850769,
    0.014169737696647644,
    0.01413813792169094,
    0.014119565486907959,
    0.01410918403416872,
    0.014100569300353527,
    0.014092646539211273,
    0.014144545421004295,
    0.014713171869516373,
    0.014162419363856316,
    0.014089340344071388,
    0.014090420678257942,
    0.014046131633222103,
    0.014043541625142097,
    0.014032144099473953,
    0.014041762799024582,
    0.01463301945477724,
    0.014129932038486004,
    0.014213110320270061,
    0.014025401324033737,
    0.013991004787385464,
    0.013989031314849854,
    0.013979010283946991,
    0.013969984836876392,
    0.013962306082248688,
    0.013955239206552505,
    0.013948669657111168,
    0.01394196692854166,
    0.013935430906713009,
    0.013929370790719986,
    0.013941304758191109,
    0.01500699482858181,
    0.01458777580410242,
    0.013915462419390678,
    0.01397675834596157,
    0.013898341916501522,
    0.013895047828555107,
    0.013880401849746704,
    0.013875897973775864,
    0.01387858111411333,
    0.014213554561138153,
    0.013888116925954819,
    0.013925216160714626,
    0.013917569071054459,
    0.013853599317371845,
    0.013836687430739403,
    0.013829568400979042,
    0.013822689652442932,
    0.013816281221807003,
    0.013810524716973305,
    0.013804934918880463,
    0.013799361884593964,
    0.01379427220672369,
    0.01380239613354206,
    0.014444834552705288,
    0.014066599309444427,
    0.013911855407059193,
    0.013843387365341187,
    0.013779042288661003,
    0.013761138543486595,
    0.01375320553779602,
    0.013749606907367706,
    0.013936437666416168,
    0.013863584026694298,
    0.013931455090641975,
    0.013748339377343655,
    0.013752700760960579,
    0.013720087707042694,
    0.013714015483856201,
    0.013708704151213169,
    0.01370226964354515,
    0.013697108253836632,
    0.013692204840481281,
    0.013687403872609138,
    0.013689837418496609,
    0.014829478226602077,
    0.014981605112552643,
    0.013920411467552185,
    0.013697735965251923,
    0.013659877702593803,
    0.013657894916832447,
    0.013655748218297958,
    0.013648059219121933,
    0.013641211204230785,
    0.013636915013194084,
    0.013632219284772873,
    0.013627709820866585,
    0.013623199425637722,
    0.013619080185890198,
    0.013646824285387993,
    0.015583481639623642,
    0.013643583282828331,
    0.01376684382557869,
    0.013672329485416412,
    0.013601550832390785,
    0.013590083457529545,
