{
  "regime": "passive",
  "final_loss": 0.014743627049028873,
  "training_time": 44.12387561798096,
  "duty_cycle": 50.0,
  "epochs": 3000,
  "node_num": 16,
  "use_solar": true,
  "adaptive_reg": false,
  "losses": [
    2.1816458702087402,
    1.1717549562454224,
    0.950903058052063,
    0.8772111535072327,
    0.829063355922699,
    0.7784886360168457,
    0.7276692390441895,
    0.6834083199501038,
    0.6490752696990967,
    0.6207790970802307,
    0.5941296219825745,
    0.568422794342041,
    0.5440534949302673,
    0.5210617780685425,
    0.49938976764678955,
    0.47906962037086487,
    0.46009835600852966,
    0.44246768951416016,
    0.42621955275535583,
    0.4114866256713867,
    0.39849305152893066,
    0.38743719458580017,
    0.37830084562301636,
    0.3707493245601654,
    0.3642425835132599,
    0.3582710325717926,
    0.3525030016899109,
    0.34676453471183777,
    0.340961217880249,
    0.3350367546081543,
    0.3289671540260315,
    0.322765588760376,
    0.3164860010147095,
    0.3102148473262787,
    0.3040403425693512,
    0.2980065643787384,
    0.2920818328857422,
    0.2861700654029846,
    0.2801591753959656,
    0.27395153045654297,
    0.26745256781578064,
    0.26054829359054565,
    0.25309789180755615,
    0.24494293332099915,
    0.23593774437904358,
    0.2260168492794037,
    0.21531039476394653,
    0.20428873598575592,
    0.1937953531742096,
    0.1845991015434265,
    0.1766434907913208,
    0.1692657321691513,
    0.16196417808532715,
    0.15438474714756012,
    0.14630132913589478,
    0.13774271309375763,
    0.12917698919773102,
    0.12133265286684036,
    0.11446286737918854,
    0.10827863961458206,
    0.10259652137756348,
    0.09736499190330505,
    0.09249777346849442,
    0.08791163563728333,
    0.08352984488010406,
    0.07930029183626175,
    0.0751945972442627,
    0.07119681686162949,
    0.0672982782125473,
    0.06349758803844452,
    0.05980059504508972,
    0.05621979385614395,
    0.05277333781123161,
    0.04948294162750244,
    0.046370577067136765,
    0.04345450922846794,
    0.04074623063206673,
    0.0385991670191288,
    0.036068059504032135,
    0.03406066447496414,
    0.032140448689460754,
    0.03045208379626274,
    0.028912363573908806,
    0.02752070315182209,
    0.026259612292051315,
    0.02512538619339466,
    0.02411648817360401,
    0.02387956902384758,
    0.022513052448630333,
    0.02171006053686142,
    0.02109050191938877,
    0.02054043859243393,
    0.02003825642168522,
    0.01960032247006893,
    0.019213080406188965,
    0.018868856132030487,
    0.018570715561509132,
    0.018852032721042633,
    0.018280846998095512,
    0.01786717213690281,
    0.01765848696231842,
    0.01746433414518833,
    0.017303600907325745,
    0.017150532454252243,
    0.017010748386383057,
    0.016881294548511505,
    0.016762567684054375,
    0.016664467751979828,
    0.01725904643535614,
    0.01670828089118004,
    0.016392339020967484,
    0.016306955367326736,
    0.016202205792069435,
    0.01613038219511509,
    0.01605508290231228,
    0.015985731035470963,
    0.01592041365802288,
    0.01585800014436245,
    0.015798985958099365,
    0.01574466936290264,
    0.015832357108592987,
    0.015670258551836014,
    0.015798283740878105,
    0.01554308831691742,
    0.015527203679084778,
    0.01545573677867651,
    0.015417756512761116,
    0.015376076102256775,
    0.015336496755480766,
    0.01529900636523962,
    0.015262824483215809,
    0.0152278495952487,
    0.015194056555628777,
    0.015161477029323578,
    0.0151381716132164,
    0.015967359766364098,
    0.015660107135772705,
    0.015144621953368187,
    0.015016229823231697,
    0.015009652823209763,
    0.01497088372707367,
    0.014940403401851654,
    0.014916270971298218,
    0.014892268925905228,
    0.01486886851489544,
    0.01484639197587967,
    0.01482446864247322,
    0.014803056605160236,
    0.014782126992940903,
    0.014761663973331451
  ],
  "duty_log": [
    1,
    1,
    1,
    1,
    1,
    1,
    1,
    1,
    1,
    1,
    1,
    1,
    1,
    1,
    1,
    1,
    1,
    1,
    1,
    1,
    1,
    1,
    1,
    1,
    1,
    1,
    1,
    1,
    1,
    1,
    1,
    1,
    1,
    1,
    1,
    1,
    1,
    1,
    1,
    1,
    1,
    1,
    1,
    1,
    1,
    1,
    1,
    1,
    1,
    1,
    1,
    1,
    1,
    1,
    1,
    1,
    1,
    1,
    1,
    1,
    1,
    1,
    1,
    1,
    1,
    1,
    1,
    1,
    1,
    1,
    1,
    1,
    1,
    1,
    1,
    1,
    1,
    1,
    1,
    1,
    1,
    1,
    1,
    1,
    1,
    1,
    1,
    1,
    1,
    1,
    1,
    1,
    1,
    1,
    1,
    1,
    1,
    1,
    1,
    1,
    1,
    1,
    1,
    1,
    1,
    1,
    1,
    1,
    1,
    1,
    1,
    1,
    1,
    1,
    1,
    1,
    1,
    1,
    1,
    1,
    1,
    1,
    1,
    1,
    1,
    1,
    1,
    1,
    1,
    1,
    1,
    1,
    1,
    1,
    1,
    1,
    1,
    1,
    1,
    1,
    1,
    1,
    1,
    1,
    1,
    1,
    1,
    1,
    1,
    1,
    1,
    1,
    1,
    1,
    1,
    1,
    1,
    1,
    1,
    1,
    1,
    1,
    1,
    1,
    1,
    1,
    1,
    1,
    1,
    1,
    1,
    1,
    1,
    1,
    1,
    1,
    1,
    1,
    1,
    1,
    1,
    1,
    1,
    1,
    1,
    1,
    1,
    1,
    1,
    1,
    1,
    1,
    1,
    1,
    1,
    1,
    1,
    1,
    1,
    1,
    1,
    1,
    1,
    1,
    1,
    1,
    1,
    1,
    1,
    1,
    1,
    1,
    1,
    1,
    1,
    1,
    1,
    1,
    1,
    1,
    1,
    1,
    1,
    1,
    1,
    1,
    1,
    1,
    1,
    1,
    1,
    1,
    1,
    1,
    1,
    1,
    1,
    1,
    1,
    1,
    1,
    1,
    1,
    1,
    1,
    1,
    1,
    1,
    1,
    1,
    1,
    1,
    1,
    1,
    1,
    1,
    1,
    1,
    1,
    1,
    1,
    1,
    1,
    1,
    1,
    1,
    1,
    1,
    1,
    1,
    1,
    1,
    1,
    1,
    1,
    1,
    1,
    1,
    1,
    1,
    1,
    1,
    1,
    1,
    1,
    1,
    1,
    1,
    1,
    1,
    1,
    1,
    1,
    1,
    1,
    1,
    1,
    1,
    1,
    1
  ],
  "verification": {
    "initial_state_digest": "6e5fe47b6247d3e1508f73bdae9dd479dc6ab5e58a0402319ff0ae302fb0735b",
    "training_data_digest": "7d53871faa7ccd57537b9f3ad8e886a99918e7ea6092f202704f65f5b87c9f64"
  }
}