{
  "regime": "active",
  "final_loss": 0.017063330858945847,
  "training_time": 43.61145806312561,
  "duty_cycle": 50.0,
  "epochs": 3000,
  "node_num": 16,
  "use_solar": true,
  "adaptive_reg": true,
  "losses": [
    1.6198986768722534,
    1.0261574983596802,
    0.9130867123603821,
    0.8569573760032654,
    0.8181778788566589,
    0.7805629968643188,
    0.7421101331710815,
    0.70367431640625,
    0.6685263514518738,
    0.6349222660064697,
    0.6004656553268433,
    0.5642597079277039,
    0.5272914171218872,
    0.4912033975124359,
    0.4580870270729065,
    0.43015581369400024,
    0.4081168472766876,
    0.39087986946105957,
    0.37655144929885864,
    0.36377647519111633,
    0.3520696461200714,
    0.3413025736808777,
    0.33138835430145264,
    0.3222382068634033,
    0.3137454390525818,
    0.3057900071144104,
    0.298263281583786,
    0.2910706400871277,
    0.28412923216819763,
    0.2773691415786743,
    0.27073439955711365,
    0.26418009400367737,
    0.25766780972480774,
    0.25116056203842163,
    0.2446165829896927,
    0.2379862368106842,
    0.23121277987957,
    0.22424136102199554,
    0.21703431010246277,
    0.2095772922039032,
    0.2018641084432602,
    0.1938726305961609,
    0.18556272983551025,
    0.17689676582813263,
    0.1678580641746521,
    0.15845271944999695,
    0.14927595853805542,
    0.13912472128868103,
    0.12910985946655273,
    0.11880165338516235,
    0.1083173155784607,
    0.09886552393436432,
    0.08808977901935577,
    0.07834616303443909,
    0.06951460987329483,
    0.061528146266937256,
    0.0567576140165329,
    0.0487060509622097,
    0.04373142868280411,
    0.03909889608621597,
    0.03552491217851639,
    0.03246712684631348,
    0.03002728521823883,
    0.028033914044499397,
    0.02907017432153225,
    0.025542229413986206,
    0.024983037263154984,
    0.02410740777850151,
    0.02299446426331997,
    0.022296110168099403,
    0.021773193031549454,
    0.02127084881067276,
    0.020839381963014603,
    0.020454727113246918,
    0.020109038800001144,
    0.019799193367362022,
    0.019521288573741913,
    0.019271831959486008,
    0.019047781825065613,
    0.018846426159143448,
    0.01866534724831581,
    0.018502403050661087,
    0.01835567131638527,
    0.018223419785499573,
    0.018104100599884987,
    0.01799631491303444,
    0.01789882406592369,
    0.0178105179220438,
    0.01773088611662388,
    0.017744053155183792,
    0.022857192903757095,
    0.019122177734971046,
    0.018077664077281952,
    0.01764579862356186,
    0.017471250146627426,
    0.01739313453435898,
    0.017344433814287186,
    0.017306078225374222,
    0.017274031415581703,
    0.017246797680854797,
    0.017221543937921524,
    0.017197852954268456,
    0.017175938934087753,
    0.01715550199151039,
    0.01713644340634346,
    0.017118684947490692,
    0.017102139070630074,
    0.01708669774234295,
    0.017072323709726334,
    0.017058946192264557,
    0.017046524211764336,
    0.017034992575645447,
    0.017025373876094818,
    0.01726847141981125,
    0.017985891550779343,
    0.017692729830741882,
    0.01709197461605072,
    0.016993727535009384,
    0.016986073926091194,
    0.0169827900826931,
    0.016980469226837158,
    0.01697908714413643,
    0.016977384686470032,
    0.016975242644548416,
    0.016973957419395447,
    0.016973402351140976,
    0.01697308011353016,
    0.016973169520497322,
    0.016973555088043213,
    0.016974259167909622,
    0.016975266858935356,
    0.01697656512260437,
    0.016978144645690918,
    0.016979984939098358,
    0.016982100903987885,
    0.01698446273803711,
    0.016987068578600883,
    0.016989924013614655,
    0.01699337363243103,
    0.017176391556859016,
    0.01892426237463951,
    0.01713969185948372,
    0.017365898936986923,
    0.01729593425989151,
    0.01704924739897251,
    0.01703195832669735,
    0.017043637111783028,
    0.01704731583595276,
    0.01705154776573181,
    0.01705744117498398
  ],
  "duty_log": [
    1,
    1,
    1,
    1,
    1,
    1,
    1,
    1,
    1,
    1,
    1,
    1,
    1,
    1,
    1,
    1,
    1,
    1,
    1,
    1,
    1,
    1,
    1,
    1,
    1,
    1,
    1,
    1,
    1,
    1,
    1,
    1,
    1,
    1,
    1,
    1,
    1,
    1,
    1,
    1,
    1,
    1,
    1,
    1,
    1,
    1,
    1,
    1,
    1,
    1,
    1,
    1,
    1,
    1,
    1,
    1,
    1,
    1,
    1,
    1,
    1,
    1,
    1,
    1,
    1,
    1,
    1,
    1,
    1,
    1,
    1,
    1,
    1,
    1,
    1,
    1,
    1,
    1,
    1,
    1,
    1,
    1,
    1,
    1,
    1,
    1,
    1,
    1,
    1,
    1,
    1,
    1,
    1,
    1,
    1,
    1,
    1,
    1,
    1,
    1,
    1,
    1,
    1,
    1,
    1,
    1,
    1,
    1,
    1,
    1,
    1,
    1,
    1,
    1,
    1,
    1,
    1,
    1,
    1,
    1,
    1,
    1,
    1,
    1,
    1,
    1,
    1,
    1,
    1,
    1,
    1,
    1,
    1,
    1,
    1,
    1,
    1,
    1,
    1,
    1,
    1,
    1,
    1,
    1,
    1,
    1,
    1,
    1,
    1,
    1,
    1,
    1,
    1,
    1,
    1,
    1,
    1,
    1,
    1,
    1,
    1,
    1,
    1,
    1,
    1,
    1,
    1,
    1,
    1,
    1,
    1,
    1,
    1,
    1,
    1,
    1,
    1,
    1,
    1,
    1,
    1,
    1,
    1,
    1,
    1,
    1,
    1,
    1,
    1,
    1,
    1,
    1,
    1,
    1,
    1,
    1,
    1,
    1,
    1,
    1,
    1,
    1,
    1,
    1,
    1,
    1,
    1,
    1,
    1,
    1,
    1,
    1,
    1,
    1,
    1,
    1,
    1,
    1,
    1,
    1,
    1,
    1,
    1,
    1,
    1,
    1,
    1,
    1,
    1,
    1,
    1,
    1,
    1,
    1,
    1,
    1,
    1,
    1,
    1,
    1,
    1,
    1,
    1,
    1,
    1,
    1,
    1,
    1,
    1,
    1,
    1,
    1,
    1,
    1,
    1,
    1,
    1,
    1,
    1,
    1,
    1,
    1,
    1,
    1,
    1,
    1,
    1,
    1,
    1,
    1,
    1,
    1,
    1,
    1,
    1,
    1,
    1,
    1,
    1,
    1,
    1,
    1,
    1,
    1,
    1,
    1,
    1,
    1,
    1,
    1,
    1,
    1,
    1,
    1,
    1,
    1,
    1,
    1,
    1,
    1
  ],
  "verification": {
    "initial_state_digest": "25b740d884eaf58f9a0bb8e1d14b7cb95da915340804261334d288e9187bd1e0",
    "training_data_digest": "7079dd623a9c86eed9292bfb32b0a41c22576577ef903508c63f2a7241bc6aaf"
  }
}