{
  "regime": "continuous",
  "final_loss": 0.01291297934949398,
  "training_time": 89.23930215835571,
  "duty_cycle": 100.0,
  "epochs": 3000,
  "node_num": 16,
  "use_solar": false,
  "adaptive_reg": false,
  "losses": [
    1.6198986768722534,
    1.0261452198028564,
    0.9130620956420898,
    0.8569204807281494,
    0.8181285858154297,
    0.7805008888244629,
    0.7420351505279541,
    0.7035864591598511,
    0.6684252619743347,
    0.6348074078559875,
    0.600335955619812,
    0.5641146898269653,
    0.5271304249763489,
    0.4910261631011963,
    0.4578937888145447,
    0.42994698882102966,
    0.40789279341697693,
    0.3906404376029968,
    0.3762962818145752,
    0.3635050654411316,
    0.3517816364765167,
    0.3409977853298187,
    0.33106645941734314,
    0.32189926505088806,
    0.3133890628814697,
    0.30541592836380005,
    0.2978711724281311,
    0.29066017270088196,
    0.2836999297142029,
    0.2769203782081604,
    0.2702656686306,
    0.26369065046310425,
    0.25715696811676025,
    0.25062721967697144,
    0.2440596967935562,
    0.23740434646606445,
    0.23060399293899536,
    0.22360362112522125,
    0.2163654863834381,
    0.20887520909309387,
    0.2011263221502304,
    0.1930963397026062,
    0.18474498391151428,
    0.1760348528623581,
    0.16694991290569305,
    0.15751759707927704,
    0.14805692434310913,
    0.13806813955307007,
    0.1279846727848053,
    0.11754418164491653,
    0.10697557032108307,
    0.0978861004114151,
    0.08701876550912857,
    0.07705768197774887,
    0.06812949478626251,
    0.061531465500593185,
    0.05282562971115112,
    0.04775587096810341,
    0.04226633161306381,
    0.03769762068986893,
    0.03391453996300697,
    0.03096870891749859,
    0.0299843642860651,
    0.02800983004271984,
    0.025036076083779335,
    0.024050891399383545,
    0.022856075316667557,
    0.021943122148513794,
    0.021134499460458755,
    0.02066395804286003,
    0.02157139778137207,
    0.019419152289628983,
    0.01906536892056465,
    0.018636543303728104,
    0.01821942813694477,
    0.017883380874991417,
    0.01758044958114624,
    0.01733456552028656,
    0.01721295714378357,
    0.018900811672210693,
    0.017373662441968918,
    0.01660221442580223,
    0.016386516392230988,
    0.016255339607596397,
    0.016124214977025986,
    0.01600857637822628,
    0.01590493880212307,
    0.01580597460269928,
    0.01573251746594906,
    0.016337953507900238,
    0.015553481876850128,
    0.015822678804397583,
    0.015538712032139301,
    0.01534718181937933,
    0.015296695753932,
    0.015237990766763687,
    0.015179935842752457,
    0.015126766636967659,
    0.015078602358698845,
    0.015030832961201668,
    0.014985749498009682,
    0.01494332030415535,
    0.014983115717768669,
    0.019737737253308296,
    0.01485835388302803,
    0.014883613213896751,
    0.014886219054460526,
    0.014788764528930187,
    0.014696811325848103,
    0.01466237660497427,
    0.014632475562393665,
    0.014601001515984535,
    0.014572489075362682,
    0.014544866047799587,
    0.014517756178975105,
    0.01449134573340416,
    0.014465561136603355,
    0.014440357685089111,
    0.014415707439184189,
    0.014391581527888775,
    0.014367962256073952,
    0.014344993978738785,
    0.014339270070195198,
    0.017596539109945297,
    0.01631684973835945,
    0.015088438987731934,
    0.014543725177645683,
    0.01433405838906765,
    0.014240974560379982,
    0.014192424714565277,
    0.014166953042149544,
    0.014150617644190788,
    0.014132983982563019,
    0.014115603640675545,
    0.01409904658794403,
    0.014082659035921097,
    0.014066537842154503,
    0.014050669968128204,
    0.014035029336810112,
    0.014019611291587353,
    0.014004402793943882,
    0.013989407569169998,
    0.013974621891975403,
    0.013960029929876328,
    0.013945788145065308,
    0.013943322002887726,
    0.01583150401711464,
    0.016438988968729973,
    0.01424180157482624,
    0.013900691643357277,
    0.013873592019081116,
    0.013880910351872444,
    0.013858210295438766,
    0.013831285759806633,
    0.01382020115852356,
    0.013807548210024834,
    0.013796049170196056,
    0.01378447562456131,
    0.013773270882666111,
    0.013762164860963821,
    0.013751162216067314,
    0.013740269467234612,
    0.013729482889175415,
    0.013718793168663979,
    0.013708213344216347,
    0.013697722926735878,
    0.013687411323189735,
    0.013682828284800053,
    0.014627493917942047,
    0.01440034806728363,
    0.013709288090467453,
    0.013782409019768238,
    0.01375049538910389,
    0.013674079440534115,
    0.0136182252317667,
    0.01360380556434393,
    0.013596581295132637,
    0.013585194945335388,
    0.013576886616647243,
    0.013567978516221046,
    0.013559396378695965,
    0.013550937175750732,
    0.013542507775127888,
    0.013534155674278736,
    0.013525845482945442,
    0.013517601415514946,
    0.013509411364793777,
    0.013501275330781937,
    0.01349320076406002,
    0.013485307805240154,
    0.013492594473063946,
    0.016267985105514526,
    0.016418932005763054,
    0.014208408072590828,
    0.013579151593148708,
    0.01344532985240221,
    0.013443250209093094,
    0.013441858813166618,
    0.013422802090644836,
    0.013412633910775185,
    0.013406139798462391,
    0.013398532755672932,
    0.013391679152846336,
    0.013384856283664703,
    0.013378040865063667,
    0.013371292501688004,
    0.013364573940634727,
    0.013357896357774734,
    0.013351253233850002,
    0.013344643637537956,
    0.013338068500161171,
    0.013331524096429348,
    0.013325057923793793,
    0.013322422280907631,
    0.013909580186009407,
    0.0134520772844553,
    0.01428661122918129,
    0.013759614899754524,
    0.013364538550376892,
    0.01328399870544672,
    0.013295486569404602,
    0.01327507384121418,
    0.013266276568174362,
    0.01326008327305317,
    0.013254131190478802,
    0.013248123228549957,
    0.013242469169199467,
    0.013236833736300468,
    0.013231221586465836,
    0.01322562899440527,
    0.013220072723925114,
    0.013214528560638428,
    0.013209015130996704,
    0.013203516602516174,
    0.013198033906519413,
    0.013192586600780487,
    0.013187356293201447,
    0.013231337070465088,
    0.021489553153514862,
    0.013388113118708134,
    0.013354171067476273,
    0.013162994757294655,
    0.013180515728890896,
    0.01316232793033123,
    0.01315620169043541,
    0.013148026540875435,
    0.013139110058546066,
    0.013133510947227478,
    0.013128967955708504,
    0.013124031946063042,
    0.013119395822286606,
    0.013114718720316887,
    0.013110078871250153,
    0.01310544554144144,
    0.013100837357342243,
    0.01309623196721077,
    0.013091642409563065,
    0.01308706309646368,
    0.013082494959235191,
    0.013077937066555023,
    0.013073387555778027,
    0.013068849220871925,
    0.013064444065093994,
    0.013069650158286095,
    0.01456170529127121,
    0.01448914036154747,
    0.013109543360769749,
    0.013350903987884521,
    0.013168242760002613,
    0.01303793303668499,
    0.013041829690337181,
    0.013030052185058594,
    0.013023439794778824,
    0.01301833987236023,
    0.013014236465096474,
    0.013009859248995781,
    0.013005707412958145,
    0.013001622632145882,
    0.012997536920011044,
    0.012993467040359974,
    0.01298939622938633,
    0.012985335662961006,
    0.012981276959180832,
    0.012977227568626404,
    0.012973234057426453,
    0.01297147199511528,
    0.01317785307765007,
    0.017531799152493477,
    0.013128895312547684,
    0.013185935094952583,
    0.013095824047923088,
    0.012950580567121506,
    0.012966219335794449,
