{
  "regime": "passive",
  "final_loss": 0.013939705677330494,
  "training_time": 44.30475640296936,
  "duty_cycle": 50.0,
  "epochs": 3000,
  "node_num": 16,
  "use_solar": true,
  "adaptive_reg": false,
  "losses": [
    1.6198986768722534,
    1.0261452198028564,
    0.9130620956420898,
    0.8569204807281494,
    0.8181285858154297,
    0.7805008888244629,
    0.7420351505279541,
    0.7035864591598511,
    0.6684252619743347,
    0.6348074078559875,
    0.600335955619812,
    0.5641146898269653,
    0.5271304249763489,
    0.4910261631011963,
    0.4578937888145447,
    0.42994698882102966,
    0.40789279341697693,
    0.3906404376029968,
    0.3762962818145752,
    0.3635050654411316,
    0.3517816364765167,
    0.3409977853298187,
    0.33106645941734314,
    0.32189926505088806,
    0.3133890628814697,
    0.30541592836380005,
    0.2978711724281311,
    0.29066017270088196,
    0.2836999297142029,
    0.2769203782081604,
    0.2702656686306,
    0.26369065046310425,
    0.25715696811676025,
    0.25062721967697144,
    0.2440596967935562,
    0.23740434646606445,
    0.23060399293899536,
    0.22360362112522125,
    0.2163654863834381,
    0.20887520909309387,
    0.2011263221502304,
    0.1930963397026062,
    0.18474498391151428,
    0.1760348528623581,
    0.16694991290569305,
    0.15751759707927704,
    0.14805692434310913,
    0.13806813955307007,
    0.1279846727848053,
    0.11754418164491653,
    0.10697557032108307,
    0.0978861004114151,
    0.08701876550912857,
    0.07705768197774887,
    0.06812949478626251,
    0.061531465500593185,
    0.05282562971115112,
    0.04775587096810341,
    0.04226633161306381,
    0.03769762068986893,
    0.03391453996300697,
    0.03096870891749859,
    0.0299843642860651,
    0.02800983004271984,
    0.025036076083779335,
    0.024050891399383545,
    0.022856075316667557,
    0.021943122148513794,
    0.021134499460458755,
    0.02066395804286003,
    0.02157139778137207,
    0.019419152289628983,
    0.01906536892056465,
    0.018636543303728104,
    0.01821942813694477,
    0.017883380874991417,
    0.01758044958114624,
    0.01733456552028656,
    0.01721295714378357,
    0.018900811672210693,
    0.017373662441968918,
    0.01660221442580223,
    0.016386516392230988,
    0.016255339607596397,
    0.016124214977025986,
    0.01600857637822628,
    0.01590493880212307,
    0.01580597460269928,
    0.01573251746594906,
    0.016337953507900238,
    0.015553481876850128,
    0.015822678804397583,
    0.015538712032139301,
    0.01534718181937933,
    0.015296695753932,
    0.015237990766763687,
    0.015179935842752457,
    0.015126766636967659,
    0.015078602358698845,
    0.015030832961201668,
    0.014985749498009682,
    0.01494332030415535,
    0.014983115717768669,
    0.019737737253308296,
    0.01485835388302803,
    0.014883613213896751,
    0.014886219054460526,
    0.014788764528930187,
    0.014696811325848103,
    0.01466237660497427,
    0.014632475562393665,
    0.014601001515984535,
    0.014572489075362682,
    0.014544866047799587,
    0.014517756178975105,
    0.01449134573340416,
    0.014465561136603355,
    0.014440357685089111,
    0.014415707439184189,
    0.014391581527888775,
    0.014367962256073952,
    0.014344993978738785,
    0.014339270070195198,
    0.017596539109945297,
    0.01631684973835945,
    0.015088438987731934,
    0.014543725177645683,
    0.01433405838906765,
    0.014240974560379982,
    0.014192424714565277,
    0.014166953042149544,
    0.014150617644190788,
    0.014132983982563019,
    0.014115603640675545,
    0.01409904658794403,
    0.014082659035921097,
    0.014066537842154503,
    0.014050669968128204,
    0.014035029336810112,
    0.014019611291587353,
    0.014004402793943882,
    0.013989407569169998,
    0.013974621891975403,
    0.013960029929876328,
    0.013945788145065308,
    0.013943322002887726,
    0.01583150401711464,
    0.016438988968729973,
    0.01424180157482624,
    0.013900691643357277
  ],
  "duty_log": [
    1,
    1,
    1,
    1,
    1,
    1,
    1,
    1,
    1,
    1,
    1,
    1,
    1,
    1,
    1,
    1,
    1,
    1,
    1,
    1,
    1,
    1,
    1,
    1,
    1,
    1,
    1,
    1,
    1,
    1,
    1,
    1,
    1,
    1,
    1,
    1,
    1,
    1,
    1,
    1,
    1,
    1,
    1,
    1,
    1,
    1,
    1,
    1,
    1,
    1,
    1,
    1,
    1,
    1,
    1,
    1,
    1,
    1,
    1,
    1,
    1,
    1,
    1,
    1,
    1,
    1,
    1,
    1,
    1,
    1,
    1,
    1,
    1,
    1,
    1,
    1,
    1,
    1,
    1,
    1,
    1,
    1,
    1,
    1,
    1,
    1,
    1,
    1,
    1,
    1,
    1,
    1,
    1,
    1,
    1,
    1,
    1,
    1,
    1,
    1,
    1,
    1,
    1,
    1,
    1,
    1,
    1,
    1,
    1,
    1,
    1,
    1,
    1,
    1,
    1,
    1,
    1,
    1,
    1,
    1,
    1,
    1,
    1,
    1,
    1,
    1,
    1,
    1,
    1,
    1,
    1,
    1,
    1,
    1,
    1,
    1,
    1,
    1,
    1,
    1,
    1,
    1,
    1,
    1,
    1,
    1,
    1,
    1,
    1,
    1,
    1,
    1,
    1,
    1,
    1,
    1,
    1,
    1,
    1,
    1,
    1,
    1,
    1,
    1,
    1,
    1,
    1,
    1,
    1,
    1,
    1,
    1,
    1,
    1,
    1,
    1,
    1,
    1,
    1,
    1,
    1,
    1,
    1,
    1,
    1,
    1,
    1,
    1,
    1,
    1,
    1,
    1,
    1,
    1,
    1,
    1,
    1,
    1,
    1,
    1,
    1,
    1,
    1,
    1,
    1,
    1,
    1,
    1,
    1,
    1,
    1,
    1,
    1,
    1,
    1,
    1,
    1,
    1,
    1,
    1,
    1,
    1,
    1,
    1,
    1,
    1,
    1,
    1,
    1,
    1,
    1,
    1,
    1,
    1,
    1,
    1,
    1,
    1,
    1,
    1,
    1,
    1,
    1,
    1,
    1,
    1,
    1,
    1,
    1,
    1,
    1,
    1,
    1,
    1,
    1,
    1,
    1,
    1,
    1,
    1,
    1,
    1,
    1,
    1,
    1,
    1,
    1,
    1,
    1,
    1,
    1,
    1,
    1,
    1,
    1,
    1,
    1,
    1,
    1,
    1,
    1,
    1,
    1,
    1,
    1,
    1,
    1,
    1,
    1,
    1,
    1,
    1,
    1,
    1,
    1,
    1,
    1,
    1,
    1,
    1
  ],
  "verification": {
    "initial_state_digest": "25b740d884eaf58f9a0bb8e1d14b7cb95da915340804261334d288e9187bd1e0",
    "training_data_digest": "7079dd623a9c86eed9292bfb32b0a41c22576577ef903508c63f2a7241bc6aaf"
  }
}