{
  "metric": "test MSE vs closed-form Burgers solution (NOT training loss)",
  "seeds": [
    7270,
    860,
    5390,
    5191,
    5734,
    6265,
    466,
    4426,
    5578,
    8322
  ],
  "panel_area_m2": 15.0,
  "budget_steps": 3000,
  "gpu_threshold_w": 250.0,
  "continuous_test_mse": {
    "mean": 0.07768154591321945,
    "std": 0.0019738222147035137,
    "ci95": [
      0.07658958809450268,
      0.07890761569142342
    ],
    "n": 10,
    "values": [
      0.07892319560050964,
      0.08021559566259384,
      0.07858875393867493,
      0.0775853618979454,
      0.07648810744285583,
      0.07567088305950165,
      0.08117585629224777,
      0.076231449842453,
      0.075412817299366,
      0.07652343809604645
    ]
  },
  "real": {
    "duty_cycle": {
      "mean": 0.2713333333333333,
      "std": 0.0,
      "ci95": [
        0.2713333333333333,
        0.2713333333333333
      ],
      "n": 10,
      "values": [
        0.2713333333333333,
        0.2713333333333333,
        0.2713333333333333,
        0.2713333333333333,
        0.2713333333333333,
        0.2713333333333333,
        0.2713333333333333,
        0.2713333333333333,
        0.2713333333333333,
        0.2713333333333333
      ]
    },
    "executed_steps": {
      "mean": 814.0,
      "std": 0.0,
      "ci95": [
        814.0,
        814.0
      ],
      "n": 10,
      "values": [
        814.0,
        814.0,
        814.0,
        814.0,
        814.0,
        814.0,
        814.0,
        814.0,
        814.0,
        814.0
      ]
    },
    "test_mse": {
      "mean": 0.07161105498671531,
      "std": 0.003340262769163308,
      "ci95": [
        0.0696827750094235,
        0.07357758473604918
      ],
      "n": 10,
      "values": [
        0.07429849356412888,
        0.07264335453510284,
        0.0692656859755516,
        0.07430467009544373,
        0.07115234434604645,
        0.06867391616106033,
        0.07638862729072571,
        0.07481458783149719,
        0.06734612584114075,
        0.06722274422645569
      ]
    },
    "degradation_pct": {
      "mean": -7.822047263144687,
      "std": 3.4116399177629098,
      "ci95": [
        -9.768859029533914,
        -5.761533071481798
      ],
      "n": 10,
      "values": [
        -5.8597501041264275,
        -9.43986149444264,
        -11.863106991616613,
        -4.2284932650273,
        -6.975938188555298,
        -9.24657756793911,
        -5.89735571656574,
        -1.858631855860054,
        -10.69671144389545,
        -12.154046003418234
      ]
    }
  },
  "markov": {
    "duty_cycle": {
      "mean": 0.396,
      "std": 0.0,
      "ci95": [
        0.396,
        0.396
      ],
      "n": 10,
      "values": [
        0.396,
        0.396,
        0.396,
        0.396,
        0.396,
        0.396,
        0.396,
        0.396,
        0.396,
        0.396
      ]
    },
    "executed_steps": {
      "mean": 1188.0,
      "std": 0.0,
      "ci95": [
        1188.0,
        1188.0
      ],
      "n": 10,
      "values": [
        1188.0,
        1188.0,
        1188.0,
        1188.0,
        1188.0,
        1188.0,
        1188.0,
        1188.0,
        1188.0,
        1188.0
      ]
    },
    "test_mse": {
      "mean": 0.07473909333348275,
      "std": 0.0022276058638584675,
      "ci95": [
        0.07344293074682355,
        0.07605518445372582
      ],
      "n": 10,
      "values": [
        0.07578031718730927,
        0.07508517056703568,
        0.07507919520139694,
        0.07517816126346588,
        0.0748583972454071,
        0.07210838049650192,
        0.07856860011816025,
        0.07670708000659943,
        0.07319804280996323,
        0.07082758843898773
      ]
    },
    "degradation_pct": {
      "mean": -3.7753004870279723,
      "std": 2.242051786138178,
      "ci95": [
        -5.096918878471114,
        -2.420154321455814
      ],
      "n": 10,
      "values": [
        -3.982198629042947,
        -6.3957950485563595,
        -4.465726406626315,
        -3.102647942334686,
        -2.130671357852964,
        -4.707890827966753,
        -3.21186162139261,
        0.623929054385565,
        -2.936867456643064,
        -7.443274634249594
      ]
    }
  },
  "agreement": {
    "degradation_gap_pp": 4.046746776116715,
    "duty_cycle_gap_pp": 12.46666666666667
  }
}