{
  "regime": "active",
  "final_loss": 0.016049567610025406,
  "training_time": 43.22246527671814,
  "duty_cycle": 50.0,
  "epochs": 3000,
  "node_num": 16,
  "use_solar": true,
  "adaptive_reg": true,
  "losses": [
    1.0247098207473755,
    0.8167470097541809,
    0.7203474044799805,
    0.6350762844085693,
    0.5633857250213623,
    0.4985324442386627,
    0.44583800435066223,
    0.40721189975738525,
    0.3826746940612793,
    0.3667120039463043,
    0.35400882363319397,
    0.3427720367908478,
    0.33213406801223755,
    0.3212960958480835,
    0.3099413514137268,
    0.29821231961250305,
    0.286742240190506,
    0.2757473886013031,
    0.26457327604293823,
    0.252612441778183,
    0.23959873616695404,
    0.22511838376522064,
    0.20891372859477997,
    0.19150035083293915,
    0.17738141119480133,
    0.16325922310352325,
    0.15185566246509552,
    0.1421811580657959,
    0.13277550041675568,
    0.12323468923568726,
    0.11317437142133713,
    0.10203158855438232,
    0.08942361921072006,
    0.07599852979183197,
    0.06584194302558899,
    0.05576412007212639,
    0.048037007451057434,
    0.04203866049647331,
    0.037041932344436646,
    0.03472866117954254,
    0.03003537654876709,
    0.027484901249408722,
    0.025252031162381172,
    0.023452086374163628,
    0.02208211086690426,
    0.021233290433883667,
    0.022465761750936508,
    0.020487116649746895,
    0.01901322416961193,
    0.01869785785675049,
    0.01824861951172352,
    0.01791691593825817,
    0.01764785312116146,
    0.017418265342712402,
    0.01722470298409462,
    0.017051929607987404,
    0.016898777335882187,
    0.01680290512740612,
    0.02141493558883667,
    0.01773708686232567,
    0.016934337094426155,
    0.016444824635982513,
    0.016282834112644196,
    0.016200650483369827,
    0.016130682080984116,
    0.016059432178735733,
    0.01600058190524578,
    0.016673294827342033,
    0.01668168604373932,
    0.016373999416828156,
    0.01590121164917946,
    0.01582285203039646,
    0.015731407329440117,
    0.01569940522313118,
    0.01566443406045437,
    0.015633437782526016,
    0.01561662182211876,
    0.016303908079862595,
    0.015836868435144424,
    0.0157815832644701,
    0.01578322798013687,
    0.015605354681611061,
    0.015507576987147331,
    0.015510308556258678,
    0.015485604293644428,
    0.015476880595088005,
    0.015513417311012745,
    0.01816754788160324,
    0.015740957111120224,
    0.015496857464313507,
    0.015477409586310387,
    0.0154796177521348,
    0.01547172386199236,
    0.0154638746753335,
    0.015689287334680557,
    0.017881494015455246,
    0.015482869930565357,
    0.015765156596899033,
    0.015481815673410892,
    0.015514373779296875,
    0.015490244142711163,
    0.01548826601356268,
    0.015493148006498814,
    0.015499250963330269,
    0.015505453571677208,
    0.015512634068727493,
    0.01552433893084526,
    0.01579417660832405,
    0.017534703016281128,
    0.016352582722902298,
    0.015627063810825348,
    0.015569852665066719,
    0.015606898814439774,
    0.015601372346282005,
    0.015598293393850327,
    0.015716414898633957,
    0.018459327518939972,
    0.015931840986013412,
    0.01581541635096073,
    0.015718931332230568,
    0.015666428953409195,
    0.015687523409724236,
    0.015689896419644356,
    0.015697870403528214,
    0.015708651393651962,
    0.01571972295641899,
    0.015731865540146828,
    0.015743916854262352,
    0.015758370980620384,
    0.015906350687146187,
    0.020183708518743515,
    0.015841234475374222,
    0.015940070152282715,
    0.01596114970743656,
    0.015883971005678177,
    0.015848170965909958,
    0.015865525230765343,
    0.01587393879890442,
    0.015894252806901932,
    0.016418304294347763,
    0.016014516353607178,
    0.016325263306498528,
    0.016095060855150223,
    0.015959061682224274,
    0.015994306653738022,
    0.015988510102033615,
    0.015999335795640945,
    0.01601046696305275,
    0.01602352410554886,
    0.016036976128816605
  ],
  "duty_log": [
    1,
    1,
    1,
    1,
    1,
    1,
    1,
    1,
    1,
    1,
    1,
    1,
    1,
    1,
    1,
    1,
    1,
    1,
    1,
    1,
    1,
    1,
    1,
    1,
    1,
    1,
    1,
    1,
    1,
    1,
    1,
    1,
    1,
    1,
    1,
    1,
    1,
    1,
    1,
    1,
    1,
    1,
    1,
    1,
    1,
    1,
    1,
    1,
    1,
    1,
    1,
    1,
    1,
    1,
    1,
    1,
    1,
    1,
    1,
    1,
    1,
    1,
    1,
    1,
    1,
    1,
    1,
    1,
    1,
    1,
    1,
    1,
    1,
    1,
    1,
    1,
    1,
    1,
    1,
    1,
    1,
    1,
    1,
    1,
    1,
    1,
    1,
    1,
    1,
    1,
    1,
    1,
    1,
    1,
    1,
    1,
    1,
    1,
    1,
    1,
    1,
    1,
    1,
    1,
    1,
    1,
    1,
    1,
    1,
    1,
    1,
    1,
    1,
    1,
    1,
    1,
    1,
    1,
    1,
    1,
    1,
    1,
    1,
    1,
    1,
    1,
    1,
    1,
    1,
    1,
    1,
    1,
    1,
    1,
    1,
    1,
    1,
    1,
    1,
    1,
    1,
    1,
    1,
    1,
    1,
    1,
    1,
    1,
    1,
    1,
    1,
    1,
    1,
    1,
    1,
    1,
    1,
    1,
    1,
    1,
    1,
    1,
    1,
    1,
    1,
    1,
    1,
    1,
    1,
    1,
    1,
    1,
    1,
    1,
    1,
    1,
    1,
    1,
    1,
    1,
    1,
    1,
    1,
    1,
    1,
    1,
    1,
    1,
    1,
    1,
    1,
    1,
    1,
    1,
    1,
    1,
    1,
    1,
    1,
    1,
    1,
    1,
    1,
    1,
    1,
    1,
    1,
    1,
    1,
    1,
    1,
    1,
    1,
    1,
    1,
    1,
    1,
    1,
    1,
    1,
    1,
    1,
    1,
    1,
    1,
    1,
    1,
    1,
    1,
    1,
    1,
    1,
    1,
    1,
    1,
    1,
    1,
    1,
    1,
    1,
    1,
    1,
    1,
    1,
    1,
    1,
    1,
    1,
    1,
    1,
    1,
    1,
    1,
    1,
    1,
    1,
    1,
    1,
    1,
    1,
    1,
    1,
    1,
    1,
    1,
    1,
    1,
    1,
    1,
    1,
    1,
    1,
    1,
    1,
    1,
    1,
    1,
    1,
    1,
    1,
    1,
    1,
    1,
    1,
    1,
    1,
    1,
    1,
    1,
    1,
    1,
    1,
    1,
    1,
    1,
    1,
    1,
    1,
    1,
    1
  ],
  "verification": {
    "initial_state_digest": "96700d7647055c9fe021e11cbff74ca0207656f62353b9ffa6add33770e326b0",
    "training_data_digest": "abe401b7b0bc0aa4145e6105a3d0e4acd932337f983a5bad1096e26f3d2e2d0a"
  }
}