{
  "regime": "continuous",
  "final_loss": 0.015262879431247711,
  "training_time": 87.87265872955322,
  "duty_cycle": 100.0,
  "epochs": 3000,
  "node_num": 16,
  "use_solar": false,
  "adaptive_reg": false,
  "losses": [
    1.0247098207473755,
    0.8167338967323303,
    0.720320999622345,
    0.6350364685058594,
    0.5633320212364197,
    0.4984644651412964,
    0.44575533270835876,
    0.4071142375469208,
    0.3825617730617523,
    0.36658352613449097,
    0.35386452078819275,
    0.3426116704940796,
    0.3319571316242218,
    0.32110199332237244,
    0.3097294867038727,
    0.2979823350906372,
    0.28649407625198364,
    0.2754802703857422,
    0.26428550481796265,
    0.2523021101951599,
    0.23926395177841187,
    0.2247566282749176,
    0.2085227072238922,
    0.19193017482757568,
    0.17559224367141724,
    0.16208073496818542,
    0.15112346410751343,
    0.1415361762046814,
    0.13200244307518005,
    0.12227638065814972,
    0.112022265791893,
    0.10051547735929489,
    0.0874895304441452,
    0.07531243562698364,
    0.06318537890911102,
    0.05428463593125343,
    0.0468577966094017,
    0.04088962450623512,
    0.03608701750636101,
    0.03513539582490921,
    0.030026990920305252,
    0.026801906526088715,
    0.0243774875998497,
    0.022529128938913345,
    0.021482300013303757,
    0.022802099585533142,
    0.019903451204299927,
    0.018514666706323624,
    0.01803392916917801,
    0.017545603215694427,
    0.017131127417087555,
    0.016812797635793686,
    0.016526799649000168,
    0.016283022239804268,
    0.016068140044808388,
    0.015953995287418365,
    0.019728489220142365,
    0.016849437728524208,
    0.015906140208244324,
    0.015478715300559998,
    0.015247240662574768,
    0.015079086646437645,
    0.014966581016778946,
    0.0148642398416996,
    0.01477264054119587,
    0.015129726380109787,
    0.015449730679392815,
    0.014668869785964489,
    0.014473827555775642,
    0.014386317692697048,
    0.014374524354934692,
    0.017857061699032784,
    0.0147110465914011,
    0.014600526541471481,
    0.014252880588173866,
    0.014072023332118988,
    0.014035426080226898,
    0.013972552493214607,
    0.013933246955275536,
    0.013891802169382572,
    0.013852972537279129,
    0.0138161676004529,
    0.01378215104341507,
    0.013754598796367645,
    0.01420910656452179,
    0.015583561733365059,
    0.013810347765684128,
    0.014027563855051994,
    0.013734104111790657,
    0.01360010914504528,
    0.013577502220869064,
    0.013556098565459251,
    0.013534353114664555,
    0.013513723388314247,
    0.013496060855686665,
    0.013544371351599693,
    0.017718002200126648,
    0.013608704321086407,
    0.013798033818602562,
    0.013564161956310272,
    0.013412565924227238,
    0.013400580734014511,
    0.013375535607337952,
    0.013361228629946709,
    0.013345248997211456,
    0.013332292437553406,
    0.01331980712711811,
    0.013307682238519192,
    0.013295849785208702,
    0.013284314423799515,
    0.01327364519238472,
    0.013301515020430088,
    0.01744312420487404,
    0.01394953578710556,
    0.013652042485773563,
    0.013393992558121681,
    0.013289470225572586,
    0.01323690079152584,
    0.013205468654632568,
    0.01319363247603178,
    0.01335046999156475,
    0.014682644978165627,
    0.013216128572821617,
    0.013301121070981026,
    0.01320729125291109,
    0.013142537325620651,
    0.013133535161614418,
    0.013125486671924591,
    0.013117706403136253,
    0.013111074455082417,
    0.013103090226650238,
    0.013096457347273827,
    0.013096666894853115,
    0.013467751443386078,
    0.014133099466562271,
    0.01374171581119299,
    0.013102293014526367,
    0.01313681248575449,
    0.013074303045868874,
    0.013048607856035233,
    0.013041883707046509,
    0.013036777265369892,
    0.01306091621518135,
    0.01424449309706688,
    0.01318320631980896,
    0.01345693040639162,
    0.01306595653295517,
    0.013040058314800262,
    0.013001319952309132,
    0.01298699900507927,
    0.012981381267309189,
    0.012976306490600109,
    0.012970726937055588,
    0.012965653091669083,
    0.01296092476695776,
    0.012977342121303082,
    0.014201648533344269,
    0.01379295065999031,
    0.01325547881424427,
    0.013157677836716175,
    0.012947369366884232,
    0.012945745140314102,
    0.01292581856250763,
    0.012919286265969276,
    0.012914225459098816,
    0.01295066624879837,
    0.01449328288435936,
    0.013379514217376709,
    0.013300006277859211,
    0.012936349958181381,
    0.012912510894238949,
    0.012891472317278385,
    0.012882743962109089,
    0.012874996289610863,
    0.012868564575910568,
    0.0128633426502347,
    0.012859134003520012,
    0.012854786589741707,
    0.012850569561123848,
    0.012848000973463058,
    0.012947436422109604,
    0.018000837415456772,
    0.013006608933210373,
    0.01327517069876194,
    0.013020527549088001,
    0.012852195650339127,
    0.012819945812225342,
    0.012824042700231075,
    0.012812405824661255,
    0.012808648869395256,
    0.012804851867258549,
    0.012822979129850864,
    0.013990990817546844,
    0.013230603188276291,
    0.0131234684959054,
    0.012855224311351776,
    0.012799374759197235,
    0.012800551950931549,
    0.012780625373125076,
    0.01277308538556099,
    0.01276923157274723,
    0.012765379622578621,
    0.012761514633893967,
    0.01275803241878748,
    0.012754500843584538,
    0.012751080095767975,
    0.012748198583722115,
    0.012781450524926186,
    0.01644109934568405,
    0.01487736776471138,
    0.013399021700024605,
    0.012872442603111267,
    0.01274227723479271,
    0.012726211920380592,
    0.012729717418551445,
    0.012722983956336975,
    0.012715626507997513,
    0.012712989002466202,
    0.012710532173514366,
    0.01276242546737194,
    0.015162801370024681,
    0.01339658536016941,
    0.012817446142435074,
    0.012744350358843803,
    0.01272444985806942,
    0.012688664719462395,
    0.012688899412751198,
    0.012683844193816185,
    0.012679685838520527,
    0.01267656497657299,
    0.012673630379140377,
    0.01267070509493351,
    0.012667777016758919,
    0.012664872221648693,
    0.012662248685956001,
    0.012671761214733124,
    0.013775788247585297,
    0.012908536940813065,
    0.013193165883421898,
    0.012984680943191051,
    0.012708092108368874,
    0.012643002904951572,
    0.012652555480599403,
    0.012640327215194702,
    0.012635353952646255,
    0.012632274068892002,
    0.012629462406039238,
    0.012627199292182922,
    0.012653520330786705,
    0.01452367752790451,
    0.013694442808628082,
    0.012711839750409126,
    0.012682732194662094,
    0.012645768001675606,
    0.012613404542207718,
    0.01261221058666706,
    0.012604674324393272,
    0.012601078487932682,
    0.012598531320691109,
    0.0125958863645792,
    0.012593228369951248,
    0.012590652331709862,
    0.012588094919919968,
    0.012585669755935669,
    0.01259453035891056,
    0.014462445862591267,
    0.015118579380214214,
    0.012984856963157654,
    0.012718606740236282,
    0.012628437019884586,
    0.012587311677634716,
    0.012570172548294067,
    0.012564264237880707,
    0.012562182731926441,
    0.01256006769835949,
    0.012557207606732845,
    0.012554602697491646,
    0.012552269734442234,
    0.0125498678535223,
    0.01254756934940815,
    0.012548482045531273,
    0.012900155037641525,
    0.012646932154893875,
    0.013172909617424011,
    0.012728867121040821,
    0.012548111379146576,
    0.01253653783351183,
    0.01254013180732727,
    0.012528583407402039,
    0.012525715865194798,
    0.012523023411631584,
    0.012520665302872658,
