{
  "regime": "passive",
  "final_loss": 0.012982072308659554,
  "training_time": 44.454617738723755,
  "duty_cycle": 50.0,
  "epochs": 3000,
  "node_num": 16,
  "use_solar": true,
  "adaptive_reg": false,
  "losses": [
    1.0247098207473755,
    0.8167338967323303,
    0.720320999622345,
    0.6350364685058594,
    0.5633320212364197,
    0.4984644651412964,
    0.44575533270835876,
    0.4071142375469208,
    0.3825617730617523,
    0.36658352613449097,
    0.35386452078819275,
    0.3426116704940796,
    0.3319571316242218,
    0.32110199332237244,
    0.3097294867038727,
    0.2979823350906372,
    0.28649407625198364,
    0.2754802703857422,
    0.26428550481796265,
    0.2523021101951599,
    0.23926395177841187,
    0.2247566282749176,
    0.2085227072238922,
    0.19193017482757568,
    0.17559224367141724,
    0.16208073496818542,
    0.15112346410751343,
    0.1415361762046814,
    0.13200244307518005,
    0.12227638065814972,
    0.112022265791893,
    0.10051547735929489,
    0.0874895304441452,
    0.07531243562698364,
    0.06318537890911102,
    0.05428463593125343,
    0.0468577966094017,
    0.04088962450623512,
    0.03608701750636101,
    0.03513539582490921,
    0.030026990920305252,
    0.026801906526088715,
    0.0243774875998497,
    0.022529128938913345,
    0.021482300013303757,
    0.022802099585533142,
    0.019903451204299927,
    0.018514666706323624,
    0.01803392916917801,
    0.017545603215694427,
    0.017131127417087555,
    0.016812797635793686,
    0.016526799649000168,
    0.016283022239804268,
    0.016068140044808388,
    0.015953995287418365,
    0.019728489220142365,
    0.016849437728524208,
    0.015906140208244324,
    0.015478715300559998,
    0.015247240662574768,
    0.015079086646437645,
    0.014966581016778946,
    0.0148642398416996,
    0.01477264054119587,
    0.015129726380109787,
    0.015449730679392815,
    0.014668869785964489,
    0.014473827555775642,
    0.014386317692697048,
    0.014374524354934692,
    0.017857061699032784,
    0.0147110465914011,
    0.014600526541471481,
    0.014252880588173866,
    0.014072023332118988,
    0.014035426080226898,
    0.013972552493214607,
    0.013933246955275536,
    0.013891802169382572,
    0.013852972537279129,
    0.0138161676004529,
    0.01378215104341507,
    0.013754598796367645,
    0.01420910656452179,
    0.015583561733365059,
    0.013810347765684128,
    0.014027563855051994,
    0.013734104111790657,
    0.01360010914504528,
    0.013577502220869064,
    0.013556098565459251,
    0.013534353114664555,
    0.013513723388314247,
    0.013496060855686665,
    0.013544371351599693,
    0.017718002200126648,
    0.013608704321086407,
    0.013798033818602562,
    0.013564161956310272,
    0.013412565924227238,
    0.013400580734014511,
    0.013375535607337952,
    0.013361228629946709,
    0.013345248997211456,
    0.013332292437553406,
    0.01331980712711811,
    0.013307682238519192,
    0.013295849785208702,
    0.013284314423799515,
    0.01327364519238472,
    0.013301515020430088,
    0.01744312420487404,
    0.01394953578710556,
    0.013652042485773563,
    0.013393992558121681,
    0.013289470225572586,
    0.01323690079152584,
    0.013205468654632568,
    0.01319363247603178,
    0.01335046999156475,
    0.014682644978165627,
    0.013216128572821617,
    0.013301121070981026,
    0.01320729125291109,
    0.013142537325620651,
    0.013133535161614418,
    0.013125486671924591,
    0.013117706403136253,
    0.013111074455082417,
    0.013103090226650238,
    0.013096457347273827,
    0.013096666894853115,
    0.013467751443386078,
    0.014133099466562271,
    0.01374171581119299,
    0.013102293014526367,
    0.01313681248575449,
    0.013074303045868874,
    0.013048607856035233,
    0.013041883707046509,
    0.013036777265369892,
    0.01306091621518135,
    0.01424449309706688,
    0.01318320631980896,
    0.01345693040639162,
    0.01306595653295517,
    0.013040058314800262,
    0.013001319952309132,
    0.01298699900507927
  ],
  "duty_log": [
    1,
    1,
    1,
    1,
    1,
    1,
    1,
    1,
    1,
    1,
    1,
    1,
    1,
    1,
    1,
    1,
    1,
    1,
    1,
    1,
    1,
    1,
    1,
    1,
    1,
    1,
    1,
    1,
    1,
    1,
    1,
    1,
    1,
    1,
    1,
    1,
    1,
    1,
    1,
    1,
    1,
    1,
    1,
    1,
    1,
    1,
    1,
    1,
    1,
    1,
    1,
    1,
    1,
    1,
    1,
    1,
    1,
    1,
    1,
    1,
    1,
    1,
    1,
    1,
    1,
    1,
    1,
    1,
    1,
    1,
    1,
    1,
    1,
    1,
    1,
    1,
    1,
    1,
    1,
    1,
    1,
    1,
    1,
    1,
    1,
    1,
    1,
    1,
    1,
    1,
    1,
    1,
    1,
    1,
    1,
    1,
    1,
    1,
    1,
    1,
    1,
    1,
    1,
    1,
    1,
    1,
    1,
    1,
    1,
    1,
    1,
    1,
    1,
    1,
    1,
    1,
    1,
    1,
    1,
    1,
    1,
    1,
    1,
    1,
    1,
    1,
    1,
    1,
    1,
    1,
    1,
    1,
    1,
    1,
    1,
    1,
    1,
    1,
    1,
    1,
    1,
    1,
    1,
    1,
    1,
    1,
    1,
    1,
    1,
    1,
    1,
    1,
    1,
    1,
    1,
    1,
    1,
    1,
    1,
    1,
    1,
    1,
    1,
    1,
    1,
    1,
    1,
    1,
    1,
    1,
    1,
    1,
    1,
    1,
    1,
    1,
    1,
    1,
    1,
    1,
    1,
    1,
    1,
    1,
    1,
    1,
    1,
    1,
    1,
    1,
    1,
    1,
    1,
    1,
    1,
    1,
    1,
    1,
    1,
    1,
    1,
    1,
    1,
    1,
    1,
    1,
    1,
    1,
    1,
    1,
    1,
    1,
    1,
    1,
    1,
    1,
    1,
    1,
    1,
    1,
    1,
    1,
    1,
    1,
    1,
    1,
    1,
    1,
    1,
    1,
    1,
    1,
    1,
    1,
    1,
    1,
    1,
    1,
    1,
    1,
    1,
    1,
    1,
    1,
    1,
    1,
    1,
    1,
    1,
    1,
    1,
    1,
    1,
    1,
    1,
    1,
    1,
    1,
    1,
    1,
    1,
    1,
    1,
    1,
    1,
    1,
    1,
    1,
    1,
    1,
    1,
    1,
    1,
    1,
    1,
    1,
    1,
    1,
    1,
    1,
    1,
    1,
    1,
    1,
    1,
    1,
    1,
    1,
    1,
    1,
    1,
    1,
    1,
    1,
    1,
    1,
    1,
    1,
    1,
    1
  ],
  "verification": {
    "initial_state_digest": "96700d7647055c9fe021e11cbff74ca0207656f62353b9ffa6add33770e326b0",
    "training_data_digest": "abe401b7b0bc0aa4145e6105a3d0e4acd932337f983a5bad1096e26f3d2e2d0a"
  }
}