{
  "regime": "active",
  "final_loss": 0.019562065601348877,
  "training_time": 44.380950927734375,
  "duty_cycle": 50.0,
  "epochs": 3000,
  "node_num": 16,
  "use_solar": true,
  "adaptive_reg": true,
  "losses": [
    5.844833850860596,
    1.4116564989089966,
    1.402830719947815,
    1.0632045269012451,
    1.0342954397201538,
    0.9756715893745422,
    0.9459066987037659,
    0.9193033576011658,
    0.8946676254272461,
    0.8730757236480713,
    0.8522782921791077,
    0.8310502171516418,
    0.8090072274208069,
    0.7861497402191162,
    0.7627694010734558,
    0.7390053868293762,
    0.7147830724716187,
    0.6899876594543457,
    0.6646060943603516,
    0.6386814117431641,
    0.6122405529022217,
    0.5852887034416199,
    0.5578548908233643,
    0.5300795435905457,
    0.5023064017295837,
    0.4751220643520355,
    0.4493435025215149,
    0.4259359538555145,
    0.4058038294315338,
    0.38947051763534546,
    0.37681031227111816,
    0.3670711815357208,
    0.3592517375946045,
    0.35253584384918213,
    0.3464514911174774,
    0.3407716155052185,
    0.3353763222694397,
    0.3301812410354614,
    0.32511869072914124,
    0.3201375901699066,
    0.3152027130126953,
    0.3102923631668091,
    0.3053949177265167,
    0.30050694942474365,
    0.29563066363334656,
    0.2907722592353821,
    0.2859399914741516,
    0.2811431884765625,
    0.27639204263687134,
    0.2716975808143616,
    0.26707127690315247,
    0.2625248432159424,
    0.2580690085887909,
    0.2537115812301636,
    0.2494560033082962,
    0.2452995479106903,
    0.24123212695121765,
    0.2372361272573471,
    0.2332867980003357,
    0.22935354709625244,
    0.2254016399383545,
    0.221393883228302,
    0.21729180216789246,
    0.21305641531944275,
    0.20864830911159515,
    0.20402732491493225,
    0.19915235042572021,
    0.19398188591003418,
    0.18847624957561493,
    0.18260149657726288,
    0.1763368397951126,
    0.16968543827533722,
    0.16268834471702576,
    0.1554390788078308,
    0.14809001982212067,
    0.14083696901798248,
    0.1338721662759781,
    0.1273185759782791,
    0.12119096517562866,
    0.1154206246137619,
    0.10991980880498886,
    0.10462607443332672,
    0.09950508177280426,
    0.09453707188367844,
    0.089710533618927,
    0.0850214809179306,
    0.08047348260879517,
    0.07607674598693848,
    0.07184727489948273,
    0.06780493259429932,
    0.06397071480751038,
    0.06036347523331642,
    0.05699661746621132,
    0.05387583374977112,
    0.050998203456401825,
    0.04835323989391327,
    0.04592511057853699,
    0.04369518533349037,
    0.04164423048496246,
    0.039753858000040054,
    0.03800734132528305,
    0.036390189081430435,
    0.03489026054739952,
    0.03349766880273819,
    0.032204337418079376,
    0.031003590673208237,
    0.029890036210417747,
    0.028859585523605347,
    0.027909453958272934,
    0.027037905529141426,
    0.026243921369314194,
    0.025526490062475204,
    0.02488403022289276,
    0.024313850328326225,
    0.02381177619099617,
    0.023372188210487366,
    0.022988393902778625,
    0.022668814286589622,
    0.02241564355790615,
    0.022135788574814796,
    0.021900461986660957,
    0.02168748527765274,
    0.021502241492271423,
    0.021337954327464104,
    0.02118963748216629,
    0.02105465903878212,
    0.020931314677000046,
    0.02081817388534546,
    0.02071393094956875,
    0.020617645233869553,
    0.020528439432382584,
    0.020445581525564194,
    0.020368438214063644,
    0.020296424627304077,
    0.020229078829288483,
    0.02016596682369709,
    0.020106732845306396,
    0.020054325461387634,
    0.02033323608338833,
    0.019960522651672363,
    0.019905058667063713,
    0.01986384019255638,
    0.01982405036687851,
    0.019784312695264816,
    0.019746001809835434,
    0.019710946828126907,
    0.01967763528227806,
    0.01964591071009636,
    0.01961567811667919,
    0.019586864858865738
  ],
  "duty_log": [
    1,
    1,
    1,
    1,
    1,
    1,
    1,
    1,
    1,
    1,
    1,
    1,
    1,
    1,
    1,
    1,
    1,
    1,
    1,
    1,
    1,
    1,
    1,
    1,
    1,
    1,
    1,
    1,
    1,
    1,
    1,
    1,
    1,
    1,
    1,
    1,
    1,
    1,
    1,
    1,
    1,
    1,
    1,
    1,
    1,
    1,
    1,
    1,
    1,
    1,
    1,
    1,
    1,
    1,
    1,
    1,
    1,
    1,
    1,
    1,
    1,
    1,
    1,
    1,
    1,
    1,
    1,
    1,
    1,
    1,
    1,
    1,
    1,
    1,
    1,
    1,
    1,
    1,
    1,
    1,
    1,
    1,
    1,
    1,
    1,
    1,
    1,
    1,
    1,
    1,
    1,
    1,
    1,
    1,
    1,
    1,
    1,
    1,
    1,
    1,
    1,
    1,
    1,
    1,
    1,
    1,
    1,
    1,
    1,
    1,
    1,
    1,
    1,
    1,
    1,
    1,
    1,
    1,
    1,
    1,
    1,
    1,
    1,
    1,
    1,
    1,
    1,
    1,
    1,
    1,
    1,
    1,
    1,
    1,
    1,
    1,
    1,
    1,
    1,
    1,
    1,
    1,
    1,
    1,
    1,
    1,
    1,
    1,
    1,
    1,
    1,
    1,
    1,
    1,
    1,
    1,
    1,
    1,
    1,
    1,
    1,
    1,
    1,
    1,
    1,
    1,
    1,
    1,
    1,
    1,
    1,
    1,
    1,
    1,
    1,
    1,
    1,
    1,
    1,
    1,
    1,
    1,
    1,
    1,
    1,
    1,
    1,
    1,
    1,
    1,
    1,
    1,
    1,
    1,
    1,
    1,
    1,
    1,
    1,
    1,
    1,
    1,
    1,
    1,
    1,
    1,
    1,
    1,
    1,
    1,
    1,
    1,
    1,
    1,
    1,
    1,
    1,
    1,
    1,
    1,
    1,
    1,
    1,
    1,
    1,
    1,
    1,
    1,
    1,
    1,
    1,
    1,
    1,
    1,
    1,
    1,
    1,
    1,
    1,
    1,
    1,
    1,
    1,
    1,
    1,
    1,
    1,
    1,
    1,
    1,
    1,
    1,
    1,
    1,
    1,
    1,
    1,
    1,
    1,
    1,
    1,
    1,
    1,
    1,
    1,
    1,
    1,
    1,
    1,
    1,
    1,
    1,
    1,
    1,
    1,
    1,
    1,
    1,
    1,
    1,
    1,
    1,
    1,
    1,
    1,
    1,
    1,
    1,
    1,
    1,
    1,
    1,
    1,
    1,
    1,
    1,
    1,
    1,
    1,
    1
  ],
  "verification": {
    "initial_state_digest": "eaa0441d4007701c0cd7ad26316e7d8ac25e01587f1ab9426027143e5c1ffce5",
    "training_data_digest": "7b976f71fcb52c2eca81693867191283b2e2bd06a72937b0bbe4d6e855a64195"
  }
}