{
  "regime": "continuous",
  "final_loss": 0.013622538186609745,
  "training_time": 90.90458250045776,
  "duty_cycle": 100.0,
  "epochs": 3000,
  "node_num": 16,
  "use_solar": false,
  "adaptive_reg": false,
  "losses": [
    5.844833850860596,
    1.4116432666778564,
    1.4028043746948242,
    1.0631649494171143,
    1.0342427492141724,
    0.9756056666374207,
    0.9458276033401489,
    0.9192110896110535,
    0.8945619463920593,
    0.8729565143585205,
    0.8521456718444824,
    0.8309040665626526,
    0.8088476657867432,
    0.7859765291213989,
    0.7625824213027954,
    0.7388045787811279,
    0.7145683169364929,
    0.6897584795951843,
    0.6643621921539307,
    0.6384221315383911,
    0.6119652390480042,
    0.5849966406822205,
    0.5575451850891113,
    0.529751718044281,
    0.5019598007202148,
    0.47475671768188477,
    0.44895991683006287,
    0.42553502321243286,
    0.40538671612739563,
    0.3890383541584015,
    0.3763634264469147,
    0.3666089177131653,
    0.3587730824947357,
    0.3520399034023285,
    0.34593769907951355,
    0.34023958444595337,
    0.33482587337493896,
    0.32961198687553406,
    0.32453030347824097,
    0.31952977180480957,
    0.3145749866962433,
    0.30964434146881104,
    0.30472633242607117,
    0.29981735348701477,
    0.29491984844207764,
    0.29003995656967163,
    0.285185843706131,
    0.28036707639694214,
    0.275593638420105,
    0.2708767056465149,
    0.2662275731563568,
    0.2616582214832306,
    0.25717902183532715,
    0.25279805064201355,
    0.24851851165294647,
    0.2443375587463379,
    0.24024498462677002,
    0.23622287809848785,
    0.23224633932113647,
    0.22828462719917297,
    0.22430264949798584,
    0.22026295959949493,
    0.21612684428691864,
    0.21185505390167236,
    0.20740804076194763,
    0.2027451992034912,
    0.19782526791095734,
    0.19260644912719727,
    0.18704894185066223,
    0.18111930787563324,
    0.1747974008321762,
    0.16808809340000153,
    0.1610351949930191,
    0.15373583137989044,
    0.1463460922241211,
    0.13906393945217133,
    0.13208003342151642,
    0.1255120038986206,
    0.11936850100755692,
    0.11357776820659637,
    0.10805249214172363,
    0.1027320846915245,
    0.09758304059505463,
    0.0925862267613411,
    0.08773045986890793,
    0.08301237970590591,
    0.07843604683876038,
    0.07401228696107864,
    0.0697576031088829,
    0.065692238509655,
    0.061837337911129,
    0.05821162089705467,
    0.05482818931341171,
    0.05169210955500603,
    0.04879988357424736,
    0.04614042118191719,
    0.04369742050766945,
    0.04145191237330437,
    0.03938442841172218,
    0.03747645765542984,
    0.03571133688092232,
    0.03407466039061546,
    0.03255452215671539,
    0.03114115446805954,
    0.029826607555150986,
    0.028604300692677498,
    0.027468964457511902,
    0.026416609063744545,
    0.025444574654102325,
    0.024551281705498695,
    0.023735791444778442,
    0.022997179999947548,
    0.022333897650241852,
    0.02174318954348564,
    0.021220754832029343,
    0.02076084539294243,
    0.020359273999929428,
    0.020160894840955734,
    0.019733330234885216,
    0.019422641023993492,
    0.01916690170764923,
    0.018943119794130325,
    0.018741020932793617,
    0.018554918467998505,
    0.018384765833616257,
    0.018227629363536835,
    0.018082115799188614,
    0.01794673316180706,
    0.017820335924625397,
    0.017701931297779083,
    0.01759064942598343,
    0.017485763877630234,
    0.01738663576543331,
    0.017295552417635918,
    0.01755916327238083,
    0.017169831320643425,
    0.0170577522367239,
    0.016971580684185028,
    0.01689418964087963,
    0.01682266592979431,
    0.016755228862166405,
    0.016690487042069435,
    0.016627714037895203,
    0.016567109152674675,
    0.01650850474834442,
    0.016451729461550713,
    0.01639665849506855,
    0.01634320616722107,
    0.016291268169879913,
    0.016240756958723068,
    0.016191590577363968,
    0.016143713146448135,
    0.016097038984298706,
    0.0160515233874321,
    0.01600804179906845,
    0.016171064227819443,
    0.01610473543405533,
    0.015945598483085632,
    0.015859592705965042,
    0.015806037932634354,
    0.015765348449349403,
    0.015728764235973358,
    0.015692085027694702,
    0.015655960887670517,
    0.015620935708284378,
    0.01558646559715271,
    0.015552683733403683,
    0.015519499778747559,
    0.015486917458474636,
    0.01545489951968193,
    0.015423444099724293,
    0.015392527915537357,
    0.015362130478024483,
    0.015332248993217945,
    0.015302849933505058,
    0.015273941680788994,
    0.015246005728840828,
    0.015359722077846527,
    0.01540943793952465,
    0.01521405391395092,
    0.015175926499068737,
    0.015122441574931145,
    0.015090149827301502,
    0.015064345672726631,
    0.01503828726708889,
    0.015014116652309895,
    0.014990342780947685,
    0.01496686041355133,
    0.014943759888410568,
    0.014920992776751518,
    0.014898514375090599,
    0.014876366592943668,
    0.014854504726827145,
    0.014832938089966774,
    0.014811660163104534,
    0.01479065977036953,
    0.014769941568374634,
    0.014749490655958652,
    0.014729499816894531,
    0.014754176139831543,
    0.01515265367925167,
    0.014726666733622551,
    0.014670569449663162,
    0.014668668620288372,
    0.01462770625948906,
    0.014600753784179688,
    0.014581937342882156,
    0.014564594253897667,
    0.01454756036400795,
    0.014530736953020096,
    0.014514058828353882,
    0.014497595839202404,
    0.01448131911456585,
    0.01446529384702444,
    0.014451412484049797,
    0.014563128352165222,
    0.014613114297389984,
    0.014478462748229504,
    0.01444949209690094,
    0.014376640319824219,
    0.014369089156389236,
    0.014347050338983536,
    0.014330942183732986,
    0.014316866174340248,
    0.014303029514849186,
    0.014289362356066704,
    0.01427585631608963,
    0.014262441545724869,
    0.014249209314584732,
    0.014236154034733772,
    0.014224385842680931,
    0.014283010736107826,
    0.014903809875249863,
    0.014497862197458744,
    0.014242049306631088,
    0.014178374782204628,
    0.014158499427139759,
    0.014139718376100063,
    0.014128681272268295,
    0.014115814119577408,
    0.014104061760008335,
    0.014092933386564255,
    0.014082089066505432,
    0.01407441683113575,
    0.014167946763336658,
    0.014954159036278725,
    0.014166627079248428,
    0.01405520923435688,
    0.014054302126169205,
    0.01401780266314745,
    0.013999844901263714,
    0.013988906517624855,
    0.013978783041238785,
    0.013969279825687408,
    0.013960132375359535,
    0.0139593705534935,
    0.014217998832464218,
    0.014133858494460583,
    0.013966308906674385,
    0.013914443552494049,
    0.013920433819293976,
    0.01404896005988121,
    0.014497097581624985,
    0.0140926418825984,
    0.013947876170277596,
    0.013892284594476223,
    0.013863664120435715,
    0.013845895417034626,
    0.01383923552930355,
    0.013829207047820091,
    0.013821950182318687,
    0.013821413740515709,
    0.014043720439076424,
    0.01445753313601017,
    0.01397255901247263,
    0.013805310241878033,
    0.013783421367406845,
    0.013776684179902077,
    0.013762300834059715,
    0.013754280284047127,
    0.013747591525316238,
    0.013740332797169685,
    0.013733206316828728,
    0.013726212084293365,
    0.013720005750656128,
    0.013735055923461914,
    0.014813994988799095,
    0.014307599514722824,
    0.013798093423247337,
    0.0137531952932477,
    0.013694504275918007,
    0.01367887482047081,
    0.013672374188899994,
    0.013662155717611313,
    0.013660445809364319,
