{
  "regime": "passive",
  "final_loss": 0.01619645021855831,
  "training_time": 44.39480495452881,
  "duty_cycle": 50.0,
  "epochs": 3000,
  "node_num": 16,
  "use_solar": true,
  "adaptive_reg": false,
  "losses": [
    5.844833850860596,
    1.4116432666778564,
    1.4028043746948242,
    1.0631649494171143,
    1.0342427492141724,
    0.9756056666374207,
    0.9458276033401489,
    0.9192110896110535,
    0.8945619463920593,
    0.8729565143585205,
    0.8521456718444824,
    0.8309040665626526,
    0.8088476657867432,
    0.7859765291213989,
    0.7625824213027954,
    0.7388045787811279,
    0.7145683169364929,
    0.6897584795951843,
    0.6643621921539307,
    0.6384221315383911,
    0.6119652390480042,
    0.5849966406822205,
    0.5575451850891113,
    0.529751718044281,
    0.5019598007202148,
    0.47475671768188477,
    0.44895991683006287,
    0.42553502321243286,
    0.40538671612739563,
    0.3890383541584015,
    0.3763634264469147,
    0.3666089177131653,
    0.3587730824947357,
    0.3520399034023285,
    0.34593769907951355,
    0.34023958444595337,
    0.33482587337493896,
    0.32961198687553406,
    0.32453030347824097,
    0.31952977180480957,
    0.3145749866962433,
    0.30964434146881104,
    0.30472633242607117,
    0.29981735348701477,
    0.29491984844207764,
    0.29003995656967163,
    0.285185843706131,
    0.28036707639694214,
    0.275593638420105,
    0.2708767056465149,
    0.2662275731563568,
    0.2616582214832306,
    0.25717902183532715,
    0.25279805064201355,
    0.24851851165294647,
    0.2443375587463379,
    0.24024498462677002,
    0.23622287809848785,
    0.23224633932113647,
    0.22828462719917297,
    0.22430264949798584,
    0.22026295959949493,
    0.21612684428691864,
    0.21185505390167236,
    0.20740804076194763,
    0.2027451992034912,
    0.19782526791095734,
    0.19260644912719727,
    0.18704894185066223,
    0.18111930787563324,
    0.1747974008321762,
    0.16808809340000153,
    0.1610351949930191,
    0.15373583137989044,
    0.1463460922241211,
    0.13906393945217133,
    0.13208003342151642,
    0.1255120038986206,
    0.11936850100755692,
    0.11357776820659637,
    0.10805249214172363,
    0.1027320846915245,
    0.09758304059505463,
    0.0925862267613411,
    0.08773045986890793,
    0.08301237970590591,
    0.07843604683876038,
    0.07401228696107864,
    0.0697576031088829,
    0.065692238509655,
    0.061837337911129,
    0.05821162089705467,
    0.05482818931341171,
    0.05169210955500603,
    0.04879988357424736,
    0.04614042118191719,
    0.04369742050766945,
    0.04145191237330437,
    0.03938442841172218,
    0.03747645765542984,
    0.03571133688092232,
    0.03407466039061546,
    0.03255452215671539,
    0.03114115446805954,
    0.029826607555150986,
    0.028604300692677498,
    0.027468964457511902,
    0.026416609063744545,
    0.025444574654102325,
    0.024551281705498695,
    0.023735791444778442,
    0.022997179999947548,
    0.022333897650241852,
    0.02174318954348564,
    0.021220754832029343,
    0.02076084539294243,
    0.020359273999929428,
    0.020160894840955734,
    0.019733330234885216,
    0.019422641023993492,
    0.01916690170764923,
    0.018943119794130325,
    0.018741020932793617,
    0.018554918467998505,
    0.018384765833616257,
    0.018227629363536835,
    0.018082115799188614,
    0.01794673316180706,
    0.017820335924625397,
    0.017701931297779083,
    0.01759064942598343,
    0.017485763877630234,
    0.01738663576543331,
    0.017295552417635918,
    0.01755916327238083,
    0.017169831320643425,
    0.0170577522367239,
    0.016971580684185028,
    0.01689418964087963,
    0.01682266592979431,
    0.016755228862166405,
    0.016690487042069435,
    0.016627714037895203,
    0.016567109152674675,
    0.01650850474834442,
    0.016451729461550713,
    0.01639665849506855,
    0.01634320616722107,
    0.016291268169879913,
    0.016240756958723068
  ],
  "duty_log": [
    1,
    1,
    1,
    1,
    1,
    1,
    1,
    1,
    1,
    1,
    1,
    1,
    1,
    1,
    1,
    1,
    1,
    1,
    1,
    1,
    1,
    1,
    1,
    1,
    1,
    1,
    1,
    1,
    1,
    1,
    1,
    1,
    1,
    1,
    1,
    1,
    1,
    1,
    1,
    1,
    1,
    1,
    1,
    1,
    1,
    1,
    1,
    1,
    1,
    1,
    1,
    1,
    1,
    1,
    1,
    1,
    1,
    1,
    1,
    1,
    1,
    1,
    1,
    1,
    1,
    1,
    1,
    1,
    1,
    1,
    1,
    1,
    1,
    1,
    1,
    1,
    1,
    1,
    1,
    1,
    1,
    1,
    1,
    1,
    1,
    1,
    1,
    1,
    1,
    1,
    1,
    1,
    1,
    1,
    1,
    1,
    1,
    1,
    1,
    1,
    1,
    1,
    1,
    1,
    1,
    1,
    1,
    1,
    1,
    1,
    1,
    1,
    1,
    1,
    1,
    1,
    1,
    1,
    1,
    1,
    1,
    1,
    1,
    1,
    1,
    1,
    1,
    1,
    1,
    1,
    1,
    1,
    1,
    1,
    1,
    1,
    1,
    1,
    1,
    1,
    1,
    1,
    1,
    1,
    1,
    1,
    1,
    1,
    1,
    1,
    1,
    1,
    1,
    1,
    1,
    1,
    1,
    1,
    1,
    1,
    1,
    1,
    1,
    1,
    1,
    1,
    1,
    1,
    1,
    1,
    1,
    1,
    1,
    1,
    1,
    1,
    1,
    1,
    1,
    1,
    1,
    1,
    1,
    1,
    1,
    1,
    1,
    1,
    1,
    1,
    1,
    1,
    1,
    1,
    1,
    1,
    1,
    1,
    1,
    1,
    1,
    1,
    1,
    1,
    1,
    1,
    1,
    1,
    1,
    1,
    1,
    1,
    1,
    1,
    1,
    1,
    1,
    1,
    1,
    1,
    1,
    1,
    1,
    1,
    1,
    1,
    1,
    1,
    1,
    1,
    1,
    1,
    1,
    1,
    1,
    1,
    1,
    1,
    1,
    1,
    1,
    1,
    1,
    1,
    1,
    1,
    1,
    1,
    1,
    1,
    1,
    1,
    1,
    1,
    1,
    1,
    1,
    1,
    1,
    1,
    1,
    1,
    1,
    1,
    1,
    1,
    1,
    1,
    1,
    1,
    1,
    1,
    1,
    1,
    1,
    1,
    1,
    1,
    1,
    1,
    1,
    1,
    1,
    1,
    1,
    1,
    1,
    1,
    1,
    1,
    1,
    1,
    1,
    1,
    1,
    1,
    1,
    1,
    1,
    1
  ],
  "verification": {
    "initial_state_digest": "eaa0441d4007701c0cd7ad26316e7d8ac25e01587f1ab9426027143e5c1ffce5",
    "training_data_digest": "7b976f71fcb52c2eca81693867191283b2e2bd06a72937b0bbe4d6e855a64195"
  }
}