{
  "regime": "active",
  "final_loss": 0.0030705383978784084,
  "training_time": 2.0278472900390625,
  "duty_cycle": 50.0,
  "epochs": 3000,
  "use_solar": true,
  "adaptive_reg": true,
  "losses": [
    0.07726972550153732,
    0.011241024360060692,
    0.01023226510733366,
    0.009256872348487377,
    0.008521952666342258,
    0.008295517414808273,
    0.008278744295239449,
    0.0082008708268404,
    0.008170727640390396,
    0.008137291297316551,
    0.00810852088034153,
    0.00807769875973463,
    0.00804651528596878,
    0.008014285005629063,
    0.007981127128005028,
    0.007947169244289398,
    0.007912465371191502,
    0.007877076044678688,
    0.007841059006750584,
    0.007804462220519781,
    0.007767329458147287,
    0.007729704026132822,
    0.007691620383411646,
    0.007653115317225456,
    0.007614221889525652,
    0.007574967108666897,
    0.007535383105278015,
    0.0074954950250685215,
    0.007455328479409218,
    0.007414910010993481,
    0.007374264299869537,
    0.00733340997248888,
    0.007292370777577162,
    0.007251165807247162,
    0.007209816016256809,
    0.007168339099735022,
    0.007126752287149429,
    0.00708507327362895,
    0.007043316029012203,
    0.00700149592012167,
    0.006959628313779831,
    0.006917724851518869,
    0.006875800434499979,
    0.0068338653072714806,
    0.006791930645704269,
    0.006750008091330528,
    0.006708106491714716,
    0.006666236091405153,
    0.006624406203627586,
    0.00658262288197875,
    0.006540895905345678,
    0.006499232724308968,
    0.006457638926804066,
    0.0064161233603954315,
    0.006374689284712076,
    0.006333342753350735,
    0.006292091682553291,
    0.00625093886628747,
    0.006209888029843569,
    0.006168946158140898,
    0.0061281160451471806,
    0.006087401416152716,
    0.006046805996447802,
    0.006006332114338875,
    0.0059659830294549465,
    0.0059257629327476025,
    0.005885673686861992,
    0.005845716688781977,
    0.005805895198136568,
    0.00576621200889349,
    0.005726666655391455,
    0.005687264259904623,
    0.005648002959787846,
    0.005608886480331421,
    0.005569915287196636,
    0.005531091708689928,
    0.0054924157448112965,
    0.005453888792544603,
    0.005415511783212423,
    0.005377287045121193,
    0.00533921318128705,
    0.005301291588693857,
    0.005263523664325476,
    0.005225909873843193,
    0.005188449285924435,
    0.005151144694536924,
    0.0051139947026968,
    0.005077000241726637,
    0.005040164105594158,
    0.0050034839659929276,
    0.00496695889160037,
    0.0049305930733680725,
    0.004894383251667023,
    0.00485833128914237,
    0.004822438582777977,
    0.0047867028042674065,
    0.004751125816255808,
    0.004715707153081894,
    0.004680446814745665,
    0.0046453457325696945,
    0.004610404372215271,
    0.004575620871037245,
    0.004540997091680765,
    0.004506533034145832,
    0.004472227767109871,
    0.004438082221895456,
    0.004404097329825163,
    0.004370271228253841,
    0.004336605314165354,
    0.004303100053220987,
    0.004269753582775593,
    0.004236568231135607,
    0.004203542601317167,
    0.004170678090304136,
    0.004137973766773939,
    0.004105429630726576,
    0.004073046613484621,
    0.004040823318064213,
    0.004008762538433075,
    0.003976861014962196,
    0.003945121541619301,
    0.003913541790097952,
    0.0038821245543658733,
    0.0038508670404553413,
    0.003819771809503436,
    0.0037888369988650084,
    0.00375806400552392,
    0.003727452363818884,
    0.003697001375257969,
    0.0036667122039943933,
    0.00363658438436687,
    0.0036066174507141113,
    0.0035768128000199795,
    0.003547168569639325,
    0.0035176859237253666,
    0.00348836462944746,
    0.003459204686805606,
    0.0034302056301385164,
    0.00340136862359941,
    0.0033726918045431376,
    0.003344176337122917,
    0.0033158217556774616,
    0.0032876282930374146,
    0.0032595947850495577,
    0.0032317228615283966,
    0.003204011358320713,
    0.0031764598097652197,
    0.0031490682158619165,
    0.0031218375079333782,
    0.0030947658233344555
  ],
  "duty_log": [
    1,
    1,
    1,
    1,
    1,
    1,
    1,
    1,
    1,
    1,
    1,
    1,
    1,
    1,
    1,
    1,
    1,
    1,
    1,
    1,
    1,
    1,
    1,
    1,
    1,
    1,
    1,
    1,
    1,
    1,
    1,
    1,
    1,
    1,
    1,
    1,
    1,
    1,
    1,
    1,
    1,
    1,
    1,
    1,
    1,
    1,
    1,
    1,
    1,
    1,
    1,
    1,
    1,
    1,
    1,
    1,
    1,
    1,
    1,
    1,
    1,
    1,
    1,
    1,
    1,
    1,
    1,
    1,
    1,
    1,
    1,
    1,
    1,
    1,
    1,
    1,
    1,
    1,
    1,
    1,
    1,
    1,
    1,
    1,
    1,
    1,
    1,
    1,
    1,
    1,
    1,
    1,
    1,
    1,
    1,
    1,
    1,
    1,
    1,
    1,
    1,
    1,
    1,
    1,
    1,
    1,
    1,
    1,
    1,
    1,
    1,
    1,
    1,
    1,
    1,
    1,
    1,
    1,
    1,
    1,
    1,
    1,
    1,
    1,
    1,
    1,
    1,
    1,
    1,
    1,
    1,
    1,
    1,
    1,
    1,
    1,
    1,
    1,
    1,
    1,
    1,
    1,
    1,
    1,
    1,
    1,
    1,
    1,
    1,
    1,
    1,
    1,
    1,
    1,
    1,
    1,
    1,
    1,
    1,
    1,
    1,
    1,
    1,
    1,
    1,
    1,
    1,
    1,
    1,
    1,
    1,
    1,
    1,
    1,
    1,
    1,
    1,
    1,
    1,
    1,
    1,
    1,
    1,
    1,
    1,
    1,
    1,
    1,
    1,
    1,
    1,
    1,
    1,
    1,
    1,
    1,
    1,
    1,
    1,
    1,
    1,
    1,
    1,
    1,
    1,
    1,
    1,
    1,
    1,
    1,
    1,
    1,
    1,
    1,
    1,
    1,
    1,
    1,
    1,
    1,
    1,
    1,
    1,
    1,
    1,
    1,
    1,
    1,
    1,
    1,
    1,
    1,
    1,
    1,
    1,
    1,
    1,
    1,
    1,
    1,
    1,
    1,
    1,
    1,
    1,
    1,
    1,
    1,
    1,
    1,
    1,
    1,
    1,
    1,
    1,
    1,
    1,
    1,
    1,
    1,
    1,
    1,
    1,
    1,
    1,
    1,
    1,
    1,
    1,
    1,
    1,
    1,
    1,
    1,
    1,
    1,
    1,
    1,
    1,
    1,
    1,
    1,
    1,
    1,
    1,
    1,
    1,
    1,
    1,
    1,
    1,
    1,
    1,
    1,
    1,
    1,
    1,
    1,
    1,
    1
  ],
  "verification": {
    "initial_state_digest": "78ce971242a7557514707d3ab419071cb5dd920d1285075700bf600c5ea4b19c",
    "training_data_digest": "49b649b90022425464edb4b1be04c5562b07f69a4415eff8e2608684142c7527"
  }
}