{
  "regime": "continuous",
  "final_loss": 0.0006556838052347302,
  "training_time": 4.052596807479858,
  "duty_cycle": 100.0,
  "epochs": 3000,
  "use_solar": false,
  "adaptive_reg": false,
  "losses": [
    0.07726972550153732,
    0.011213814839720726,
    0.01017809845507145,
    0.009176047518849373,
    0.008414823561906815,
    0.008162560872733593,
    0.008120395243167877,
    0.00801758747547865,
    0.007963031530380249,
    0.007905681617558002,
    0.007853534072637558,
    0.007799863815307617,
    0.007746371906250715,
    0.0076923733577132225,
    0.007637989707291126,
    0.0075833494774997234,
    0.0075285048224031925,
    0.007473509293049574,
    0.007418418303132057,
    0.007363275624811649,
    0.007308121304959059,
    0.007252990733832121,
    0.007197914179414511,
    0.007142919115722179,
    0.007088031154125929,
    0.007033273112028837,
    0.006978665012866259,
    0.006924229208379984,
    0.006869983859360218,
    0.00681594293564558,
    0.006762124132364988,
    0.006708539091050625,
    0.006655206438153982,
    0.0066021340899169445,
    0.006549334619194269,
    0.006496819667518139,
    0.0064445980824530125,
    0.006392677780240774,
    0.006341067608445883,
    0.006289775017648935,
    0.006238807924091816,
    0.006188169587403536,
    0.006137866526842117,
    0.006087903399020433,
    0.00603828439489007,
    0.005989013239741325,
    0.0059400927275419235,
    0.0058915261179208755,
    0.005843314342200756,
    0.005795460660010576,
    0.005747964605689049,
    0.005700829904526472,
    0.00565405422821641,
    0.005607639905065298,
    0.005561587400734425,
    0.005515895783901215,
    0.005470563657581806,
    0.005425591953098774,
    0.005380978807806969,
    0.00533672422170639,
    0.00529282633215189,
    0.005249283742159605,
    0.0052060955204069614,
    0.005163258872926235,
    0.005120772868394852,
    0.005078634712845087,
    0.005036843940615654,
    0.004995396360754967,
    0.004954291973263025,
    0.0049135275185108185,
    0.0048731002025306225,
    0.004833007697016001,
    0.004793248139321804,
    0.0047538187354803085,
    0.004714717622846365,
    0.004675941076129675,
    0.004637485835701227,
    0.004599350970238447,
    0.004561533220112324,
    0.004524029325693846,
    0.004486837424337864,
    0.004449954256415367,
    0.004413377493619919,
    0.0043771034106612206,
    0.004341131076216698,
    0.004305456764996052,
    0.004270076751708984,
    0.0042349896393716335,
    0.004200193099677563,
    0.004165682941675186,
    0.004131458234041929,
    0.004097513854503632,
    0.004063849803060293,
    0.004030461888760328,
    0.003997349180281162,
    0.003964506555348635,
    0.003931933082640171,
    0.003899626201018691,
    0.003867583116516471,
    0.0038358019664883614,
    0.0038042785599827766,
    0.0037730124313384295,
    0.0037419996224343777,
    0.0037112394347786903,
    0.0036807272117584944,
    0.0036504624877125025,
    0.003620442468672991,
    0.003590664593502879,
    0.003561127232387662,
    0.003531827824190259,
    0.003502763109281659,
    0.0034739328548312187,
    0.003445333568379283,
    0.00341696385294199,
    0.0033888211473822594,
    0.003360902890563011,
    0.0033332083839923143,
    0.0033057346008718014,
    0.003278479678556323,
    0.003251441987231374,
    0.0032246189657598734,
    0.003198009915649891,
    0.0031716120429337025,
    0.0031454230193048716,
    0.003119442379102111,
    0.0030936668626964092,
    0.0030680957715958357,
    0.0030427263118326664,
    0.0030175575520843267,
    0.002992587862536311,
    0.0029678146820515394,
    0.0029432368464767933,
    0.002918852958828211,
    0.002894660923629999,
    0.0028706593438982964,
    0.0028468461241573095,
    0.002823220333084464,
    0.0027997803408652544,
    0.0027765240520238876,
    0.002753450768068433,
    0.0027305579278618097,
    0.0027078448329120874,
    0.002685309387743473,
    0.0026629508938640356,
    0.002640767488628626,
    0.0026187575422227383,
    0.0025969198904931545,
    0.002575252903625369,
    0.00255375518463552,
    0.0025324260350316763,
    0.002511262893676758,
    0.002490265527740121,
    0.00246943230740726,
    0.0024487613700330257,
    0.0024282520171254873,
    0.0024079023860394955,
    0.002387712011113763,
    0.0023676787968724966,
    0.0023478022776544094,
    0.002328080590814352,
    0.002308512572199106,
    0.00228909682482481,
    0.002269832883030176,
    0.002250719117000699,
    0.002231753896921873,
    0.0022129362914711237,
    0.002194266067817807,
    0.002175740897655487,
    0.0021573600824922323,
    0.0021391224581748247,
    0.002121026860550046,
    0.002103072125464678,
    0.002085257088765502,
    0.0020675805862993,
    0.002050042385235429,
    0.002032640390098095,
    0.0020153739023953676,
    0.0019982417579740286,
    0.0019812430255115032,
    0.001964376773685217,
    0.0019476417219266295,
    0.0019310368224978447,
    0.0019145611440762877,
    0.0018982141045853496,
    0.0018819941906258464,
    0.0018659004708752036,
    0.0018499321304261684,
    0.0018340878887102008,
    0.0018183670472353697,
    0.0018027684418484569,
    0.0017872918397188187,
    0.0017719354946166277,
    0.0017566985916346312,
    0.0017415806651115417,
    0.0017265800852328539,
    0.0017116963863372803,
    0.00169692886993289,
    0.0016822764882817864,
    0.0016677379608154297,
    0.0016533125890418887,
    0.0016390001401305199,
    0.0016247989842668176,
    0.0016107084229588509,
    0.0015967278741300106,
    0.001582856522873044,
    0.0015690929722040892,
    0.0015554371057078242,
    0.0015418875264003873,
    0.001528443768620491,
    0.0015151049010455608,
    0.0015018704580143094,
    0.0014887391589581966,
    0.001475710654631257,
    0.0014627835480496287,
    0.001449957606382668,
    0.0014372323639690876,
    0.00142460607457906,
    0.0014120788546279073,
    0.001399649539962411,
    0.001387317548505962,
    0.001375082298181951,
    0.0013629428576678038,
    0.001350898528471589,
    0.0013389484956860542,
    0.0013270924100652337,
    0.0013153291074559093,
    0.0013036583550274372,
    0.001292079221457243,
    0.0012805912410840392,
    0.0012691932497546077,
    0.0012578850146383047,
    0.0012466659536585212,
    0.0012355351354926825,
    0.0012244920944795012,
    0.0012135361321270466,
    0.0012026665499433875,
    0.001191882649436593,
    0.0011811840813606977,
    0.0011705701472237706,
    0.0011600400321185589,
    0.0011495931539684534,
    0.0011392290471121669,
    0.001128947245888412,
    0.0011187468189746141,
    0.0011086276499554515,
    0.001098588458262384,
    0.0010886292438954115,
    0.0010787491919472814,
    0.001068947953172028,
    0.001059224596247077,
    0.0010495790047571063,
    0.0010400102473795414,
    0.0010305180912837386,
    0.0010211016051471233,
    0.0010117606725543737,
    0.0010024945950135589,
    0.0009933026740327477,
    0.000984184560365975,
    0.0009751396719366312,
    0.0009661677177064121,
    0.0009572677663527429,
    0.000948439643252641,
    0.0009396824752911925,
    0.0009309962042607367,
    0.0009223802480846643,
    0.0009138337336480618,
    0.0009053566609509289,
    0.000896948273293674,
    0.0008886080468073487,
    0.0008803356322459877,
    0.0008721305639483035,
    0.0008639923762530088,
    0.0008559203706681728,
    0.0008479144307784736,
    0.0008399738580919802,
    0.0008320981869474053,
    0.0008242870098911226,
    0.0008165400940924883,
    0.0008088565664365888,
    0.0008012363105081022,
    0.0007936788024380803,
    0.0007861836347728968,
    0.0007787502254359424,
