{
  "regime": "passive",
  "final_loss": 0.002513371640816331,
  "training_time": 2.013880968093872,
  "duty_cycle": 50.0,
  "epochs": 3000,
  "use_solar": true,
  "adaptive_reg": false,
  "losses": [
    0.07726972550153732,
    0.011213814839720726,
    0.01017809845507145,
    0.009176047518849373,
    0.008414823561906815,
    0.008162560872733593,
    0.008120395243167877,
    0.00801758747547865,
    0.007963031530380249,
    0.007905681617558002,
    0.007853534072637558,
    0.007799863815307617,
    0.007746371906250715,
    0.0076923733577132225,
    0.007637989707291126,
    0.0075833494774997234,
    0.0075285048224031925,
    0.007473509293049574,
    0.007418418303132057,
    0.007363275624811649,
    0.007308121304959059,
    0.007252990733832121,
    0.007197914179414511,
    0.007142919115722179,
    0.007088031154125929,
    0.007033273112028837,
    0.006978665012866259,
    0.006924229208379984,
    0.006869983859360218,
    0.00681594293564558,
    0.006762124132364988,
    0.006708539091050625,
    0.006655206438153982,
    0.0066021340899169445,
    0.006549334619194269,
    0.006496819667518139,
    0.0064445980824530125,
    0.006392677780240774,
    0.006341067608445883,
    0.006289775017648935,
    0.006238807924091816,
    0.006188169587403536,
    0.006137866526842117,
    0.006087903399020433,
    0.00603828439489007,
    0.005989013239741325,
    0.0059400927275419235,
    0.0058915261179208755,
    0.005843314342200756,
    0.005795460660010576,
    0.005747964605689049,
    0.005700829904526472,
    0.00565405422821641,
    0.005607639905065298,
    0.005561587400734425,
    0.005515895783901215,
    0.005470563657581806,
    0.005425591953098774,
    0.005380978807806969,
    0.00533672422170639,
    0.00529282633215189,
    0.005249283742159605,
    0.0052060955204069614,
    0.005163258872926235,
    0.005120772868394852,
    0.005078634712845087,
    0.005036843940615654,
    0.004995396360754967,
    0.004954291973263025,
    0.0049135275185108185,
    0.0048731002025306225,
    0.004833007697016001,
    0.004793248139321804,
    0.0047538187354803085,
    0.004714717622846365,
    0.004675941076129675,
    0.004637485835701227,
    0.004599350970238447,
    0.004561533220112324,
    0.004524029325693846,
    0.004486837424337864,
    0.004449954256415367,
    0.004413377493619919,
    0.0043771034106612206,
    0.004341131076216698,
    0.004305456764996052,
    0.004270076751708984,
    0.0042349896393716335,
    0.004200193099677563,
    0.004165682941675186,
    0.004131458234041929,
    0.004097513854503632,
    0.004063849803060293,
    0.004030461888760328,
    0.003997349180281162,
    0.003964506555348635,
    0.003931933082640171,
    0.003899626201018691,
    0.003867583116516471,
    0.0038358019664883614,
    0.0038042785599827766,
    0.0037730124313384295,
    0.0037419996224343777,
    0.0037112394347786903,
    0.0036807272117584944,
    0.0036504624877125025,
    0.003620442468672991,
    0.003590664593502879,
    0.003561127232387662,
    0.003531827824190259,
    0.003502763109281659,
    0.0034739328548312187,
    0.003445333568379283,
    0.00341696385294199,
    0.0033888211473822594,
    0.003360902890563011,
    0.0033332083839923143,
    0.0033057346008718014,
    0.003278479678556323,
    0.003251441987231374,
    0.0032246189657598734,
    0.003198009915649891,
    0.0031716120429337025,
    0.0031454230193048716,
    0.003119442379102111,
    0.0030936668626964092,
    0.0030680957715958357,
    0.0030427263118326664,
    0.0030175575520843267,
    0.002992587862536311,
    0.0029678146820515394,
    0.0029432368464767933,
    0.002918852958828211,
    0.002894660923629999,
    0.0028706593438982964,
    0.0028468461241573095,
    0.002823220333084464,
    0.0027997803408652544,
    0.0027765240520238876,
    0.002753450768068433,
    0.0027305579278618097,
    0.0027078448329120874,
    0.002685309387743473,
    0.0026629508938640356,
    0.002640767488628626,
    0.0026187575422227383,
    0.0025969198904931545,
    0.002575252903625369,
    0.00255375518463552,
    0.0025324260350316763
  ],
  "duty_log": [
    1,
    1,
    1,
    1,
    1,
    1,
    1,
    1,
    1,
    1,
    1,
    1,
    1,
    1,
    1,
    1,
    1,
    1,
    1,
    1,
    1,
    1,
    1,
    1,
    1,
    1,
    1,
    1,
    1,
    1,
    1,
    1,
    1,
    1,
    1,
    1,
    1,
    1,
    1,
    1,
    1,
    1,
    1,
    1,
    1,
    1,
    1,
    1,
    1,
    1,
    1,
    1,
    1,
    1,
    1,
    1,
    1,
    1,
    1,
    1,
    1,
    1,
    1,
    1,
    1,
    1,
    1,
    1,
    1,
    1,
    1,
    1,
    1,
    1,
    1,
    1,
    1,
    1,
    1,
    1,
    1,
    1,
    1,
    1,
    1,
    1,
    1,
    1,
    1,
    1,
    1,
    1,
    1,
    1,
    1,
    1,
    1,
    1,
    1,
    1,
    1,
    1,
    1,
    1,
    1,
    1,
    1,
    1,
    1,
    1,
    1,
    1,
    1,
    1,
    1,
    1,
    1,
    1,
    1,
    1,
    1,
    1,
    1,
    1,
    1,
    1,
    1,
    1,
    1,
    1,
    1,
    1,
    1,
    1,
    1,
    1,
    1,
    1,
    1,
    1,
    1,
    1,
    1,
    1,
    1,
    1,
    1,
    1,
    1,
    1,
    1,
    1,
    1,
    1,
    1,
    1,
    1,
    1,
    1,
    1,
    1,
    1,
    1,
    1,
    1,
    1,
    1,
    1,
    1,
    1,
    1,
    1,
    1,
    1,
    1,
    1,
    1,
    1,
    1,
    1,
    1,
    1,
    1,
    1,
    1,
    1,
    1,
    1,
    1,
    1,
    1,
    1,
    1,
    1,
    1,
    1,
    1,
    1,
    1,
    1,
    1,
    1,
    1,
    1,
    1,
    1,
    1,
    1,
    1,
    1,
    1,
    1,
    1,
    1,
    1,
    1,
    1,
    1,
    1,
    1,
    1,
    1,
    1,
    1,
    1,
    1,
    1,
    1,
    1,
    1,
    1,
    1,
    1,
    1,
    1,
    1,
    1,
    1,
    1,
    1,
    1,
    1,
    1,
    1,
    1,
    1,
    1,
    1,
    1,
    1,
    1,
    1,
    1,
    1,
    1,
    1,
    1,
    1,
    1,
    1,
    1,
    1,
    1,
    1,
    1,
    1,
    1,
    1,
    1,
    1,
    1,
    1,
    1,
    1,
    1,
    1,
    1,
    1,
    1,
    1,
    1,
    1,
    1,
    1,
    1,
    1,
    1,
    1,
    1,
    1,
    1,
    1,
    1,
    1,
    1,
    1,
    1,
    1,
    1,
    1
  ],
  "verification": {
    "initial_state_digest": "78ce971242a7557514707d3ab419071cb5dd920d1285075700bf600c5ea4b19c",
    "training_data_digest": "49b649b90022425464edb4b1be04c5562b07f69a4415eff8e2608684142c7527"
  }
}