{
  "estimators": {
    "submitted": "100 * (mean(E_B) - mean(E_C)) / mean(E_C)  -- ratio of means",
    "log_ratio": "mean_i log(E_B,i / E_C,i), reported as exp(.) -- scale-invariant"
  },
  "note": "re-analysis of archived per-seed data; no retraining. The log-ratio cannot sign-flip under a change of normalization base, which is why it resolves the memristor.",
  "problems": {
    "burgers": {
      "n": 10,
      "submitted_pct": {
        "value": -3.2353178581230364,
        "ci95": [
          -4.393979219574641,
          -2.204850680689262
        ]
      },
      "log_ratio": {
        "mean_log": -0.03305625703491433,
        "factor": 0.9674841302695347,
        "factor_ci95": [
          0.95589792276386,
          0.9778824624258103
        ],
        "as_pct": -3.2515869730465274,
        "as_pct_ci95": [
          -4.410207723614001,
          -2.211753757418966
        ],
        "resolved": true
      }
    },
    "allen_cahn": {
      "n": 10,
      "submitted_pct": {
        "value": 97.59647288278943,
        "ci95": [
          66.56514342964743,
          128.74940943966612
        ]
      },
      "log_ratio": {
        "mean_log": 0.6475056854476402,
        "factor": 1.910768821566386,
        "factor_ci95": [
          1.6180738132276522,
          2.235914292252594
        ],
        "as_pct": 91.0768821566386,
        "as_pct_ci95": [
          61.807381322765224,
          123.59142922525939
        ],
        "resolved": true
      }
    },
    "laplace": {
      "n": 10,
      "submitted_pct": {
        "value": 41.52859691584966,
        "ci95": [
          12.005192106639695,
          78.995245103525
        ]
      },
      "log_ratio": {
        "mean_log": 0.28621007283500405,
        "factor": 1.3313721109910275,
        "factor_ci95": [
          1.1093280367258362,
          1.6531858501730359
        ],
        "as_pct": 33.13721109910275,
        "as_pct_ci95": [
          10.932803672583624,
          65.31858501730359
        ],
        "resolved": true
      }
    },
    "memristor": {
      "n": 10,
      "submitted_pct": {
        "value": 306.4218109322737,
        "ci95": [
          -69.26050957990911,
          714.4120815960276
        ]
      },
      "log_ratio": {
        "mean_log": -0.5976456554142282,
        "factor": 0.5501052500069938,
        "factor_ci95": [
          0.15521179864961862,
          2.2322027373525954
        ],
        "as_pct": -44.98947499930062,
        "as_pct_ci95": [
          -84.47882013503813,
          123.22027373525954
        ],
        "resolved": false
      }
    },
    "wave": {
      "n": 10,
      "submitted_pct": {
        "value": 3474.4097624536985,
        "ci95": [
          29.582820207396566,
          9676.963602865095
        ]
      },
      "log_ratio": {
        "mean_log": 0.9084019792484714,
        "factor": 2.4803557048043365,
        "factor_ci95": [
          0.7016544880772615,
          10.067253355308878
        ],
        "as_pct": 148.03557048043365,
        "as_pct_ci95": [
          -29.83455119227385,
          906.7253355308878
        ],
        "resolved": false
      }
    },
    "heat": {
      "n": 10,
      "submitted_pct": {
        "value": 176.800966646706,
        "ci95": [
          85.16219001211086,
          304.71493470534057
        ]
      },
      "log_ratio": {
        "mean_log": 0.8342015261464759,
        "factor": 2.3029744490658977,
        "factor_ci95": [
          1.5190129706647615,
          3.338057995710297
        ],
        "as_pct": 130.29744490658976,
        "as_pct_ci95": [
          51.90129706647615,
          233.8057995710297
        ],
        "resolved": true
      }
    },
    "advection": {
      "n": 10,
      "submitted_pct": {
        "value": 620.0191625730798,
        "ci95": [
          239.2380757291457,
          1118.234237892464
        ]
      },
      "log_ratio": {
        "mean_log": 1.4926929229331125,
        "factor": 4.449060378274565,
        "factor_ci95": [
          2.31717299977773,
          8.310792133674251
        ],
        "as_pct": 344.9060378274565,
        "as_pct_ci95": [
          131.71729997777302,
          731.0792133674252
        ],
        "resolved": true
      }
    }
  }
}