{
  "regime": "active",
  "final_loss": 0.01572130061686039,
  "training_time": 45.611013889312744,
  "duty_cycle": 50.0,
  "epochs": 3000,
  "node_num": 16,
  "use_solar": true,
  "adaptive_reg": true,
  "losses": [
    0.9834933280944824,
    0.8766065239906311,
    0.8069841861724854,
    0.7429587841033936,
    0.6801796555519104,
    0.6193673014640808,
    0.5575896501541138,
    0.49987873435020447,
    0.4536799490451813,
    0.4218716025352478,
    0.3956085443496704,
    0.3721368908882141,
    0.35206300020217896,
    0.3369773030281067,
    0.32404693961143494,
    0.3131936490535736,
    0.30269309878349304,
    0.2916114032268524,
    0.279305100440979,
    0.2650078237056732,
    0.24802136421203613,
    0.22777050733566284,
    0.2037939876317978,
    0.17634932696819305,
    0.14728517830371857,
    0.11982094496488571,
    0.09580223262310028,
    0.07638472318649292,
    0.06197597458958626,
    0.050390295684337616,
    0.041906699538230896,
    0.03626730665564537,
    0.03131164610385895,
    0.027881773188710213,
    0.025234945118427277,
    0.023031778633594513,
    0.022545821964740753,
    0.02054891549050808,
    0.01921745017170906,
    0.018270112574100494,
    0.017619676887989044,
    0.017046336084604263,
    0.016642708331346512,
    0.017074966803193092,
    0.016033411026000977,
    0.01571584679186344,
    0.015543211251497269,
    0.015364793129265308,
    0.015291616320610046,
    0.01561734639108181,
    0.015149280428886414,
    0.015034021809697151,
    0.01494551170617342,
    0.014960478991270065,
    0.01498139463365078,
    0.015241367742419243,
    0.014902984723448753,
    0.014794906601309776,
    0.014840785413980484,
    0.015111766755580902,
    0.014747279696166515,
    0.014831604436039925,
    0.014751255512237549,
    0.01482866145670414,
    0.014998024329543114,
    0.01481134258210659,
    0.014796296134591103,
    0.014803550206124783,
    0.014752669259905815,
    0.014742277562618256,
    0.014731630682945251,
    0.014741290360689163,
    0.01480543427169323,
    0.01592540368437767,
    0.015078365802764893,
    0.014767561107873917,
    0.014786558225750923,
    0.014787957072257996,
    0.014785341918468475,
    0.0147901251912117,
    0.01480107568204403,
    0.014838301576673985,
    0.015818919986486435,
    0.015282590873539448,
    0.014886976219713688,
    0.01488849613815546,
    0.014881971292197704,
    0.014869548380374908,
    0.01488372590392828,
    0.014893756248056889,
    0.014940931461751461,
    0.016344044357538223,
    0.015358936041593552,
    0.014997392892837524,
    0.014985719695687294,
    0.014982230961322784,
    0.014984865672886372,
    0.014990502968430519,
    0.014999228529632092,
    0.015012789517641068,
    0.015027983114123344,
    0.015146329067647457,
    0.016499008983373642,
    0.015110282227396965,
    0.015223868191242218,
    0.01511167362332344,
    0.015124654397368431,
    0.01511852815747261,
    0.015129882842302322,
    0.015143455937504768,
    0.015156391076743603,
    0.015170171856880188,
    0.015184875577688217,
    0.015266281552612782,
    0.016328420490026474,
    0.015441407449543476,
    0.015267377719283104,
    0.015263526700437069,
    0.015276053920388222,
    0.015289075672626495,
    0.015294155105948448,
    0.015310322865843773,
    0.015378839336335659,
    0.017231963574886322,
    0.015842195600271225,
    0.015423944219946861,
    0.015451431274414062,
    0.015394169837236404,
    0.015417749062180519,
    0.01542619802057743,
    0.015437344089150429,
    0.015450713224709034,
    0.015464367344975471,
    0.015478262677788734,
    0.015492340549826622,
    0.015506748110055923,
    0.015534946694970131,
    0.016919223591685295,
    0.016683895140886307,
    0.015785470604896545,
    0.015624025836586952,
    0.01559658907353878,
    0.015614381991326809,
    0.015629585832357407,
    0.0156380794942379,
    0.015651807188987732,
    0.015665840357542038,
    0.015680089592933655,
    0.015694240108132362,
    0.01570848375558853
  ],
  "duty_log": [
    1,
    1,
    1,
    1,
    1,
    1,
    1,
    1,
    1,
    1,
    1,
    1,
    1,
    1,
    1,
    1,
    1,
    1,
    1,
    1,
    1,
    1,
    1,
    1,
    1,
    1,
    1,
    1,
    1,
    1,
    1,
    1,
    1,
    1,
    1,
    1,
    1,
    1,
    1,
    1,
    1,
    1,
    1,
    1,
    1,
    1,
    1,
    1,
    1,
    1,
    1,
    1,
    1,
    1,
    1,
    1,
    1,
    1,
    1,
    1,
    1,
    1,
    1,
    1,
    1,
    1,
    1,
    1,
    1,
    1,
    1,
    1,
    1,
    1,
    1,
    1,
    1,
    1,
    1,
    1,
    1,
    1,
    1,
    1,
    1,
    1,
    1,
    1,
    1,
    1,
    1,
    1,
    1,
    1,
    1,
    1,
    1,
    1,
    1,
    1,
    1,
    1,
    1,
    1,
    1,
    1,
    1,
    1,
    1,
    1,
    1,
    1,
    1,
    1,
    1,
    1,
    1,
    1,
    1,
    1,
    1,
    1,
    1,
    1,
    1,
    1,
    1,
    1,
    1,
    1,
    1,
    1,
    1,
    1,
    1,
    1,
    1,
    1,
    1,
    1,
    1,
    1,
    1,
    1,
    1,
    1,
    1,
    1,
    1,
    1,
    1,
    1,
    1,
    1,
    1,
    1,
    1,
    1,
    1,
    1,
    1,
    1,
    1,
    1,
    1,
    1,
    1,
    1,
    1,
    1,
    1,
    1,
    1,
    1,
    1,
    1,
    1,
    1,
    1,
    1,
    1,
    1,
    1,
    1,
    1,
    1,
    1,
    1,
    1,
    1,
    1,
    1,
    1,
    1,
    1,
    1,
    1,
    1,
    1,
    1,
    1,
    1,
    1,
    1,
    1,
    1,
    1,
    1,
    1,
    1,
    1,
    1,
    1,
    1,
    1,
    1,
    1,
    1,
    1,
    1,
    1,
    1,
    1,
    1,
    1,
    1,
    1,
    1,
    1,
    1,
    1,
    1,
    1,
    1,
    1,
    1,
    1,
    1,
    1,
    1,
    1,
    1,
    1,
    1,
    1,
    1,
    1,
    1,
    1,
    1,
    1,
    1,
    1,
    1,
    1,
    1,
    1,
    1,
    1,
    1,
    1,
    1,
    1,
    1,
    1,
    1,
    1,
    1,
    1,
    1,
    1,
    1,
    1,
    1,
    1,
    1,
    1,
    1,
    1,
    1,
    1,
    1,
    1,
    1,
    1,
    1,
    1,
    1,
    1,
    1,
    1,
    1,
    1,
    1,
    1,
    1,
    1,
    1,
    1,
    1
  ],
  "verification": {
    "initial_state_digest": "13b82332629883734ae60a1fa49896b533bd806f7d69b0620a7e85084cfd4ec6",
    "training_data_digest": "406df6a224d80afd8c73c66e4dca961c342146bb8ede40b174e2b7781b85de4f"
  }
}