{
  "regime": "continuous",
  "final_loss": 0.012515027076005936,
  "training_time": 93.82460737228394,
  "duty_cycle": 100.0,
  "epochs": 3000,
  "node_num": 16,
  "use_solar": false,
  "adaptive_reg": false,
  "losses": [
    0.9834933280944824,
    0.8765941858291626,
    0.8069591522216797,
    0.7429208755493164,
    0.6801285147666931,
    0.6193023920059204,
    0.5575101375579834,
    0.4997841715812683,
    0.45356985926628113,
    0.4217451810836792,
    0.39546453952789307,
    0.37197455763816833,
    0.3518848419189453,
    0.33678334951400757,
    0.3238371014595032,
    0.31296664476394653,
    0.30244752764701843,
    0.29134514927864075,
    0.2790156602859497,
    0.264691561460495,
    0.24767404794692993,
    0.22738701105117798,
    0.20336946845054626,
    0.17588044703006744,
    0.14670224487781525,
    0.11914893239736557,
    0.09519416093826294,
    0.07579383999109268,
    0.06136869639158249,
    0.05005943775177002,
    0.041579097509384155,
    0.0353570356965065,
    0.03095456026494503,
    0.02721993252635002,
    0.02453707903623581,
    0.022489676252007484,
    0.020898714661598206,
    0.019501157104969025,
    0.01839587092399597,
    0.018193941563367844,
    0.016986418515443802,
    0.01622888259589672,
    0.015778975561261177,
    0.015316642820835114,
    0.015319432131946087,
    0.015377826988697052,
    0.014628630131483078,
    0.014386968687176704,
    0.014265342615544796,
    0.014144516550004482,
    0.014031471684575081,
    0.013940108940005302,
    0.013864467851817608,
    0.013795113191008568,
    0.013739670626819134,
    0.014956625178456306,
    0.014001576229929924,
    0.013623565435409546,
    0.013571089133620262,
    0.013540335930883884,
    0.013500520959496498,
    0.013467610813677311,
    0.013441657647490501,
    0.013414506800472736,
    0.013389695435762405,
    0.013366244733333588,
    0.013344373553991318,
    0.013334419578313828,
    0.013613296672701836,
    0.013423984870314598,
    0.013287646695971489,
    0.013253029435873032,
    0.013290317729115486,
    0.01543690450489521,
    0.013898583129048347,
    0.013431943021714687,
    0.013266803696751595,
    0.013194702565670013,
    0.013162072747945786,
    0.013150090351700783,
    0.013138996437191963,
    0.013126321136951447,
    0.01311555691063404,
    0.013105025514960289,
    0.013094697147607803,
    0.013084618374705315,
    0.013074797578155994,
    0.013065235689282417,
    0.013059134595096111,
    0.013599179685115814,
    0.013898346573114395,
    0.013341855257749557,
    0.013151207938790321,
    0.013038967736065388,
    0.013010375201702118,
    0.013005886226892471,
    0.012994611635804176,
    0.012986747547984123,
    0.012979043647646904,
    0.01297182496637106,
    0.012964736670255661,
    0.012957712635397911,
    0.01295084971934557,
    0.012944124639034271,
    0.012941144406795502,
    0.01345834694802761,
    0.013507122173905373,
    0.013054312206804752,
    0.01300925575196743,
    0.012929273769259453,
    0.012902616523206234,
    0.012902451679110527,
    0.012892663478851318,
    0.012885591946542263,
    0.012879792600870132,
    0.012873990461230278,
    0.012868441641330719,
    0.012862910516560078,
    0.012857494875788689,
    0.012852152809500694,
    0.012848692014813423,
    0.01306728832423687,
    0.013371174223721027,
    0.012983741238713264,
    0.012879934161901474,
    0.012858295813202858,
    0.01283387653529644,
    0.012816798873245716,
    0.012810774147510529,
    0.012805403210222721,
    0.01280058640986681,
    0.012795770540833473,
    0.012791188433766365,
    0.012786604464054108,
    0.01278209313750267,
    0.012778623029589653,
    0.01289151981472969,
    0.014617471024394035,
    0.01353346649557352,
    0.012934488244354725,
    0.012785328552126884,
    0.01275627687573433,
    0.01275536697357893,
    0.012750891968607903,
    0.01274195872247219,
    0.01273832656443119,
    0.012733777984976768,
    0.012729881331324577,
    0.012725850567221642,
    0.012721884995698929,
    0.01271793618798256,
    0.012714006006717682,
    0.012710082344710827,
    0.012706202454864979,
    0.01270702388137579,
    0.01374050509184599,
    0.013100897893309593,
    0.012820322997868061,
    0.012718886137008667,
    0.01269792765378952,
    0.012683596462011337,
    0.012680159881711006,
    0.012674795463681221,
    0.012671620585024357,
    0.012681580148637295,
    0.013712539337575436,
    0.013431131839752197,
    0.01274200901389122,
    0.012804551981389523,
    0.012652328237891197,
    0.012667669914662838,
    0.012644777074456215,
    0.012643618509173393,
    0.012639161199331284,
    0.012635096907615662,
    0.012631641700863838,
    0.012628312222659588,
    0.012624971568584442,
    0.012621658854186535,
    0.012618355453014374,
    0.012615079060196877,
    0.012612229213118553,
    0.01265003252774477,
    0.016166329383850098,
    0.012656129896640778,
    0.01275294553488493,
    0.012689981609582901,
    0.012643305584788322,
    0.01260814443230629,
    0.012590056285262108,
    0.01258612610399723,
    0.01258331723511219,
    0.012579431757330894,
    0.012576482258737087,
    0.012573367916047573,
    0.012570304796099663,
    0.012567266821861267,
    0.012564229778945446,
    0.012561190873384476,
    0.01255815103650093,
    0.012555278837680817,
    0.012570491060614586,
    0.014060764573514462,
    0.012587964534759521,
    0.01266368106007576,
    0.012606505304574966,
    0.012558512389659882,
    0.012535957619547844,
    0.01253436878323555,
    0.012543875724077225,
    0.013302961364388466,
    0.012711790390312672,
    0.012929386459290981,
    0.012539535760879517,
    0.0125669464468956,
    0.012514209374785423,
    0.012518198229372501,
    0.012510189786553383,
    0.012505579739809036,
    0.012502644211053848,
    0.012499894946813583,
    0.012497159652411938,
    0.012494366616010666,
    0.012491594068706036,
    0.012488818727433681,
    0.012486058287322521,
    0.012483904138207436,
    0.012539362534880638,
    0.01620389148592949,
    0.01252956222742796,
    0.012559067457914352,
    0.012525780126452446,
    0.012508772313594818,
    0.012483013793826103,
    0.012467417865991592,
    0.012461189180612564,
    0.01245917845517397,
    0.012455904856324196,
    0.012453324161469936,
    0.01245062705129385,
    0.012448027729988098,
    0.012445405125617981,
    0.012442782521247864,
    0.012440154328942299,
    0.012437527067959309,
    0.012435002252459526,
    0.012442915700376034,
    0.01376863569021225,
    0.012859750539064407,
    0.012640722095966339,
    0.012481747195124626,
    0.012429066002368927,
    0.012419376522302628,
    0.012417996302247047,
    0.0124140540137887,
    0.012410139665007591,
    0.012407679110765457,
    0.012405283749103546,
    0.01242607831954956,
    0.015041209757328033,
    0.013460631482303143,
    0.012855831533670425,
    0.01248851791024208,
    0.012397286482155323,
    0.01239672303199768,
    0.012394946068525314,
    0.012385286390781403,
    0.01238285657018423,
    0.012380046769976616,
    0.012377601116895676,
    0.012375111691653728,
    0.01237272098660469,
    0.012370324693620205,
    0.012367920950055122,
    0.01236551720649004,
    0.012363103218376637,
    0.01236068643629551,
    0.012358264997601509,
    0.012355832383036613,
    0.012353399768471718,
    0.012351036071777344,
    0.0123545341193676,
    0.013286218978464603,
    0.013587240129709244,
    0.012595320120453835,
    0.012428369373083115,
    0.012385893613100052,
    0.012355716899037361,
    0.012340256944298744,
    0.012333225458860397,
    0.012329572811722755,
