{
  "regime": "passive",
  "final_loss": 0.012718331068754196,
  "training_time": 46.16355562210083,
  "duty_cycle": 50.0,
  "epochs": 3000,
  "node_num": 16,
  "use_solar": true,
  "adaptive_reg": false,
  "losses": [
    0.9834933280944824,
    0.8765941858291626,
    0.8069591522216797,
    0.7429208755493164,
    0.6801285147666931,
    0.6193023920059204,
    0.5575101375579834,
    0.4997841715812683,
    0.45356985926628113,
    0.4217451810836792,
    0.39546453952789307,
    0.37197455763816833,
    0.3518848419189453,
    0.33678334951400757,
    0.3238371014595032,
    0.31296664476394653,
    0.30244752764701843,
    0.29134514927864075,
    0.2790156602859497,
    0.264691561460495,
    0.24767404794692993,
    0.22738701105117798,
    0.20336946845054626,
    0.17588044703006744,
    0.14670224487781525,
    0.11914893239736557,
    0.09519416093826294,
    0.07579383999109268,
    0.06136869639158249,
    0.05005943775177002,
    0.041579097509384155,
    0.0353570356965065,
    0.03095456026494503,
    0.02721993252635002,
    0.02453707903623581,
    0.022489676252007484,
    0.020898714661598206,
    0.019501157104969025,
    0.01839587092399597,
    0.018193941563367844,
    0.016986418515443802,
    0.01622888259589672,
    0.015778975561261177,
    0.015316642820835114,
    0.015319432131946087,
    0.015377826988697052,
    0.014628630131483078,
    0.014386968687176704,
    0.014265342615544796,
    0.014144516550004482,
    0.014031471684575081,
    0.013940108940005302,
    0.013864467851817608,
    0.013795113191008568,
    0.013739670626819134,
    0.014956625178456306,
    0.014001576229929924,
    0.013623565435409546,
    0.013571089133620262,
    0.013540335930883884,
    0.013500520959496498,
    0.013467610813677311,
    0.013441657647490501,
    0.013414506800472736,
    0.013389695435762405,
    0.013366244733333588,
    0.013344373553991318,
    0.013334419578313828,
    0.013613296672701836,
    0.013423984870314598,
    0.013287646695971489,
    0.013253029435873032,
    0.013290317729115486,
    0.01543690450489521,
    0.013898583129048347,
    0.013431943021714687,
    0.013266803696751595,
    0.013194702565670013,
    0.013162072747945786,
    0.013150090351700783,
    0.013138996437191963,
    0.013126321136951447,
    0.01311555691063404,
    0.013105025514960289,
    0.013094697147607803,
    0.013084618374705315,
    0.013074797578155994,
    0.013065235689282417,
    0.013059134595096111,
    0.013599179685115814,
    0.013898346573114395,
    0.013341855257749557,
    0.013151207938790321,
    0.013038967736065388,
    0.013010375201702118,
    0.013005886226892471,
    0.012994611635804176,
    0.012986747547984123,
    0.012979043647646904,
    0.01297182496637106,
    0.012964736670255661,
    0.012957712635397911,
    0.01295084971934557,
    0.012944124639034271,
    0.012941144406795502,
    0.01345834694802761,
    0.013507122173905373,
    0.013054312206804752,
    0.01300925575196743,
    0.012929273769259453,
    0.012902616523206234,
    0.012902451679110527,
    0.012892663478851318,
    0.012885591946542263,
    0.012879792600870132,
    0.012873990461230278,
    0.012868441641330719,
    0.012862910516560078,
    0.012857494875788689,
    0.012852152809500694,
    0.012848692014813423,
    0.01306728832423687,
    0.013371174223721027,
    0.012983741238713264,
    0.012879934161901474,
    0.012858295813202858,
    0.01283387653529644,
    0.012816798873245716,
    0.012810774147510529,
    0.012805403210222721,
    0.01280058640986681,
    0.012795770540833473,
    0.012791188433766365,
    0.012786604464054108,
    0.01278209313750267,
    0.012778623029589653,
    0.01289151981472969,
    0.014617471024394035,
    0.01353346649557352,
    0.012934488244354725,
    0.012785328552126884,
    0.01275627687573433,
    0.01275536697357893,
    0.012750891968607903,
    0.01274195872247219,
    0.01273832656443119,
    0.012733777984976768,
    0.012729881331324577,
    0.012725850567221642,
    0.012721884995698929
  ],
  "duty_log": [
    1,
    1,
    1,
    1,
    1,
    1,
    1,
    1,
    1,
    1,
    1,
    1,
    1,
    1,
    1,
    1,
    1,
    1,
    1,
    1,
    1,
    1,
    1,
    1,
    1,
    1,
    1,
    1,
    1,
    1,
    1,
    1,
    1,
    1,
    1,
    1,
    1,
    1,
    1,
    1,
    1,
    1,
    1,
    1,
    1,
    1,
    1,
    1,
    1,
    1,
    1,
    1,
    1,
    1,
    1,
    1,
    1,
    1,
    1,
    1,
    1,
    1,
    1,
    1,
    1,
    1,
    1,
    1,
    1,
    1,
    1,
    1,
    1,
    1,
    1,
    1,
    1,
    1,
    1,
    1,
    1,
    1,
    1,
    1,
    1,
    1,
    1,
    1,
    1,
    1,
    1,
    1,
    1,
    1,
    1,
    1,
    1,
    1,
    1,
    1,
    1,
    1,
    1,
    1,
    1,
    1,
    1,
    1,
    1,
    1,
    1,
    1,
    1,
    1,
    1,
    1,
    1,
    1,
    1,
    1,
    1,
    1,
    1,
    1,
    1,
    1,
    1,
    1,
    1,
    1,
    1,
    1,
    1,
    1,
    1,
    1,
    1,
    1,
    1,
    1,
    1,
    1,
    1,
    1,
    1,
    1,
    1,
    1,
    1,
    1,
    1,
    1,
    1,
    1,
    1,
    1,
    1,
    1,
    1,
    1,
    1,
    1,
    1,
    1,
    1,
    1,
    1,
    1,
    1,
    1,
    1,
    1,
    1,
    1,
    1,
    1,
    1,
    1,
    1,
    1,
    1,
    1,
    1,
    1,
    1,
    1,
    1,
    1,
    1,
    1,
    1,
    1,
    1,
    1,
    1,
    1,
    1,
    1,
    1,
    1,
    1,
    1,
    1,
    1,
    1,
    1,
    1,
    1,
    1,
    1,
    1,
    1,
    1,
    1,
    1,
    1,
    1,
    1,
    1,
    1,
    1,
    1,
    1,
    1,
    1,
    1,
    1,
    1,
    1,
    1,
    1,
    1,
    1,
    1,
    1,
    1,
    1,
    1,
    1,
    1,
    1,
    1,
    1,
    1,
    1,
    1,
    1,
    1,
    1,
    1,
    1,
    1,
    1,
    1,
    1,
    1,
    1,
    1,
    1,
    1,
    1,
    1,
    1,
    1,
    1,
    1,
    1,
    1,
    1,
    1,
    1,
    1,
    1,
    1,
    1,
    1,
    1,
    1,
    1,
    1,
    1,
    1,
    1,
    1,
    1,
    1,
    1,
    1,
    1,
    1,
    1,
    1,
    1,
    1,
    1,
    1,
    1,
    1,
    1,
    1
  ],
  "verification": {
    "initial_state_digest": "13b82332629883734ae60a1fa49896b533bd806f7d69b0620a7e85084cfd4ec6",
    "training_data_digest": "406df6a224d80afd8c73c66e4dca961c342146bb8ede40b174e2b7781b85de4f"
  }
}