{
  "regime": "active",
  "final_loss": 0.017958059906959534,
  "training_time": 46.317087173461914,
  "duty_cycle": 50.0,
  "epochs": 3000,
  "node_num": 16,
  "use_solar": true,
  "adaptive_reg": true,
  "losses": [
    3.388996124267578,
    1.134577989578247,
    1.1333256959915161,
    0.9937743544578552,
    0.9412757158279419,
    0.9024537205696106,
    0.8602326512336731,
    0.8241451978683472,
    0.7900429964065552,
    0.7589697241783142,
    0.7284256219863892,
    0.6972032785415649,
    0.6656228303909302,
    0.6330606341362,
    0.5990607738494873,
    0.5637822151184082,
    0.5280425548553467,
    0.4934599995613098,
    0.4621632397174835,
    0.43602409958839417,
    0.4158451557159424,
    0.40115803480148315,
    0.3906673789024353,
    0.3828931152820587,
    0.37668469548225403,
    0.37134745717048645,
    0.3664930462837219,
    0.36190393567085266,
    0.35745787620544434,
    0.35307812690734863,
    0.34870946407318115,
    0.34430810809135437,
    0.339836984872818,
    0.3352634310722351,
    0.3305594027042389,
    0.3257007598876953,
    0.3206678032875061,
    0.3154465854167938,
    0.31003016233444214,
    0.30442336201667786,
    0.2986493408679962,
    0.2927578091621399,
    0.28682923316955566,
    0.2809688150882721,
    0.2752794325351715,
    0.26981788873672485,
    0.26455193758010864,
    0.25935065746307373,
    0.25401896238327026,
    0.24834656715393066,
    0.24212147295475006,
    0.2351074516773224,
    0.22702807188034058,
    0.2176031619310379,
    0.20666296780109406,
    0.19433490931987762,
    0.1812322735786438,
    0.16844803094863892,
    0.15710295736789703,
    0.1476358026266098,
    0.1394902616739273,
    0.13171488046646118,
    0.12389709055423737,
    0.11606569588184357,
    0.10825029015541077,
    0.10052251815795898,
    0.09299638122320175,
    0.08575733751058578,
    0.0788663849234581,
    0.07236676663160324,
    0.06628004461526871,
    0.0606064647436142,
    0.05533451586961746,
    0.05045405402779579,
    0.04597121477127075,
    0.041918668895959854,
    0.03844175487756729,
    0.03521639108657837,
    0.03252403810620308,
    0.030293527990579605,
    0.028471332043409348,
    0.02701430581510067,
    0.025857506319880486,
    0.024934638291597366,
    0.02418787032365799,
    0.023571856319904327,
    0.023053936660289764,
    0.022611122578382492,
    0.022227276116609573,
    0.021890677511692047,
    0.021593065932393074,
    0.021456386893987656,
    0.021333834156394005,
    0.020947732031345367,
    0.020706892013549805,
    0.02051474153995514,
    0.020349256694316864,
    0.02020004577934742,
    0.020059790462255478,
    0.01992950588464737,
    0.01980804279446602,
    0.019694434478878975,
    0.01958787813782692,
    0.019487805664539337,
    0.01939369924366474,
    0.01930508203804493,
    0.01922154612839222,
    0.019142739474773407,
    0.019068405032157898,
    0.019015688449144363,
    0.01945475861430168,
    0.019090473651885986,
    0.018879996612668037,
    0.01877710595726967,
    0.01871442049741745,
    0.018668169155716896,
    0.01862233877182007,
    0.01857810840010643,
    0.01853732392191887,
    0.018498320132493973,
    0.018461260944604874,
    0.01842605322599411,
    0.018392574042081833,
    0.018360713496804237,
    0.018330421298742294,
    0.018301676958799362,
    0.018279705196619034,
    0.0190160870552063,
    0.018602315336465836,
    0.018316600471735,
    0.018189316615462303,
    0.018172767013311386,
    0.018154019489884377,
    0.018129881471395493,
    0.018113577738404274,
    0.018097691237926483,
    0.01808263175189495,
    0.018068544566631317,
    0.018055271357297897,
    0.018042724579572678,
    0.018030919134616852,
    0.01801982894539833,
    0.018011625856161118,
    0.018245087936520576,
    0.01811901293694973,
    0.018160521984100342,
    0.01799551583826542,
    0.017986156046390533,
    0.017975665628910065,
    0.01796424388885498
  ],
  "duty_log": [
    1,
    1,
    1,
    1,
    1,
    1,
    1,
    1,
    1,
    1,
    1,
    1,
    1,
    1,
    1,
    1,
    1,
    1,
    1,
    1,
    1,
    1,
    1,
    1,
    1,
    1,
    1,
    1,
    1,
    1,
    1,
    1,
    1,
    1,
    1,
    1,
    1,
    1,
    1,
    1,
    1,
    1,
    1,
    1,
    1,
    1,
    1,
    1,
    1,
    1,
    1,
    1,
    1,
    1,
    1,
    1,
    1,
    1,
    1,
    1,
    1,
    1,
    1,
    1,
    1,
    1,
    1,
    1,
    1,
    1,
    1,
    1,
    1,
    1,
    1,
    1,
    1,
    1,
    1,
    1,
    1,
    1,
    1,
    1,
    1,
    1,
    1,
    1,
    1,
    1,
    1,
    1,
    1,
    1,
    1,
    1,
    1,
    1,
    1,
    1,
    1,
    1,
    1,
    1,
    1,
    1,
    1,
    1,
    1,
    1,
    1,
    1,
    1,
    1,
    1,
    1,
    1,
    1,
    1,
    1,
    1,
    1,
    1,
    1,
    1,
    1,
    1,
    1,
    1,
    1,
    1,
    1,
    1,
    1,
    1,
    1,
    1,
    1,
    1,
    1,
    1,
    1,
    1,
    1,
    1,
    1,
    1,
    1,
    1,
    1,
    1,
    1,
    1,
    1,
    1,
    1,
    1,
    1,
    1,
    1,
    1,
    1,
    1,
    1,
    1,
    1,
    1,
    1,
    1,
    1,
    1,
    1,
    1,
    1,
    1,
    1,
    1,
    1,
    1,
    1,
    1,
    1,
    1,
    1,
    1,
    1,
    1,
    1,
    1,
    1,
    1,
    1,
    1,
    1,
    1,
    1,
    1,
    1,
    1,
    1,
    1,
    1,
    1,
    1,
    1,
    1,
    1,
    1,
    1,
    1,
    1,
    1,
    1,
    1,
    1,
    1,
    1,
    1,
    1,
    1,
    1,
    1,
    1,
    1,
    1,
    1,
    1,
    1,
    1,
    1,
    1,
    1,
    1,
    1,
    1,
    1,
    1,
    1,
    1,
    1,
    1,
    1,
    1,
    1,
    1,
    1,
    1,
    1,
    1,
    1,
    1,
    1,
    1,
    1,
    1,
    1,
    1,
    1,
    1,
    1,
    1,
    1,
    1,
    1,
    1,
    1,
    1,
    1,
    1,
    1,
    1,
    1,
    1,
    1,
    1,
    1,
    1,
    1,
    1,
    1,
    1,
    1,
    1,
    1,
    1,
    1,
    1,
    1,
    1,
    1,
    1,
    1,
    1,
    1,
    1,
    1,
    1,
    1,
    1,
    1
  ],
  "verification": {
    "initial_state_digest": "03953119abb3df05b894e11337a0de145c557e363c8d943f9acc87e71ab4539f",
    "training_data_digest": "2e6d7de0159136cf40ea66233a4bb47920b2e1385287b59544d3504ab219c389"
  }
}