{
  "regime": "continuous",
  "final_loss": 0.013205673545598984,
  "training_time": 97.2789478302002,
  "duty_cycle": 100.0,
  "epochs": 3000,
  "node_num": 16,
  "use_solar": false,
  "adaptive_reg": false,
  "losses": [
    3.388996124267578,
    1.1345655918121338,
    1.133301019668579,
    0.9937374591827393,
    0.9412263631820679,
    0.902391791343689,
    0.8601581454277039,
    0.8240577578544617,
    0.789942741394043,
    0.758856475353241,
    0.7282992601394653,
    0.6970633864402771,
    0.665469229221344,
    0.6328926682472229,
    0.5988776683807373,
    0.5635834336280823,
    0.5278276205062866,
    0.4932289719581604,
    0.461916446685791,
    0.4357621967792511,
    0.41556835174560547,
    0.40086647868156433,
    0.39036092162132263,
    0.38257142901420593,
    0.37634751200675964,
    0.3709943890571594,
    0.36612388491630554,
    0.36151832342147827,
    0.35705554485321045,
    0.35265862941741943,
    0.3482722342014313,
    0.3438527286052704,
    0.33936285972595215,
    0.33476996421813965,
    0.3300458490848541,
    0.32516637444496155,
    0.3201119303703308,
    0.31486833095550537,
    0.3094288408756256,
    0.3037983775138855,
    0.29800015687942505,
    0.2920842468738556,
    0.2861316204071045,
    0.2802474796772003,
    0.27453482151031494,
    0.26904940605163574,
    0.26375773549079895,
    0.25852715969085693,
    0.2531616985797882,
    0.24744991958141327,
    0.24117892980575562,
    0.23411065340042114,
    0.22596710920333862,
    0.2164684683084488,
    0.20545022189617157,
    0.19305197894573212,
    0.1799039989709854,
    0.16711029410362244,
    0.15578241646289825,
    0.14633138477802277,
    0.1381753385066986,
    0.13036668300628662,
    0.12251229584217072,
    0.11464527249336243,
    0.10679511725902557,
    0.09903723001480103,
    0.09148619323968887,
    0.08422750979661942,
    0.07732264697551727,
    0.07081396132707596,
    0.06471791863441467,
    0.059026751667261124,
    0.053728118538856506,
    0.048818305134773254,
    0.04430610314011574,
    0.04067905619740486,
    0.03662998229265213,
    0.033469438552856445,
    0.0307890847325325,
    0.028530927374958992,
    0.02669554390013218,
    0.02522284910082817,
    0.024049241095781326,
    0.023108018562197685,
    0.02234189584851265,
    0.021705813705921173,
    0.021167036145925522,
    0.020702773705124855,
    0.020296959206461906,
    0.01993802934885025,
    0.019617348909378052,
    0.01932833343744278,
    0.019070304930210114,
    0.019379127770662308,
    0.018695544451475143,
    0.018434233963489532,
    0.018232937902212143,
    0.0180557519197464,
    0.017894314602017403,
    0.017742499709129333,
    0.01759786531329155,
    0.017461834475398064,
    0.017332814633846283,
    0.017210347577929497,
    0.017093809321522713,
    0.016982775181531906,
    0.016876833513379097,
    0.01677563227713108,
    0.01667884737253189,
    0.016586197540163994,
    0.0164975393563509,
    0.016433438286185265,
    0.016848083585500717,
    0.01641157455742359,
    0.016194649040699005,
    0.016116980463266373,
    0.016055909916758537,
    0.01598408818244934,
    0.015920095145702362,
    0.015859022736549377,
    0.015800457447767258,
    0.01574350893497467,
    0.015688417479395866,
    0.015635013580322266,
    0.015583218075335026,
    0.015532951802015305,
    0.015484163537621498,
    0.015438536182045937,
    0.015760069712996483,
    0.015826091170310974,
    0.015354381874203682,
    0.01528104580938816,
    0.015244794078171253,
    0.015199679881334305,
    0.01515311747789383,
    0.01511663943529129,
    0.015080547891557217,
    0.01504578348249197,
    0.01501183770596981,
    0.014978647232055664,
    0.014946229755878448,
    0.014914533123373985,
    0.014883546158671379,
    0.0148532185703516,
    0.014823583886027336,
    0.014796476811170578,
    0.01512378640472889,
    0.015188401564955711,
    0.014821546152234077,
    0.01476348377764225,
    0.01469557173550129,
    0.014645775780081749,
    0.0146181620657444,
    0.014594250358641148,
    0.014571256004273891,
    0.014548726379871368,
    0.014526689425110817,
    0.014505160041153431,
    0.014483986422419548,
    0.014463222585618496,
    0.01444281917065382,
    0.01442277617752552,
    0.014403086155653,
    0.014383743517100811,
    0.014364996924996376,
    0.014376193284988403,
    0.016185248270630836,
    0.014455846510827541,
    0.014416614547371864,
    0.01432640291750431,
    0.014266088604927063,
    0.01424652524292469,
    0.014231255277991295,
    0.014214514754712582,
    0.01419870089739561,
    0.01418343372642994,
    0.0141685139387846,
    0.014153802767395973,
    0.014139343053102493,
    0.014125094749033451,
    0.014111030846834183,
    0.014097165316343307,
    0.014083480462431908,
    0.01406998559832573,
    0.014056669548153877,
    0.014043555594980717,
    0.014036232605576515,
    0.015637652948498726,
    0.014735139906406403,
    0.014193819835782051,
    0.01400379091501236,
    0.013972735032439232,
    0.013962402008473873,
    0.013950604945421219,
    0.013938472606241703,
    0.013927181251347065,
    0.01391642540693283,
    0.013905828818678856,
    0.013895276933908463,
    0.01388482190668583,
    0.013874509371817112,
    0.013864301145076752,
    0.013854190707206726,
    0.013844173401594162,
    0.013834253884851933,
    0.01382442843168974,
    0.013814687728881836,
    0.013805042952299118,
    0.013795480132102966,
    0.01378641463816166,
    0.013847879134118557,
    0.01401030458509922,
    0.013988344930112362,
    0.013847092166543007,
    0.013777496293187141,
    0.013742845505475998,
    0.01372525654733181,
    0.013715727254748344,
    0.013707575388252735,
    0.013699769973754883,
    0.013709966093301773,
    0.01437758281826973,
    0.013813108205795288,
    0.013886084780097008,
    0.0136896762996912,
    0.01365203969180584,
    0.013649770990014076,
    0.01363899651914835,
    0.013628967106342316,
    0.013620331883430481,
    0.013612324371933937,
    0.013604845851659775,
    0.013597393408417702,
    0.013590062037110329,
    0.013583162799477577,
    0.013587284833192825,
    0.014148322865366936,
    0.013616984710097313,
    0.013863882049918175,
    0.0135529525578022,
    0.01357351429760456,
    0.013541927561163902,
    0.013527105562388897,
    0.013521065935492516,
    0.01351398229598999,
    0.013506956398487091,
    0.013500163331627846,
    0.013493502512574196,
    0.013486928306519985,
    0.013480383902788162,
    0.01347390003502369,
    0.013467686250805855,
    0.013472255319356918,
    0.014057940803468227,
    0.013753945007920265,
    0.013443736359477043,
    0.013501351699233055,
    0.014485655352473259,
    0.013861974701285362,
    0.013625509105622768,
    0.013415001332759857,
    0.013434546068310738,
    0.01340951956808567,
    0.01339551992714405,
    0.013388995081186295,
    0.013383284211158752,
    0.013377593830227852,
    0.013371974229812622,
    0.01336626335978508,
    0.013360589742660522,
    0.013354955241084099,
    0.013349337503314018,
    0.013343807309865952,
    0.013342330232262611,
    0.013800520449876785,
    0.01337052509188652,
    0.013691665604710579,
    0.013516168110072613,
    0.013347146101295948,
    0.013306653127074242,
    0.013308468274772167,
    0.013298356905579567,
    0.013291512615978718,
    0.013286467641592026,
    0.013281166553497314,
    0.013276023790240288,
    0.013270999304950237,
    0.013265963643789291,
    0.013260935433208942,
    0.01325592678040266,
    0.013250930234789848,
    0.013246092014014721,
    0.013252921402454376,
    0.014193018898367882,
