{
  "regime": "passive",
  "final_loss": 0.014681130647659302,
  "training_time": 48.03315496444702,
  "duty_cycle": 50.0,
  "epochs": 3000,
  "node_num": 16,
  "use_solar": true,
  "adaptive_reg": false,
  "losses": [
    3.388996124267578,
    1.1345655918121338,
    1.133301019668579,
    0.9937374591827393,
    0.9412263631820679,
    0.902391791343689,
    0.8601581454277039,
    0.8240577578544617,
    0.789942741394043,
    0.758856475353241,
    0.7282992601394653,
    0.6970633864402771,
    0.665469229221344,
    0.6328926682472229,
    0.5988776683807373,
    0.5635834336280823,
    0.5278276205062866,
    0.4932289719581604,
    0.461916446685791,
    0.4357621967792511,
    0.41556835174560547,
    0.40086647868156433,
    0.39036092162132263,
    0.38257142901420593,
    0.37634751200675964,
    0.3709943890571594,
    0.36612388491630554,
    0.36151832342147827,
    0.35705554485321045,
    0.35265862941741943,
    0.3482722342014313,
    0.3438527286052704,
    0.33936285972595215,
    0.33476996421813965,
    0.3300458490848541,
    0.32516637444496155,
    0.3201119303703308,
    0.31486833095550537,
    0.3094288408756256,
    0.3037983775138855,
    0.29800015687942505,
    0.2920842468738556,
    0.2861316204071045,
    0.2802474796772003,
    0.27453482151031494,
    0.26904940605163574,
    0.26375773549079895,
    0.25852715969085693,
    0.2531616985797882,
    0.24744991958141327,
    0.24117892980575562,
    0.23411065340042114,
    0.22596710920333862,
    0.2164684683084488,
    0.20545022189617157,
    0.19305197894573212,
    0.1799039989709854,
    0.16711029410362244,
    0.15578241646289825,
    0.14633138477802277,
    0.1381753385066986,
    0.13036668300628662,
    0.12251229584217072,
    0.11464527249336243,
    0.10679511725902557,
    0.09903723001480103,
    0.09148619323968887,
    0.08422750979661942,
    0.07732264697551727,
    0.07081396132707596,
    0.06471791863441467,
    0.059026751667261124,
    0.053728118538856506,
    0.048818305134773254,
    0.04430610314011574,
    0.04067905619740486,
    0.03662998229265213,
    0.033469438552856445,
    0.0307890847325325,
    0.028530927374958992,
    0.02669554390013218,
    0.02522284910082817,
    0.024049241095781326,
    0.023108018562197685,
    0.02234189584851265,
    0.021705813705921173,
    0.021167036145925522,
    0.020702773705124855,
    0.020296959206461906,
    0.01993802934885025,
    0.019617348909378052,
    0.01932833343744278,
    0.019070304930210114,
    0.019379127770662308,
    0.018695544451475143,
    0.018434233963489532,
    0.018232937902212143,
    0.0180557519197464,
    0.017894314602017403,
    0.017742499709129333,
    0.01759786531329155,
    0.017461834475398064,
    0.017332814633846283,
    0.017210347577929497,
    0.017093809321522713,
    0.016982775181531906,
    0.016876833513379097,
    0.01677563227713108,
    0.01667884737253189,
    0.016586197540163994,
    0.0164975393563509,
    0.016433438286185265,
    0.016848083585500717,
    0.01641157455742359,
    0.016194649040699005,
    0.016116980463266373,
    0.016055909916758537,
    0.01598408818244934,
    0.015920095145702362,
    0.015859022736549377,
    0.015800457447767258,
    0.01574350893497467,
    0.015688417479395866,
    0.015635013580322266,
    0.015583218075335026,
    0.015532951802015305,
    0.015484163537621498,
    0.015438536182045937,
    0.015760069712996483,
    0.015826091170310974,
    0.015354381874203682,
    0.01528104580938816,
    0.015244794078171253,
    0.015199679881334305,
    0.01515311747789383,
    0.01511663943529129,
    0.015080547891557217,
    0.01504578348249197,
    0.01501183770596981,
    0.014978647232055664,
    0.014946229755878448,
    0.014914533123373985,
    0.014883546158671379,
    0.0148532185703516,
    0.014823583886027336,
    0.014796476811170578,
    0.01512378640472889,
    0.015188401564955711,
    0.014821546152234077,
    0.01476348377764225
  ],
  "duty_log": [
    1,
    1,
    1,
    1,
    1,
    1,
    1,
    1,
    1,
    1,
    1,
    1,
    1,
    1,
    1,
    1,
    1,
    1,
    1,
    1,
    1,
    1,
    1,
    1,
    1,
    1,
    1,
    1,
    1,
    1,
    1,
    1,
    1,
    1,
    1,
    1,
    1,
    1,
    1,
    1,
    1,
    1,
    1,
    1,
    1,
    1,
    1,
    1,
    1,
    1,
    1,
    1,
    1,
    1,
    1,
    1,
    1,
    1,
    1,
    1,
    1,
    1,
    1,
    1,
    1,
    1,
    1,
    1,
    1,
    1,
    1,
    1,
    1,
    1,
    1,
    1,
    1,
    1,
    1,
    1,
    1,
    1,
    1,
    1,
    1,
    1,
    1,
    1,
    1,
    1,
    1,
    1,
    1,
    1,
    1,
    1,
    1,
    1,
    1,
    1,
    1,
    1,
    1,
    1,
    1,
    1,
    1,
    1,
    1,
    1,
    1,
    1,
    1,
    1,
    1,
    1,
    1,
    1,
    1,
    1,
    1,
    1,
    1,
    1,
    1,
    1,
    1,
    1,
    1,
    1,
    1,
    1,
    1,
    1,
    1,
    1,
    1,
    1,
    1,
    1,
    1,
    1,
    1,
    1,
    1,
    1,
    1,
    1,
    1,
    1,
    1,
    1,
    1,
    1,
    1,
    1,
    1,
    1,
    1,
    1,
    1,
    1,
    1,
    1,
    1,
    1,
    1,
    1,
    1,
    1,
    1,
    1,
    1,
    1,
    1,
    1,
    1,
    1,
    1,
    1,
    1,
    1,
    1,
    1,
    1,
    1,
    1,
    1,
    1,
    1,
    1,
    1,
    1,
    1,
    1,
    1,
    1,
    1,
    1,
    1,
    1,
    1,
    1,
    1,
    1,
    1,
    1,
    1,
    1,
    1,
    1,
    1,
    1,
    1,
    1,
    1,
    1,
    1,
    1,
    1,
    1,
    1,
    1,
    1,
    1,
    1,
    1,
    1,
    1,
    1,
    1,
    1,
    1,
    1,
    1,
    1,
    1,
    1,
    1,
    1,
    1,
    1,
    1,
    1,
    1,
    1,
    1,
    1,
    1,
    1,
    1,
    1,
    1,
    1,
    1,
    1,
    1,
    1,
    1,
    1,
    1,
    1,
    1,
    1,
    1,
    1,
    1,
    1,
    1,
    1,
    1,
    1,
    1,
    1,
    1,
    1,
    1,
    1,
    1,
    1,
    1,
    1,
    1,
    1,
    1,
    1,
    1,
    1,
    1,
    1,
    1,
    1,
    1,
    1,
    1,
    1,
    1,
    1,
    1,
    1
  ],
  "verification": {
    "initial_state_digest": "03953119abb3df05b894e11337a0de145c557e363c8d943f9acc87e71ab4539f",
    "training_data_digest": "2e6d7de0159136cf40ea66233a4bb47920b2e1385287b59544d3504ab219c389"
  }
}