{
  "regime": "active",
  "final_loss": 0.005491761025041342,
  "training_time": 2.033756971359253,
  "duty_cycle": 50.0,
  "epochs": 3000,
  "use_solar": true,
  "adaptive_reg": true,
  "losses": [
    0.2170678973197937,
    0.03382646292448044,
    0.019891995936632156,
    0.01222726795822382,
    0.009717786684632301,
    0.009000361897051334,
    0.008752034977078438,
    0.008686973713338375,
    0.008649326860904694,
    0.008628676645457745,
    0.008618530817329884,
    0.008613278158009052,
    0.008610609918832779,
    0.008608721196651459,
    0.008606554940342903,
    0.008603795431554317,
    0.008600360713899136,
    0.008596180938184261,
    0.008591219782829285,
    0.008585494942963123,
    0.008579025976359844,
    0.008571838028728962,
    0.00856395997107029,
    0.008555418811738491,
    0.008546240627765656,
    0.008536448702216148,
    0.00852606538683176,
    0.008515114895999432,
    0.00850361492484808,
    0.008491585962474346,
    0.008479047566652298,
    0.008466014638543129,
    0.008452503941953182,
    0.0084385322406888,
    0.008424114435911179,
    0.00840926542878151,
    0.008393999189138412,
    0.008378325961530209,
    0.008362258784472942,
    0.008345811627805233,
    0.008328993804752827,
    0.008311818353831768,
    0.008294295519590378,
    0.008276435546576977,
    0.008258244022727013,
    0.00823973584920168,
    0.008220916613936424,
    0.008201798424124718,
    0.008182386867702007,
    0.00816269125789404,
    0.008142715319991112,
    0.008122473023831844,
    0.00810196902602911,
    0.008081208914518356,
    0.008060198277235031,
    0.008038947358727455,
    0.00801746267825365,
    0.007995745167136192,
    0.007973805069923401,
    0.00795164704322815,
    0.007929278537631035,
    0.007906702347099781,
    0.007883924059569836,
    0.007860949262976646,
    0.007837784476578236,
    0.007814429700374603,
    0.00779089517891407,
    0.007767182774841785,
    0.007743296213448048,
    0.007719241548329592,
    0.007695022504776716,
    0.007670641411095858,
    0.0076461061835289,
    0.007621416822075844,
    0.007596578914672136,
    0.007571597583591938,
    0.0075464737601578236,
    0.007521212100982666,
    0.0074958158656954765,
    0.007470289245247841,
    0.007444636430591345,
    0.00741885881870985,
    0.007392960134893656,
    0.007366944570094347,
    0.007340815383940935,
    0.007314573973417282,
    0.007288224529474974,
    0.007261770311743021,
    0.007235213648527861,
    0.007208557799458504,
    0.0071818046271800995,
    0.007154959719628096,
    0.007128024008125067,
    0.0071009979583323,
    0.00707388948649168,
    0.007046695798635483,
    0.007019423879683018,
    0.006992073263972998,
    0.006964649073779583,
    0.006937150377780199,
    0.006909583695232868,
    0.006881948094815016,
    0.006854247767478228,
    0.00682648504152894,
    0.006798663642257452,
    0.0067707812413573265,
    0.006742844823747873,
    0.006714855320751667,
    0.006686814595013857,
    0.0066587235778570175,
    0.006630586460232735,
    0.00660240463912487,
    0.006574179977178574,
    0.006545915734022856,
    0.006517612375319004,
    0.006489271763712168,
    0.006460899952799082,
    0.006432493217289448,
    0.006404057610780001,
    0.0063755931332707405,
    0.006347102113068104,
    0.006318587344139814,
    0.00629004929214716,
    0.0062614912167191505,
    0.006232914049178362,
    0.006204318720847368,
    0.00617571035400033,
    0.006147087085992098,
    0.006118453107774258,
    0.006089808885008097,
    0.006061156280338764,
    0.006032496225088835,
    0.006003832910209894,
    0.005975164473056793,
    0.005946497432887554,
    0.005917828995734453,
    0.005889171734452248,
    0.0058605363592505455,
    0.005831887945532799,
    0.005803235340863466,
    0.005774591583758593,
    0.0057459548115730286,
    0.00571732921525836,
    0.005688715260475874,
    0.005660116672515869,
    0.0056315320543944836,
    0.00560296606272459,
    0.005574416369199753,
    0.005545885767787695,
    0.0055173831060528755
  ],
  "duty_log": [
    1,
    1,
    1,
    1,
    1,
    1,
    1,
    1,
    1,
    1,
    1,
    1,
    1,
    1,
    1,
    1,
    1,
    1,
    1,
    1,
    1,
    1,
    1,
    1,
    1,
    1,
    1,
    1,
    1,
    1,
    1,
    1,
    1,
    1,
    1,
    1,
    1,
    1,
    1,
    1,
    1,
    1,
    1,
    1,
    1,
    1,
    1,
    1,
    1,
    1,
    1,
    1,
    1,
    1,
    1,
    1,
    1,
    1,
    1,
    1,
    1,
    1,
    1,
    1,
    1,
    1,
    1,
    1,
    1,
    1,
    1,
    1,
    1,
    1,
    1,
    1,
    1,
    1,
    1,
    1,
    1,
    1,
    1,
    1,
    1,
    1,
    1,
    1,
    1,
    1,
    1,
    1,
    1,
    1,
    1,
    1,
    1,
    1,
    1,
    1,
    1,
    1,
    1,
    1,
    1,
    1,
    1,
    1,
    1,
    1,
    1,
    1,
    1,
    1,
    1,
    1,
    1,
    1,
    1,
    1,
    1,
    1,
    1,
    1,
    1,
    1,
    1,
    1,
    1,
    1,
    1,
    1,
    1,
    1,
    1,
    1,
    1,
    1,
    1,
    1,
    1,
    1,
    1,
    1,
    1,
    1,
    1,
    1,
    1,
    1,
    1,
    1,
    1,
    1,
    1,
    1,
    1,
    1,
    1,
    1,
    1,
    1,
    1,
    1,
    1,
    1,
    1,
    1,
    1,
    1,
    1,
    1,
    1,
    1,
    1,
    1,
    1,
    1,
    1,
    1,
    1,
    1,
    1,
    1,
    1,
    1,
    1,
    1,
    1,
    1,
    1,
    1,
    1,
    1,
    1,
    1,
    1,
    1,
    1,
    1,
    1,
    1,
    1,
    1,
    1,
    1,
    1,
    1,
    1,
    1,
    1,
    1,
    1,
    1,
    1,
    1,
    1,
    1,
    1,
    1,
    1,
    1,
    1,
    1,
    1,
    1,
    1,
    1,
    1,
    1,
    1,
    1,
    1,
    1,
    1,
    1,
    1,
    1,
    1,
    1,
    1,
    1,
    1,
    1,
    1,
    1,
    1,
    1,
    1,
    1,
    1,
    1,
    1,
    1,
    1,
    1,
    1,
    1,
    1,
    1,
    1,
    1,
    1,
    1,
    1,
    1,
    1,
    1,
    1,
    1,
    1,
    1,
    1,
    1,
    1,
    1,
    1,
    1,
    1,
    1,
    1,
    1,
    1,
    1,
    1,
    1,
    1,
    1,
    1,
    1,
    1,
    1,
    1,
    1,
    1,
    1,
    1,
    1,
    1,
    1
  ],
  "verification": {
    "initial_state_digest": "6655aec024e5eb746a7c5cfbda27b4090ba7c2d49cd71589d8d459b108267753",
    "training_data_digest": "49b649b90022425464edb4b1be04c5562b07f69a4415eff8e2608684142c7527"
  }
}