{
  "regime": "continuous",
  "final_loss": 0.0016691630007699132,
  "training_time": 4.152704477310181,
  "duty_cycle": 100.0,
  "epochs": 3000,
  "use_solar": false,
  "adaptive_reg": false,
  "losses": [
    0.2170678973197937,
    0.033798132091760635,
    0.019835539162158966,
    0.012142871506512165,
    0.009605590254068375,
    0.008860557340085506,
    0.008584816008806229,
    0.00849257130175829,
    0.008427990600466728,
    0.00838067103177309,
    0.008344132453203201,
    0.008312779478728771,
    0.008284306153655052,
    0.00825691968202591,
    0.008229563012719154,
    0.008201932534575462,
    0.008173948153853416,
    0.008145543746650219,
    0.008116692304611206,
    0.008087407797574997,
    0.008057714439928532,
    0.008027641102671623,
    0.007997219450771809,
    0.007966472767293453,
    0.00793543178588152,
    0.007904117926955223,
    0.007872555404901505,
    0.007840770296752453,
    0.007808775641024113,
    0.007776593789458275,
    0.007744243368506432,
    0.007711740676313639,
    0.007679098751395941,
    0.007646331563591957,
    0.007613455876708031,
    0.007580481469631195,
    0.007547423243522644,
    0.0075142900459468365,
    0.007481093052774668,
    0.007447842974215746,
    0.007414547726511955,
    0.007381217088550329,
    0.007347860373556614,
    0.007314484100788832,
    0.007281096652150154,
    0.0072477031499147415,
    0.0072143119759857655,
    0.00718093104660511,
    0.0071475631557404995,
    0.0071142143569886684,
    0.007080892566591501,
    0.007047600578516722,
    0.007014344446361065,
    0.006981125567108393,
    0.006947952322661877,
    0.006914827041327953,
    0.006881751120090485,
    0.006848733406513929,
    0.006815773434937,
    0.006782873068004847,
    0.006750038359314203,
    0.006717273499816656,
    0.006684576161205769,
    0.006651953794062138,
    0.006619405001401901,
    0.0065869358368217945,
    0.006554545368999243,
    0.006522236857563257,
    0.0064900116994977,
    0.006457872223109007,
    0.006425820756703615,
    0.006393856834620237,
    0.0063619837164878845,
    0.006330203264951706,
    0.006298514548689127,
    0.006266921292990446,
    0.006235423497855663,
    0.006204022094607353,
    0.0061727180145680904,
    0.006141514051705599,
    0.006110409274697304,
    0.006079405080527067,
    0.006048501934856176,
    0.006017700769007206,
    0.0059870039112865925,
    0.005956409499049187,
    0.0059259189292788506,
    0.005895534530282021,
    0.0058652558363974094,
    0.00583508238196373,
    0.0058050150983035564,
    0.0057750544510781765,
    0.005745201371610165,
    0.005715454928576946,
    0.005685817450284958,
    0.005656288471072912,
    0.005626868922263384,
    0.005597556475549936,
    0.005568354856222868,
    0.005539261270314455,
    0.005510278046131134,
    0.005481403786689043,
    0.005452639888972044,
    0.0054239858873188496,
    0.005395443178713322,
    0.005367009434849024,
    0.005338685587048531,
    0.005310473497956991,
    0.005282370839267969,
    0.005254379007965326,
    0.005226497538387775,
    0.005198726896196604,
    0.005171066150069237,
    0.005143515765666962,
    0.005116076674312353,
    0.005088747013360262,
    0.005061527714133263,
    0.005034420173615217,
    0.0050074211321771145,
    0.004980533383786678,
    0.004953754134476185,
    0.004927085712552071,
    0.004900527186691761,
    0.004874079022556543,
    0.004847738426178694,
    0.004821507725864649,
    0.004795387387275696,
    0.00476937647908926,
    0.004743471741676331,
    0.004717677365988493,
    0.004691991489380598,
    0.004666414111852646,
    0.004640944302082062,
    0.00461558299139142,
    0.00459032878279686,
    0.0045651826076209545,
    0.004540143068879843,
    0.004515212029218674,
    0.0044903866946697235,
    0.004465668927878141,
    0.004441056400537491,
    0.004416550975292921,
    0.00439215125516057,
    0.004367857240140438,
    0.004343668930232525,
    0.004319584928452969,
    0.0042956070974469185,
    0.004271732643246651,
    0.004247963894158602,
    0.004224298056215048,
    0.004200736992061138,
    0.004177279304713011,
    0.004153925459831953,
    0.004130673594772816,
    0.004107525106519461,
    0.004084479995071888,
    0.004061535932123661,
    0.004038732033222914,
    0.0040159812197089195,
    0.0039933524094522,
    0.003970817197114229,
    0.003948380704969168,
    0.00392604386433959,
    0.0039038064423948526,
    0.00388166937045753,
    0.003859632182866335,
    0.0038376939482986927,
    0.0038158544339239597,
    0.003794115036725998,
    0.0037724722642451525,
    0.0037509289104491472,
    0.0037294828798621893,
    0.0037081344053149223,
    0.0036868834868073463,
    0.003665729658678174,
    0.003644671756774187,
    0.00362371071241796,
    0.0036028495524078608,
    0.0035820917692035437,
    0.0035614215303212404,
    0.003540843026712537,
    0.0035203583538532257,
    0.00349996704608202,
    0.003479670500382781,
    0.0034594673197716475,
    0.0034393572714179754,
    0.003419341053813696,
    0.0033994177356362343,
    0.003379585687071085,
    0.003359847003594041,
    0.00334020028822124,
    0.003320644609630108,
    0.0033011804334819317,
    0.003281806828454137,
    0.0032625244930386543,
    0.0032433317974209785,
    0.003224228974431753,
    0.003205216024070978,
    0.003186292015016079,
    0.003167457412928343,
    0.0031487110536545515,
    0.003130052937194705,
    0.0031114830635488033,
    0.003093001199886203,
    0.003074606182053685,
    0.003056297544389963,
    0.0030380762182176113,
    0.0030199415050446987,
    0.0030018927063792944,
    0.002983929356560111,
    0.002966051222756505,
    0.0029482587706297636,
    0.0029305503703653812,
    0.0029129264876246452,
    0.0028953871224075556,
    0.0028779308777302504,
    0.002860558684915304,
    0.0028432696126401424,
    0.002826062962412834,
    0.002808938967064023,
    0.002791896928101778,
    0.002774936845526099,
    0.0027580587193369865,
    0.002741261152550578,
    0.0027245450764894485,
    0.0027079088613390923,
    0.00269135320559144,
    0.002674877643585205,
    0.002658481476828456,
    0.0026421647053211927,
    0.002625927096232772,
    0.0026097679510712624,
    0.002593687269836664,
    0.0025776848196983337,
    0.0025617596693336964,
    0.0025459122844040394,
    0.002530141966417432,
    0.0025144482497125864,
    0.0024988313671201468,
    0.002483290620148182,
    0.0024678257759660482,
    0.002452436601743102,
    0.0024371223989874125,
    0.0024218838661909103,
    0.0024067198392003775,
    0.002391629619523883,
    0.0023766139056533575,
    0.002361672231927514,
    0.0023468038998544216,
    0.0023320086766034365,
    0.0023172865621745586,
    0.002302637090906501,
    0.002288059564307332,
    0.0022735544480383396,
    0.0022591212764382362,
    0.002244759351015091,
    0.00223046843893826,
    0.0022162485402077436,
    0.0022020991891622543,
    0.002188020618632436,
    0.0021740118972957134,
    0.0021600727923214436,
    0.0021462030708789825,
    0.0021324027329683304,
    0.0021186715457588434,
    0.0021050088107585907,
    0.002091414527967572,
    0.0020778884645551443,
    0.002064429922029376,
    0.0020510393660515547,
    0.002037715632468462,
    0.002024459419772029,
    0.002011269563809037,
    0.001998146064579487,
    0.001985089620575309,
    0.001972098369151354,
    0.0019591734744608402,
    0.001946313539519906,
    0.0019335190299898386,
    0.0019207894802093506,
    0.0019081244245171547,
    0.0018955240957438946,
    0.0018829876789823174,
    0.0018705151742324233,
    0.0018581063486635685,
    0.0018457608530297875,
