{
  "regime": "passive",
  "final_loss": 0.004203088581562042,
  "training_time": 2.0183215141296387,
  "duty_cycle": 50.0,
  "epochs": 3000,
  "use_solar": true,
  "adaptive_reg": false,
  "losses": [
    0.2170678973197937,
    0.033798132091760635,
    0.019835539162158966,
    0.012142871506512165,
    0.009605590254068375,
    0.008860557340085506,
    0.008584816008806229,
    0.00849257130175829,
    0.008427990600466728,
    0.00838067103177309,
    0.008344132453203201,
    0.008312779478728771,
    0.008284306153655052,
    0.00825691968202591,
    0.008229563012719154,
    0.008201932534575462,
    0.008173948153853416,
    0.008145543746650219,
    0.008116692304611206,
    0.008087407797574997,
    0.008057714439928532,
    0.008027641102671623,
    0.007997219450771809,
    0.007966472767293453,
    0.00793543178588152,
    0.007904117926955223,
    0.007872555404901505,
    0.007840770296752453,
    0.007808775641024113,
    0.007776593789458275,
    0.007744243368506432,
    0.007711740676313639,
    0.007679098751395941,
    0.007646331563591957,
    0.007613455876708031,
    0.007580481469631195,
    0.007547423243522644,
    0.0075142900459468365,
    0.007481093052774668,
    0.007447842974215746,
    0.007414547726511955,
    0.007381217088550329,
    0.007347860373556614,
    0.007314484100788832,
    0.007281096652150154,
    0.0072477031499147415,
    0.0072143119759857655,
    0.00718093104660511,
    0.0071475631557404995,
    0.0071142143569886684,
    0.007080892566591501,
    0.007047600578516722,
    0.007014344446361065,
    0.006981125567108393,
    0.006947952322661877,
    0.006914827041327953,
    0.006881751120090485,
    0.006848733406513929,
    0.006815773434937,
    0.006782873068004847,
    0.006750038359314203,
    0.006717273499816656,
    0.006684576161205769,
    0.006651953794062138,
    0.006619405001401901,
    0.0065869358368217945,
    0.006554545368999243,
    0.006522236857563257,
    0.0064900116994977,
    0.006457872223109007,
    0.006425820756703615,
    0.006393856834620237,
    0.0063619837164878845,
    0.006330203264951706,
    0.006298514548689127,
    0.006266921292990446,
    0.006235423497855663,
    0.006204022094607353,
    0.0061727180145680904,
    0.006141514051705599,
    0.006110409274697304,
    0.006079405080527067,
    0.006048501934856176,
    0.006017700769007206,
    0.0059870039112865925,
    0.005956409499049187,
    0.0059259189292788506,
    0.005895534530282021,
    0.0058652558363974094,
    0.00583508238196373,
    0.0058050150983035564,
    0.0057750544510781765,
    0.005745201371610165,
    0.005715454928576946,
    0.005685817450284958,
    0.005656288471072912,
    0.005626868922263384,
    0.005597556475549936,
    0.005568354856222868,
    0.005539261270314455,
    0.005510278046131134,
    0.005481403786689043,
    0.005452639888972044,
    0.0054239858873188496,
    0.005395443178713322,
    0.005367009434849024,
    0.005338685587048531,
    0.005310473497956991,
    0.005282370839267969,
    0.005254379007965326,
    0.005226497538387775,
    0.005198726896196604,
    0.005171066150069237,
    0.005143515765666962,
    0.005116076674312353,
    0.005088747013360262,
    0.005061527714133263,
    0.005034420173615217,
    0.0050074211321771145,
    0.004980533383786678,
    0.004953754134476185,
    0.004927085712552071,
    0.004900527186691761,
    0.004874079022556543,
    0.004847738426178694,
    0.004821507725864649,
    0.004795387387275696,
    0.00476937647908926,
    0.004743471741676331,
    0.004717677365988493,
    0.004691991489380598,
    0.004666414111852646,
    0.004640944302082062,
    0.00461558299139142,
    0.00459032878279686,
    0.0045651826076209545,
    0.004540143068879843,
    0.004515212029218674,
    0.0044903866946697235,
    0.004465668927878141,
    0.004441056400537491,
    0.004416550975292921,
    0.00439215125516057,
    0.004367857240140438,
    0.004343668930232525,
    0.004319584928452969,
    0.0042956070974469185,
    0.004271732643246651,
    0.004247963894158602,
    0.004224298056215048
  ],
  "duty_log": [
    1,
    1,
    1,
    1,
    1,
    1,
    1,
    1,
    1,
    1,
    1,
    1,
    1,
    1,
    1,
    1,
    1,
    1,
    1,
    1,
    1,
    1,
    1,
    1,
    1,
    1,
    1,
    1,
    1,
    1,
    1,
    1,
    1,
    1,
    1,
    1,
    1,
    1,
    1,
    1,
    1,
    1,
    1,
    1,
    1,
    1,
    1,
    1,
    1,
    1,
    1,
    1,
    1,
    1,
    1,
    1,
    1,
    1,
    1,
    1,
    1,
    1,
    1,
    1,
    1,
    1,
    1,
    1,
    1,
    1,
    1,
    1,
    1,
    1,
    1,
    1,
    1,
    1,
    1,
    1,
    1,
    1,
    1,
    1,
    1,
    1,
    1,
    1,
    1,
    1,
    1,
    1,
    1,
    1,
    1,
    1,
    1,
    1,
    1,
    1,
    1,
    1,
    1,
    1,
    1,
    1,
    1,
    1,
    1,
    1,
    1,
    1,
    1,
    1,
    1,
    1,
    1,
    1,
    1,
    1,
    1,
    1,
    1,
    1,
    1,
    1,
    1,
    1,
    1,
    1,
    1,
    1,
    1,
    1,
    1,
    1,
    1,
    1,
    1,
    1,
    1,
    1,
    1,
    1,
    1,
    1,
    1,
    1,
    1,
    1,
    1,
    1,
    1,
    1,
    1,
    1,
    1,
    1,
    1,
    1,
    1,
    1,
    1,
    1,
    1,
    1,
    1,
    1,
    1,
    1,
    1,
    1,
    1,
    1,
    1,
    1,
    1,
    1,
    1,
    1,
    1,
    1,
    1,
    1,
    1,
    1,
    1,
    1,
    1,
    1,
    1,
    1,
    1,
    1,
    1,
    1,
    1,
    1,
    1,
    1,
    1,
    1,
    1,
    1,
    1,
    1,
    1,
    1,
    1,
    1,
    1,
    1,
    1,
    1,
    1,
    1,
    1,
    1,
    1,
    1,
    1,
    1,
    1,
    1,
    1,
    1,
    1,
    1,
    1,
    1,
    1,
    1,
    1,
    1,
    1,
    1,
    1,
    1,
    1,
    1,
    1,
    1,
    1,
    1,
    1,
    1,
    1,
    1,
    1,
    1,
    1,
    1,
    1,
    1,
    1,
    1,
    1,
    1,
    1,
    1,
    1,
    1,
    1,
    1,
    1,
    1,
    1,
    1,
    1,
    1,
    1,
    1,
    1,
    1,
    1,
    1,
    1,
    1,
    1,
    1,
    1,
    1,
    1,
    1,
    1,
    1,
    1,
    1,
    1,
    1,
    1,
    1,
    1,
    1,
    1,
    1,
    1,
    1,
    1,
    1
  ],
  "verification": {
    "initial_state_digest": "6655aec024e5eb746a7c5cfbda27b4090ba7c2d49cd71589d8d459b108267753",
    "training_data_digest": "49b649b90022425464edb4b1be04c5562b07f69a4415eff8e2608684142c7527"
  }
}