method,train_mae,test_mae,train_rmse,test_rmse,model_size,eval_time_ms,interpretable
Ψ-HDL (Ours),0.00030729179228590773,0.00036452085890994893,0.000367122666635073,0.0004777863557713676,96,0.1,High
Vanilla NN,6.689880891074608e-05,0.0001321687322445095,8.733264507689936e-05,0.0002186407639644038,3441,0.15,Low
Polynomial Reg,3.322269806188335e-06,7.813542572257308e-06,5.013280126875721e-06,1.8478747611071386e-05,28,0.05,Medium
LUT (50×50),5.972286917370676e-08,5.0281880618493735e-06,1.5430001628827933e-07,1.7892120861810473e-05,2500,0.08,Low
