{
  "problem": "burgers",
  "reference": "finite-difference numerical solution (u(x,0) = -sin(pi x))",
  "metric": "rel_l2_pct = relative L2 vs FD (%); antisymmetry = mean|f(x)+f(-x)|/mean|f| (0 = exactly odd in x, 2.0 = non-zero constant)",
  "protocol": {
    "seeds": 10,
    "epochs": 3000,
    "lr": 0.001,
    "device": "cuda",
    "footprint_target_params": 1937,
    "budget_note": "compression baselines derived from the dense network receive the initial 3000-epoch training PLUS fine-tuning, i.e. a strictly larger budget than the structured Psi-NN"
  },
  "baselines": {
    "psinn_structured": {
      "params": 1937,
      "weight_bytes": 7748,
      "note": "directly trained structured architecture",
      "rel_l2_pct": {
        "mean": 5.968658494949341,
        "std": 4.052476624577209,
        "ci95": [
          4.488704254627228,
          8.614592233896255
        ],
        "n": 10,
        "values": [
          4.136655330657959,
          4.700174331665039,
          17.4212703704834,
          4.18356990814209,
          4.702646255493164,
          4.730831623077393,
          5.747823238372803,
          4.418903827667236,
          5.193448066711426,
          4.4512619972229
        ]
      },
      "antisymmetry": {
        "mean": 0.005827246239641681,
        "std": 0.005624835770802567,
        "ci95": [
          0.0033175789090455514,
          0.009503784855478441
        ],
        "n": 10,
        "values": [
          0.00493216048926115,
          0.004382902290672064,
          0.02108805812895298,
          0.0035070839803665876,
          0.00397341325879097,
          0.006698718760162592,
          0.0007064128876663744,
          0.005126069765537977,
          0.0022754340898245573,
          0.0055822087451815605
        ]
      }
    },
    "dense_4x50": {
      "params": 7851,
      "weight_bytes": 31404,
      "note": "submitted dense baseline",
      "rel_l2_pct": {
        "mean": 40.01082801818848,
        "std": 20.410817883210438,
        "ci95": [
          29.380632677078246,
          52.97567959308622
        ],
        "n": 10,
        "values": [
          40.3248291015625,
          42.473609924316406,
          20.162736892700195,
          24.129180908203125,
          41.260154724121094,
          89.05775451660156,
          50.798587799072266,
          16.299291610717773,
          36.92487335205078,
          38.67726135253906
        ]
      },
      "antisymmetry": {
        "mean": 0.24944124259054662,
        "std": 0.2812162674984429,
        "ci95": [
          0.11682739013805986,
          0.4340731639415026
        ],
        "n": 10,
        "values": [
          0.24293318390846252,
          0.2292814552783966,
          0.08223211765289307,
          0.10561755299568176,
          0.10796740651130676,
          0.9790181517601013,
          0.4495396018028259,
          0.05804150924086571,
          0.11236786097288132,
          0.1274135857820511
        ]
      }
    },
    "dense_size_matched": {
      "params": 1897,
      "weight_bytes": 7588,
      "note": "4x24 dense, footprint-matched",
      "rel_l2_pct": {
        "mean": 28.057996845245363,
        "std": 10.868713164063678,
        "ci95": [
          21.79901028394699,
          34.36441486597061
        ],
        "n": 10,
        "values": [
          41.73909378051758,
          21.669822692871094,
          8.423760414123535,
          20.33163070678711,
          21.1882266998291,
          30.462398529052734,
          42.06045913696289,
          28.425243377685547,
          39.81625747680664,
          26.463075637817383
        ]
      },
      "antisymmetry": {
        "mean": 0.12810694705694914,
        "std": 0.07263287229595128,
        "ci95": [
          0.08661513410508632,
          0.17193804107140745
        ],
        "n": 10,
        "values": [
          0.13346649706363678,
          0.09480453282594681,
          0.021134527400135994,
          0.0881267562508583,
          0.04001660272479057,
          0.16073285043239594,
          0.24232891201972961,
          0.13354700803756714,
          0.23480224609375,
          0.13210953772068024
        ]
      }
    },
    "prune_oneshot": {
      "params": 1937,
      "weight_bytes": 7748,
      "note": "single-shot global magnitude, 77.3% sparsity",
      "rel_l2_pct": {
        "mean": 67.54704093933105,
        "std": 14.989234207153535,
        "ci95": [
          58.96424576759338,
          76.36937225341796
        ],
        "n": 10,
        "values": [
          59.72598648071289,
          59.648983001708984,
          44.13176727294922,
          68.89701843261719,
          54.57640838623047,
          89.70616149902344,
          70.81646728515625,
          82.18167114257812,
          87.16120910644531,
          58.62473678588867
        ]
      },
      "antisymmetry": {
        "mean": 0.5786393284797668,
        "std": 0.5338733494521563,
        "ci95": [
          0.32004897177219394,
          0.9351518084853887
        ],
        "n": 10,
        "values": [
          0.2667216360569,
          0.8745585083961487,
          0.18435260653495789,
          0.2531948983669281,
          0.6437416076660156,
          0.5801017880439758,
          0.2518017292022705,
          0.18760308623313904,
          1.9403798580169678,
          0.603937566280365
        ]
      }
    },
    "prune_iterative_ft": {
      "params": 1937,
      "weight_bytes": 7748,
      "note": "gradual magnitude pruning to 77.3% + fine-tuning (5 cycles x 600 ep)",
      "rel_l2_pct": {
        "mean": 36.6253963470459,
        "std": 14.173581989680596,
        "ci95": [
          29.296150393486023,
          45.731867737770074
        ],
        "n": 10,
        "values": [
          29.072784423828125,
          38.82386779785156,
          21.205671310424805,
          20.35280418395996,
          30.234939575195312,
          69.68937683105469,
          47.0112190246582,
          35.7005729675293,
          37.51279830932617,
          36.64992904663086
        ]
      },
      "antisymmetry": {
        "mean": 0.22595906406641006,
        "std": 0.16642045768358785,
        "ci95": [
          0.14491445368155836,
          0.3352850444614887
        ],
        "n": 10,
        "values": [
          0.09249546378850937,
          0.21789512038230896,
          0.08966603130102158,
          0.09493540227413177,
          0.15527001023292542,
          0.6403453350067139,
          0.35639768838882446,
          0.19063694775104523,
          0.20054665207862854,
          0.22140198945999146
        ]
      }
    },
    "prune_structured_ft": {
      "params": 1897,
      "weight_bytes": 7588,
      "note": "neuron-level L1 pruning to width 24 + 1500 ep fine-tuning",
      "rel_l2_pct": {
        "mean": 37.43752937316894,
        "std": 12.280633883273202,
        "ci95": [
          30.45361963748932,
          44.861101093292234
        ],
        "n": 10,
        "values": [
          29.82841682434082,
          40.081138610839844,
          39.79033660888672,
          22.755584716796875,
          27.445226669311523,
          54.164337158203125,
          58.58076095581055,
          22.391162872314453,
          41.708927154541016,
          37.62940216064453
        ]
      },
      "antisymmetry": {
        "mean": 0.2276184819638729,
        "std": 0.1473296553330213,
        "ci95": [
          0.14633573818951845,
          0.31953891202807416
        ],
        "n": 10,