{
  "regime": "active",
  "final_loss": 0.0019006873480975628,
  "training_time": 2.044447898864746,
  "duty_cycle": 50.0,
  "epochs": 3000,
  "use_solar": true,
  "adaptive_reg": true,
  "losses": [
    0.051856882870197296,
    0.011197131127119064,
    0.009359171614050865,
    0.008826813660562038,
    0.008758771233260632,
    0.00868962798267603,
    0.008649146184325218,
    0.008618549443781376,
    0.00858786515891552,
    0.008555139414966106,
    0.008520317263901234,
    0.008483593352138996,
    0.00844506174325943,
    0.008404752239584923,
    0.00836275052279234,
    0.00831916555762291,
    0.008274098858237267,
    0.008227651007473469,
    0.008179910480976105,
    0.008130969479680061,
    0.008080914616584778,
    0.008029823191463947,
    0.007977777160704136,
    0.00792484637349844,
    0.007871096953749657,
    0.007816598750650883,
    0.007761409040540457,
    0.007705586962401867,
    0.007649185601621866,
    0.007592258043587208,
    0.0075348480604588985,
    0.007477006874978542,
    0.0074187712743878365,
    0.007360185030847788,
    0.007301284931600094,
    0.007242108229547739,
    0.007182687520980835,
    0.007123057264834642,
    0.007063245866447687,
    0.007003283128142357,
    0.006943196523934603,
    0.006883012596517801,
    0.006822756491601467,
    0.006762451026588678,
    0.006702118553221226,
    0.0066417814232409,
    0.006581460125744343,
    0.006521172821521759,
    0.006460939534008503,
    0.00640077656134963,
    0.006340701598674059,
    0.006280729081481695,
    0.006220877170562744,
    0.0061611575074493885,
    0.006101585924625397,
    0.006042174994945526,
    0.005982937756925821,
    0.005923885852098465,
    0.0058650304563343525,
    0.0058063846081495285,
    0.00574795575812459,
    0.005689757410436869,
    0.005631796084344387,
    0.005574082024395466,
    0.005516624543815851,
    0.005459431558847427,
    0.005402510520070791,
    0.005345870740711689,
    0.005289517343044281,
    0.005233458708971739,
    0.0051776994951069355,
    0.005122247152030468,
    0.005067107733339071,
    0.005012286361306906,
    0.004957789089530706,
    0.004903621971607208,
    0.004849787801504135,
    0.004796291701495647,
    0.004743137862533331,
    0.004690330941230059,
    0.0046378737315535545,
    0.004585770890116692,
    0.004534025676548481,
    0.004482641350477934,
    0.004431620240211487,
    0.0043809665367007256,
    0.00433068023994565,
    0.004280766472220421,
    0.004231226164847612,
    0.004182061180472374,
    0.004133274313062429,
    0.004084866493940353,
    0.00403684051707387,
    0.003989195451140404,
    0.003941935021430254,
    0.003895058762282133,
    0.003848568769171834,
    0.0038024645764380693,
    0.003756748279556632,
    0.0037114196456968784,
    0.0036664800718426704,
    0.00362192839384079,
    0.0035777653101831675,
    0.0035339912865310907,
    0.003490606788545847,
    0.003447610652074218,
    0.0034050040412694216,
    0.0033627848606556654,
    0.003320954041555524,
    0.0032795099541544914,
    0.0032384535297751427,
    0.0031977829057723284,
    0.003157497849315405,
    0.0031175974290817976,
    0.0030780804809182882,
    0.003038945607841015,
    0.0030001928098499775,
    0.002961820224300027,
    0.002923826687037945,
    0.0028862108010798693,
    0.002848971402272582,
    0.002812107326462865,
    0.002775617176666856,
    0.0027394979260861874,
    0.002703749807551503,
    0.002668370259925723,
    0.0026333581190556288,
    0.0025987110566347837,
    0.002564427675679326,
    0.0025305054150521755,
    0.0024969433434307575,
    0.0024637391325086355,
    0.0024308909196406603,
    0.0023983963765203953,
    0.0023662534076720476,
    0.0023344599176198244,
    0.0023030145093798637,
    0.0022719143889844418,
    0.0022411574609577656,
    0.0022107416298240423,
    0.0021806645672768354,
    0.0021509237121790648,
    0.0021215174347162247,
    0.0020924434065818787,
    0.0020636986009776592,
    0.002035281155258417,
    0.002007188508287072,
    0.001979418797418475,
    0.0019519688794389367,
    0.001924836658872664
  ],
  "duty_log": [
    1,
    1,
    1,
    1,
    1,
    1,
    1,
    1,
    1,
    1,
    1,
    1,
    1,
    1,
    1,
    1,
    1,
    1,
    1,
    1,
    1,
    1,
    1,
    1,
    1,
    1,
    1,
    1,
    1,
    1,
    1,
    1,
    1,
    1,
    1,
    1,
    1,
    1,
    1,
    1,
    1,
    1,
    1,
    1,
    1,
    1,
    1,
    1,
    1,
    1,
    1,
    1,
    1,
    1,
    1,
    1,
    1,
    1,
    1,
    1,
    1,
    1,
    1,
    1,
    1,
    1,
    1,
    1,
    1,
    1,
    1,
    1,
    1,
    1,
    1,
    1,
    1,
    1,
    1,
    1,
    1,
    1,
    1,
    1,
    1,
    1,
    1,
    1,
    1,
    1,
    1,
    1,
    1,
    1,
    1,
    1,
    1,
    1,
    1,
    1,
    1,
    1,
    1,
    1,
    1,
    1,
    1,
    1,
    1,
    1,
    1,
    1,
    1,
    1,
    1,
    1,
    1,
    1,
    1,
    1,
    1,
    1,
    1,
    1,
    1,
    1,
    1,
    1,
    1,
    1,
    1,
    1,
    1,
    1,
    1,
    1,
    1,
    1,
    1,
    1,
    1,
    1,
    1,
    1,
    1,
    1,
    1,
    1,
    1,
    1,
    1,
    1,
    1,
    1,
    1,
    1,
    1,
    1,
    1,
    1,
    1,
    1,
    1,
    1,
    1,
    1,
    1,
    1,
    1,
    1,
    1,
    1,
    1,
    1,
    1,
    1,
    1,
    1,
    1,
    1,
    1,
    1,
    1,
    1,
    1,
    1,
    1,
    1,
    1,
    1,
    1,
    1,
    1,
    1,
    1,
    1,
    1,
    1,
    1,
    1,
    1,
    1,
    1,
    1,
    1,
    1,
    1,
    1,
    1,
    1,
    1,
    1,
    1,
    1,
    1,
    1,
    1,
    1,
    1,
    1,
    1,
    1,
    1,
    1,
    1,
    1,
    1,
    1,
    1,
    1,
    1,
    1,
    1,
    1,
    1,
    1,
    1,
    1,
    1,
    1,
    1,
    1,
    1,
    1,
    1,
    1,
    1,
    1,
    1,
    1,
    1,
    1,
    1,
    1,
    1,
    1,
    1,
    1,
    1,
    1,
    1,
    1,
    1,
    1,
    1,
    1,
    1,
    1,
    1,
    1,
    1,
    1,
    1,
    1,
    1,
    1,
    1,
    1,
    1,
    1,
    1,
    1,
    1,
    1,
    1,
    1,
    1,
    1,
    1,
    1,
    1,
    1,
    1,
    1,
    1,
    1,
    1,
    1,
    1,
    1
  ],
  "verification": {
    "initial_state_digest": "dc96fa8bdcf57b2b73a767859caf7e13b9e4eecfda103fab6554e1f593efa1fa",
    "training_data_digest": "49b649b90022425464edb4b1be04c5562b07f69a4415eff8e2608684142c7527"
  }
}