{
  "regime": "continuous",
  "final_loss": 0.00024068811035249382,
  "training_time": 4.179752588272095,
  "duty_cycle": 100.0,
  "epochs": 3000,
  "use_solar": false,
  "adaptive_reg": false,
  "losses": [
    0.051856882870197296,
    0.01116828341037035,
    0.009301754646003246,
    0.008741173893213272,
    0.008645359426736832,
    0.00854894332587719,
    0.00848172977566719,
    0.008424978703260422,
    0.00836875569075346,
    0.008311123587191105,
    0.008252052590250969,
    0.008191747590899467,
    0.008130316622555256,
    0.008067794144153595,
    0.008004266768693924,
    0.007939853705465794,
    0.007874654605984688,
    0.007808762602508068,
    0.00774227362126112,
    0.007675268687307835,
    0.0076078311540186405,
    0.007540036458522081,
    0.007471952121704817,
    0.0074036456644535065,
    0.007335173897445202,
    0.00726659782230854,
    0.0071979667991399765,
    0.007129326928406954,
    0.007060725707560778,
    0.006992201786488295,
    0.0069237928837537766,
    0.006855533458292484,
    0.006787457037717104,
    0.006719591096043587,
    0.006651963107287884,
    0.006584597751498222,
    0.0065175192430615425,
    0.0064507476054131985,
    0.0063843014650046825,
    0.006318199448287487,
    0.006252457853406668,
    0.006187092047184706,
    0.006122115533798933,
    0.006057539489120245,
    0.0059933774173259735,
    0.005929638631641865,
    0.0058663333766162395,
    0.005803469102829695,
    0.005741054192185402,
    0.005679096095263958,
    0.005617600400000811,
    0.005556573625653982,
    0.005496019497513771,
    0.005435945000499487,
    0.005376352462917566,
    0.005317243281751871,
    0.005258624441921711,
    0.005200495477765799,
    0.005142860114574432,
    0.005085720680654049,
    0.005029075779020786,
    0.004972928669303656,
    0.004917279817163944,
    0.004862128756940365,
    0.004807477351278067,
    0.004753322806209326,
    0.004699667450040579,
    0.0046465094201266766,
    0.004593848250806332,
    0.0045416816137731075,
    0.0044900113716721535,
    0.004438833333551884,
    0.004388147033751011,
    0.004337950609624386,
    0.004288243129849434,
    0.004239020869135857,
    0.004190283361822367,
    0.004142028279602528,
    0.004094253294169903,
    0.004046954680234194,
    0.004000131506472826,
    0.003953780513256788,
    0.003907899372279644,
    0.0038624864537268877,
    0.0038175357040017843,
    0.003773047588765621,
    0.0037290179170668125,
    0.003685444127768278,
    0.0036423217970877886,
    0.0035996499937027693,
    0.0035574238281697035,
    0.003515641437843442,
    0.003474298631772399,
    0.003433392383158207,
    0.0033929196652024984,
    0.0033528779167681932,
    0.003313263412564993,
    0.0032740714959800243,
    0.0032353003043681383,
    0.0031969454139471054,
    0.0031590049620717764,
    0.0031214747577905655,
    0.0030843510758131742,
    0.003047630889341235,
    0.003011310240253806,
    0.0029753868002444506,
    0.0029398563783615828,
    0.002904715482145548,
    0.002869961317628622,
    0.002835589926689863,
    0.00280159804970026,
    0.0027679819613695145,
    0.002734739100560546,
    0.002701865043491125,
    0.002669357229024172,
    0.0026372119318693876,
    0.002605425426736474,
    0.0025739946868270636,
    0.002542917151004076,
    0.0025121879298239946,
    0.0024818044621497393,
    0.0024517634883522987,
    0.002422061748802662,
    0.002392695751041174,
    0.0023636624682694674,
    0.002334958640858531,
    0.0023065805435180664,
    0.0022785253822803497,
    0.0022507901303470135,
    0.002223371062427759,
    0.002196265384554863,
    0.00216946960426867,
    0.0021429811604321003,
    0.002116796327754855,
    0.002090912079438567,
    0.0020653260871767998,
    0.002040034392848611,
    0.002015034668147564,
    0.001990322954952717,
    0.001965896924957633,
    0.0019417539006099105,
    0.0019178902730345726,
    0.0018943038303405046,
    0.0018709908472374082,
    0.001847948762588203,
    0.0018251746660098433,
    0.001802666112780571,
    0.0017804201925173402,
    0.0017584336455911398,
    0.0017367039108648896,
    0.0017152283107861876,
    0.0016940044006332755,
    0.0016730285715311766,
    0.0016522989608347416,
    0.001631812658160925,
    0.00161156733520329,
    0.0015915598487481475,
    0.001571787754073739,
    0.00155224883928895,
    0.001532939844764769,
    0.0015138589078560472,
    0.001495003467425704,
    0.0014763707295060158,
    0.0014579582493752241,
    0.0014397639315575361,
    0.001421784982085228,
    0.001404019189067185,
    0.0013864642241969705,
    0.001369117759168148,
    0.0013519773492589593,
    0.0013350406661629677,
    0.0013183056144043803,
    0.0013017697492614388,
    0.0012854308588430285,
    0.0012692870805040002,
    0.0012533357366919518,
    0.0012375748483464122,
    0.0012220023199915886,
    0.0012066158233210444,
    0.0011914137285202742,
    0.0011763934744521976,
    0.0011615530820563436,
    0.0011468908051028848,
    0.0011324043152853847,
    0.0011180915171280503,
    0.001103950897231698,
    0.0010899800108745694,
    0.0010761774610728025,
    0.0010625406866893172,
    0.0010490681743249297,
    0.001035757944919169,
    0.0010226081358268857,
    0.0010096170008182526,
    0.0009967826772481203,
    0.0009841033024713397,
    0.0009715771884657443,
    0.0009592025890015066,
    0.0009469776414334774,
    0.0009349005413241684,
    0.0009229698334820569,
    0.0009111838298849761,
    0.0008995405514724553,
    0.0008880387176759541,
    0.0008766763494350016,
    0.0008654521079733968,
    0.000854364363476634,
    0.000843411369714886,
    0.0008325915550813079,
    0.0008219036390073597,
    0.0008113460498861969,
    0.0008009168086573482,
    0.0007906150422059,
    0.000780438887886703,
    0.0007703871233388782,
    0.0007604580605402589,
    0.0007506504189223051,
    0.0007409626850858331,
    0.0007313935784623027,
    0.0007219415856525302,
    0.0007126054842956364,
    0.0007033838774077594,
    0.0006942753680050373,
    0.0006852785008959472,
    0.0006763924029655755,
    0.0006676153279840946,
    0.0006589462282136083,
    0.0006503837648779154,
    0.0006419267156161368,
    0.0006335739162750542,
    0.0006253239698708057,
    0.000617175770457834,
    0.0006091282702982426,
    0.0006011799559928477,
    0.0005933298962190747,
    0.0005855768686160445,
    0.0005779197090305388,
    0.0005703573697246611,
    0.0005628886283375323,
    0.0005555124953389168,
    0.0005482278065755963,
    0.0005410335725173354,
    0.0005339285125955939,
    0.0005269116954877973,
    0.0005199821898713708,
    0.0005131387733854353,
    0.0005063805729150772,
    0.0004997065407224,
    0.0004931155126541853,
    0.00048660687752999365,
    0.00048017932567745447,
    0.0004738319548778236,
    0.0004675639502238482,
    0.0004613742930814624,
    0.00045526190660893917,
    0.0004492261214181781,
    0.00044326588977128267,
    0.00043738025124184787,
    0.00043156856554560363,
    0.0004258296685293317,
    0.0004201628325972706,
    0.00041456715553067625,
    0.00040904185152612627,
    0.00040358604746870697,
    0.00039819887024350464,
    0.00039287953404709697,
    0.0003876271948684007,
    0.0003824411833193153,
    0.00037732048076577485,
    0.00037226450513117015,
    0.0003672723250929266,
    0.0003623433585744351,
    0.00035747664514929056,
    0.00035267160274088383,
    0.0003479273582343012,
    0.0003432433295529336,
    0.0003386186726856977,
    0.0003340526600368321,
    0.00032954468042589724,
    0.0003250939480494708,
    0.0003206998808309436,
    0.00031636166386306286,
    0.00031207865686155856,
