{
  "network.0.weight": {
    "shape": [
      40,
      2
    ],
    "original_params": 80,
    "cluster_centers": [
      0.0896533876657486,
      0.24469849467277527,
      0.5200738310813904
    ],
    "compressed_params": 3,
    "compression_ratio": 96.25
  },
  "network.2.weight": {
    "shape": [
      40,
      40
    ],
    "original_params": 1600,
    "cluster_centers": [
      0.05537926033139229,
      0.3321485221385956,
      0.5306145548820496
    ],
    "compressed_params": 3,
    "compression_ratio": 99.8125
  },
  "network.4.weight": {
    "shape": [
      40,
      40
    ],
    "original_params": 1600,
    "cluster_centers": [
      0.0597647950053215,
      0.221743643283844,
      0.4718168079853058
    ],
    "compressed_params": 3,
    "compression_ratio": 99.8125
  },
  "network.6.weight": {
    "shape": [
      2,
      40
    ],
    "original_params": 80,
    "cluster_centers": [
      0.1500542014837265,
      0.4115300476551056
    ],
    "compressed_params": 2,
    "compression_ratio": 97.5
  }
}