{
  "regime": "active",
  "final_loss": 0.0010402518091723323,
  "training_time": 2.1213014125823975,
  "duty_cycle": 50.0,
  "epochs": 3000,
  "use_solar": true,
  "adaptive_reg": true,
  "losses": [
    0.03711584582924843,
    0.00890585407614708,
    0.008538594469428062,
    0.00848628394305706,
    0.008436266332864761,
    0.008381006307899952,
    0.008326810784637928,
    0.008273659273982048,
    0.008217405527830124,
    0.008158574812114239,
    0.00809735432267189,
    0.008033789694309235,
    0.007968276739120483,
    0.007900997065007687,
    0.007832172326743603,
    0.00776198785752058,
    0.007690609432756901,
    0.0076181842014193535,
    0.007544855121523142,
    0.007470743730664253,
    0.007395962718874216,
    0.007320619188249111,
    0.007244806736707687,
    0.007168615702539682,
    0.007092127110809088,
    0.007015416398644447,
    0.006938549689948559,
    0.0068615940399467945,
    0.006784608121961355,
    0.006707644090056419,
    0.006630753632634878,
    0.0065539819188416,
    0.0064773717895150185,
    0.006400960963219404,
    0.006324787624180317,
    0.006248883903026581,
    0.006173280533403158,
    0.006098004523664713,
    0.006023083813488483,
    0.005948540288954973,
    0.00587439863011241,
    0.005800676066428423,
    0.005727393086999655,
    0.005654566455632448,
    0.005582211539149284,
    0.005510344170033932,
    0.00543897645547986,
    0.005368120968341827,
    0.005297788884490728,
    0.005227992311120033,
    0.005158738233149052,
    0.00509003596380353,
    0.005021894350647926,
    0.004954318981617689,
    0.004887319169938564,
    0.004820897709578276,
    0.00475506205111742,
    0.004689816385507584,
    0.004625164438039064,
    0.004561110399663448,
    0.004497657995671034,
    0.004434811417013407,
    0.004372570663690567,
    0.004310938995331526,
    0.004249917808920145,
    0.0041895098984241486,
    0.004129714332520962,
    0.0040705339051783085,
    0.004011967219412327,
    0.003954016137868166,
    0.003896679263561964,
    0.0038399570621550083,
    0.003783848602324724,
    0.003728353651240468,
    0.003673469414934516,
    0.00361919729039073,
    0.003565533785149455,
    0.0035124782007187605,
    0.0034600277431309223,
    0.0034081824123859406,
    0.003356937086209655,
    0.0033062919974327087,
    0.0032562429551035166,
    0.00320678879506886,
    0.0031579257920384407,
    0.0031096506863832474,
    0.003061961382627487,
    0.0030148536898195744,
    0.002968325512483716,
    0.0029223724268376827,
    0.0028769918717443943,
    0.0028321791905909777,
    0.0027879320550709963,
    0.002744245110079646,
    0.002701115794479847,
    0.002658539218828082,
    0.0026165125891566277,
    0.0025750305503606796,
    0.002534089842811227,
    0.0024936855770647526,
    0.0024538144934922457,
    0.0024144714698195457,
    0.0023756525479257107,
    0.0023373528383672237,
    0.00229956884868443,
    0.002262294525280595,
    0.002225527074187994,
    0.0021892611403018236,
    0.0021534920670092106,
    0.002118215197697282,
    0.0020834265742450953,
    0.002049120841547847,
    0.0020152933429926634,
    0.001981940120458603,
    0.0019490559352561831,
    0.0019166360143572092,
    0.0018846758175641298,
    0.0018531702226027846,
    0.001822115620598197,
    0.0017915061907842755,
    0.0017613375093787909,
    0.0017316053854301572,
    0.0017023042310029268,
    0.0016734299715608358,
    0.0016449777176603675,
    0.001616942579858005,
    0.0015893206000328064,
    0.0015621058410033584,
    0.0015352950431406498,
    0.0015088825020939112,
    0.0014828646089881659,
    0.0014572357758879662,
    0.0014319918118417263,
    0.001407128176651895,
    0.0013826406793668866,
    0.001358524546958506,
    0.0013347751228138804,
    0.0013113879831507802,
    0.0012883590534329414,
    0.0012656834442168474,
    0.0012433573137968779,
    0.0012213755398988724,
    0.0011997349793091416,
    0.0011784301605075598,
    0.001157457591034472,
    0.0011368123814463615,
    0.0011164911556988955,
    0.0010964891407638788,
    0.0010768024949356914,
    0.0010574269108474255
  ],
  "duty_log": [
    1,
    1,
    1,
    1,
    1,
    1,
    1,
    1,
    1,
    1,
    1,
    1,
    1,
    1,
    1,
    1,
    1,
    1,
    1,
    1,
    1,
    1,
    1,
    1,
    1,
    1,
    1,
    1,
    1,
    1,
    1,
    1,
    1,
    1,
    1,
    1,
    1,
    1,
    1,
    1,
    1,
    1,
    1,
    1,
    1,
    1,
    1,
    1,
    1,
    1,
    1,
    1,
    1,
    1,
    1,
    1,
    1,
    1,
    1,
    1,
    1,
    1,
    1,
    1,
    1,
    1,
    1,
    1,
    1,
    1,
    1,
    1,
    1,
    1,
    1,
    1,
    1,
    1,
    1,
    1,
    1,
    1,
    1,
    1,
    1,
    1,
    1,
    1,
    1,
    1,
    1,
    1,
    1,
    1,
    1,
    1,
    1,
    1,
    1,
    1,
    1,
    1,
    1,
    1,
    1,
    1,
    1,
    1,
    1,
    1,
    1,
    1,
    1,
    1,
    1,
    1,
    1,
    1,
    1,
    1,
    1,
    1,
    1,
    1,
    1,
    1,
    1,
    1,
    1,
    1,
    1,
    1,
    1,
    1,
    1,
    1,
    1,
    1,
    1,
    1,
    1,
    1,
    1,
    1,
    1,
    1,
    1,
    1,
    1,
    1,
    1,
    1,
    1,
    1,
    1,
    1,
    1,
    1,
    1,
    1,
    1,
    1,
    1,
    1,
    1,
    1,
    1,
    1,
    1,
    1,
    1,
    1,
    1,
    1,
    1,
    1,
    1,
    1,
    1,
    1,
    1,
    1,
    1,
    1,
    1,
    1,
    1,
    1,
    1,
    1,
    1,
    1,
    1,
    1,
    1,
    1,
    1,
    1,
    1,
    1,
    1,
    1,
    1,
    1,
    1,
    1,
    1,
    1,
    1,
    1,
    1,
    1,
    1,
    1,
    1,
    1,
    1,
    1,
    1,
    1,
    1,
    1,
    1,
    1,
    1,
    1,
    1,
    1,
    1,
    1,
    1,
    1,
    1,
    1,
    1,
    1,
    1,
    1,
    1,
    1,
    1,
    1,
    1,
    1,
    1,
    1,
    1,
    1,
    1,
    1,
    1,
    1,
    1,
    1,
    1,
    1,
    1,
    1,
    1,
    1,
    1,
    1,
    1,
    1,
    1,
    1,
    1,
    1,
    1,
    1,
    1,
    1,
    1,
    1,
    1,
    1,
    1,
    1,
    1,
    1,
    1,
    1,
    1,
    1,
    1,
    1,
    1,
    1,
    1,
    1,
    1,
    1,
    1,
    1,
    1,
    1,
    1,
    1,
    1,
    1
  ],
  "verification": {
    "initial_state_digest": "99ca8eaf7e1c23c5772f4abfc01d0e403f587e894432a5469a17b5e6f65ea4f6",
    "training_data_digest": "49b649b90022425464edb4b1be04c5562b07f69a4415eff8e2608684142c7527"
  }
}