{
  "regime": "continuous",
  "final_loss": 8.502446871716529e-05,
  "training_time": 4.242947340011597,
  "duty_cycle": 100.0,
  "epochs": 3000,
  "use_solar": false,
  "adaptive_reg": false,
  "losses": [
    0.03711584582924843,
    0.008877760730683804,
    0.008482773788273335,
    0.008403272368013859,
    0.008326725102961063,
    0.008245671167969704,
    0.00816645473241806,
    0.008089094422757626,
    0.008009479381144047,
    0.007928155362606049,
    0.007845301181077957,
    0.007760980166494846,
    0.007675584405660629,
    0.0075892917811870575,
    0.00750231696292758,
    0.007414836436510086,
    0.007327006198465824,
    0.007238962221890688,
    0.007150829304009676,
    0.007062714546918869,
    0.006974718067795038,
    0.006886925082653761,
    0.006799415685236454,
    0.006712261121720076,
    0.00662552285939455,
    0.00653925770893693,
    0.006453516893088818,
    0.0063683451153337955,
    0.006283783353865147,
    0.006199865136295557,
    0.0061166249215602875,
    0.006034087389707565,
    0.005952280014753342,
    0.005871221423149109,
    0.005790931172668934,
    0.005711425561457872,
    0.005632718093693256,
    0.005554819945245981,
    0.00547774089500308,
    0.0054014879278838634,
    0.005326069425791502,
    0.00525148818269372,
    0.005177748389542103,
    0.005104852374643087,
    0.005032800137996674,
    0.00496159540489316,
    0.004891234915703535,
    0.00482171680778265,
    0.0047530424781143665,
    0.004685205407440662,
    0.0046182055957615376,
    0.004552036989480257,
    0.00448669632896781,
    0.004422178491950035,
    0.004358480218797922,
    0.004295594524592161,
    0.004233515355736017,
    0.0041722385212779045,
    0.004111756570637226,
    0.00405206298455596,
    0.0039931535720825195,
    0.003935018554329872,
    0.0038776530418545008,
    0.003821048652753234,
    0.00376519956625998,
    0.003710098098963499,
    0.0036557363346219063,
    0.003602108219638467,
    0.0035492051392793655,
    0.0034970196429640055,
    0.003445545444265008,
    0.0033947734627872705,
    0.003344697179272771,
    0.003295307978987694,
    0.0032465991098433733,
    0.0031985631212592125,
    0.003151191398501396,
    0.0031044769566506147,
    0.003058412577956915,
    0.0030129903461784124,
    0.002968201879411936,
    0.0029240406583994627,
    0.002880498766899109,
    0.002837568987160921,
    0.0027952443342655897,
    0.002753515960648656,
    0.0027123778127133846,
    0.0026718222070485353,
    0.002631841693073511,
    0.0025924292858690023,
    0.002553577534854412,
    0.0025152801536023617,
    0.0024775287602096796,
    0.0024403175339102745,
    0.002403638791292906,
    0.0023674857802689075,
    0.002331852214410901,
    0.0022967306431382895,
    0.0022621145471930504,
    0.0022279974073171616,
    0.002194373169913888,
    0.002161234151571989,
    0.002128574764356017,
    0.00209638848900795,
    0.0020646683406084776,
    0.0020334089640527964,
    0.0020026033744215965,
    0.001972246216610074,
    0.0019423309713602066,
    0.0019128513522446156,
    0.0018838020041584969,
    0.0018551768735051155,
    0.0018269697902724147,
    0.0017991753993555903,
    0.0017717881128191948,
    0.001744801877066493,
    0.0017182114534080029,
    0.0016920113703235984,
    0.001666196039877832,
    0.0016407601069658995,
    0.0016156984493136406,
    0.0015910054789856076,
    0.0015666766557842493,
    0.0015427061589434743,
    0.0015190894482657313,
    0.0014958211686462164,
    0.0014728968963027,
    0.001450311508961022,
    0.0014280598843470216,
    0.0014061375986784697,
    0.0013845402281731367,
    0.0013632625341415405,
    0.0013423004420474172,
    0.0013216492952778935,
    0.001301304902881384,
    0.0012812621425837278,
    0.0012615177547559142,
    0.0012420666171237826,
    0.001222904771566391,
    0.0012040282599627972,
    0.0011854326585307717,
    0.0011671141255646944,
    0.0011490684701129794,
    0.0011312920833006501,
    0.0011137808905914426,
    0.0010965309338644147,
    0.0010795388370752335,
    0.0010628000600263476,
    0.0010463119251653552,
    0.0010300700087100267,
    0.0010140712838619947,
    0.000998311908915639,
    0.0009827882749959826,
    0.0009674974135123193,
    0.0009524354827590287,
    0.000937599572353065,
    0.0009229861316271126,
    0.0009085916681215167,
    0.0008944133878685534,
    0.0008804481476545334,
    0.0008666926878504455,
    0.0008531438652426004,
    0.0008397987112402916,
    0.0008266542572528124,
    0.000813707709312439,
    0.0008009559824131429,
    0.0007883963407948613,
    0.0007760258158668876,
    0.0007638418464921415,
    0.0007518416387028992,
    0.0007400222821161151,
    0.0007283813902176917,
    0.0007169162854552269,
    0.0007056242902763188,
    0.000694502959959209,
    0.0006835497915744781,
    0.0006727622239850461,
    0.0006621379288844764,
    0.0006516744615510106,
    0.0006413695518858731,
    0.0006312205223366618,
    0.0006212256266735494,
    0.0006113821873441339,
    0.0006016880506649613,
    0.0005921411793678999,
    0.0005827391869388521,
    0.0005734801525250077,
    0.0005643618642352521,
    0.0005553822848014534,
    0.0005465393187478185,
    0.0005378310452215374,
    0.0005292553105391562,
    0.0005208103684708476,
    0.0005124942399561405,
    0.0005043050041422248,
    0.0004962406819686294,
    0.0004882996436208487,
    0.00048047982272692025,
    0.0004727797058876604,
    0.000465197314042598,
    0.00045773107558488846,
    0.00045037915697321296,
    0.0004431399574968964,
    0.0004360117600299418,
    0.00042899290565401316,
    0.0004220818227622658,
    0.000415276997955516,
    0.00040857671410776675,
    0.0004019795451313257,
    0.0003954838903155178,
    0.00038908826536498964,
    0.0003827912441920489,
    0.00037659137160517275,
    0.0003704871342051774,
    0.0003644772223196924,
    0.0003585601516533643,
    0.0003527345834299922,
    0.00034699917887337506,
    0.0003413526283111423,
    0.0003357935347594321,
    0.0003303206467535347,
    0.0003249327128287405,
    0.0003196283942088485,
    0.0003144065849483013,
    0.0003092660044785589,
    0.00030420543043874204,
    0.00029922364046797156,
    0.00029431955772452056,
    0.00028949195984750986,
    0.000284739799099043,
    0.0002800617949105799,
    0.00027545701595954597,
    0.00027092426898889244,
    0.0002664625062607229,
    0.00026207068003714085,
    0.0002577478298917413,
    0.000253492733463645,
    0.0002493045758455992,
    0.0002451822510920465,
    0.0002411248133284971,
    0.00023713130212854594,
    0.00023320074251387268,
    0.00022933221771381795,
    0.00022552476730197668,
    0.00022177754726726562,
    0.000218089553527534,
    0.00021445995662361383,
    0.00021088789799250662,
    0.000207372460863553,
    0.0002039128594333306,
    0.00020050822058692575,
    0.00019715772941708565,
    0.00019386055646464229,
    0.0001906159013742581,
    0.000187422992894426,
    0.00018428101611789316,
    0.00018118922889698297,
    0.0001781468599801883,
    0.00017515318177174777,
    0.00017220742302015424,
    0.00016930888523347676,
    0.0001664568408159539,
    0.0001636505767237395,
    0.00016088943812064826,
    0.00015817266830708832,
    0.00015549965610262007,
    0.0001528696739114821,
    0.00015028212510515004,
    0.00014773631119169295,
    0.00014523162099067122,
    0.00014276742876973003,
    0.00014034306514076889,
    0.0001379579771310091,
    0.00013561153900809586,
    0.0001333031104877591,
    0.00013103218225296587,
    0.0001287981285713613,
    0.00012660036736633629,
    0.0001244383747689426,
    0.00012231153959874064,
