{
  "regime": "passive",
  "final_loss": 0.0010156602365896106,
  "training_time": 2.0469770431518555,
  "duty_cycle": 50.0,
  "epochs": 3000,
  "use_solar": true,
  "adaptive_reg": false,
  "losses": [
    0.03711584582924843,
    0.008877760730683804,
    0.008482773788273335,
    0.008403272368013859,
    0.008326725102961063,
    0.008245671167969704,
    0.00816645473241806,
    0.008089094422757626,
    0.008009479381144047,
    0.007928155362606049,
    0.007845301181077957,
    0.007760980166494846,
    0.007675584405660629,
    0.0075892917811870575,
    0.00750231696292758,
    0.007414836436510086,
    0.007327006198465824,
    0.007238962221890688,
    0.007150829304009676,
    0.007062714546918869,
    0.006974718067795038,
    0.006886925082653761,
    0.006799415685236454,
    0.006712261121720076,
    0.00662552285939455,
    0.00653925770893693,
    0.006453516893088818,
    0.0063683451153337955,
    0.006283783353865147,
    0.006199865136295557,
    0.0061166249215602875,
    0.006034087389707565,
    0.005952280014753342,
    0.005871221423149109,
    0.005790931172668934,
    0.005711425561457872,
    0.005632718093693256,
    0.005554819945245981,
    0.00547774089500308,
    0.0054014879278838634,
    0.005326069425791502,
    0.00525148818269372,
    0.005177748389542103,
    0.005104852374643087,
    0.005032800137996674,
    0.00496159540489316,
    0.004891234915703535,
    0.00482171680778265,
    0.0047530424781143665,
    0.004685205407440662,
    0.0046182055957615376,
    0.004552036989480257,
    0.00448669632896781,
    0.004422178491950035,
    0.004358480218797922,
    0.004295594524592161,
    0.004233515355736017,
    0.0041722385212779045,
    0.004111756570637226,
    0.00405206298455596,
    0.0039931535720825195,
    0.003935018554329872,
    0.0038776530418545008,
    0.003821048652753234,
    0.00376519956625998,
    0.003710098098963499,
    0.0036557363346219063,
    0.003602108219638467,
    0.0035492051392793655,
    0.0034970196429640055,
    0.003445545444265008,
    0.0033947734627872705,
    0.003344697179272771,
    0.003295307978987694,
    0.0032465991098433733,
    0.0031985631212592125,
    0.003151191398501396,
    0.0031044769566506147,
    0.003058412577956915,
    0.0030129903461784124,
    0.002968201879411936,
    0.0029240406583994627,
    0.002880498766899109,
    0.002837568987160921,
    0.0027952443342655897,
    0.002753515960648656,
    0.0027123778127133846,
    0.0026718222070485353,
    0.002631841693073511,
    0.0025924292858690023,
    0.002553577534854412,
    0.0025152801536023617,
    0.0024775287602096796,
    0.0024403175339102745,
    0.002403638791292906,
    0.0023674857802689075,
    0.002331852214410901,
    0.0022967306431382895,
    0.0022621145471930504,
    0.0022279974073171616,
    0.002194373169913888,
    0.002161234151571989,
    0.002128574764356017,
    0.00209638848900795,
    0.0020646683406084776,
    0.0020334089640527964,
    0.0020026033744215965,
    0.001972246216610074,
    0.0019423309713602066,
    0.0019128513522446156,
    0.0018838020041584969,
    0.0018551768735051155,
    0.0018269697902724147,
    0.0017991753993555903,
    0.0017717881128191948,
    0.001744801877066493,
    0.0017182114534080029,
    0.0016920113703235984,
    0.001666196039877832,
    0.0016407601069658995,
    0.0016156984493136406,
    0.0015910054789856076,
    0.0015666766557842493,
    0.0015427061589434743,
    0.0015190894482657313,
    0.0014958211686462164,
    0.0014728968963027,
    0.001450311508961022,
    0.0014280598843470216,
    0.0014061375986784697,
    0.0013845402281731367,
    0.0013632625341415405,
    0.0013423004420474172,
    0.0013216492952778935,
    0.001301304902881384,
    0.0012812621425837278,
    0.0012615177547559142,
    0.0012420666171237826,
    0.001222904771566391,
    0.0012040282599627972,
    0.0011854326585307717,
    0.0011671141255646944,
    0.0011490684701129794,
    0.0011312920833006501,
    0.0011137808905914426,
    0.0010965309338644147,
    0.0010795388370752335,
    0.0010628000600263476,
    0.0010463119251653552,
    0.0010300700087100267
  ],
  "duty_log": [
    1,
    1,
    1,
    1,
    1,
    1,
    1,
    1,
    1,
    1,
    1,
    1,
    1,
    1,
    1,
    1,
    1,
    1,
    1,
    1,
    1,
    1,
    1,
    1,
    1,
    1,
    1,
    1,
    1,
    1,
    1,
    1,
    1,
    1,
    1,
    1,
    1,
    1,
    1,
    1,
    1,
    1,
    1,
    1,
    1,
    1,
    1,
    1,
    1,
    1,
    1,
    1,
    1,
    1,
    1,
    1,
    1,
    1,
    1,
    1,
    1,
    1,
    1,
    1,
    1,
    1,
    1,
    1,
    1,
    1,
    1,
    1,
    1,
    1,
    1,
    1,
    1,
    1,
    1,
    1,
    1,
    1,
    1,
    1,
    1,
    1,
    1,
    1,
    1,
    1,
    1,
    1,
    1,
    1,
    1,
    1,
    1,
    1,
    1,
    1,
    1,
    1,
    1,
    1,
    1,
    1,
    1,
    1,
    1,
    1,
    1,
    1,
    1,
    1,
    1,
    1,
    1,
    1,
    1,
    1,
    1,
    1,
    1,
    1,
    1,
    1,
    1,
    1,
    1,
    1,
    1,
    1,
    1,
    1,
    1,
    1,
    1,
    1,
    1,
    1,
    1,
    1,
    1,
    1,
    1,
    1,
    1,
    1,
    1,
    1,
    1,
    1,
    1,
    1,
    1,
    1,
    1,
    1,
    1,
    1,
    1,
    1,
    1,
    1,
    1,
    1,
    1,
    1,
    1,
    1,
    1,
    1,
    1,
    1,
    1,
    1,
    1,
    1,
    1,
    1,
    1,
    1,
    1,
    1,
    1,
    1,
    1,
    1,
    1,
    1,
    1,
    1,
    1,
    1,
    1,
    1,
    1,
    1,
    1,
    1,
    1,
    1,
    1,
    1,
    1,
    1,
    1,
    1,
    1,
    1,
    1,
    1,
    1,
    1,
    1,
    1,
    1,
    1,
    1,
    1,
    1,
    1,
    1,
    1,
    1,
    1,
    1,
    1,
    1,
    1,
    1,
    1,
    1,
    1,
    1,
    1,
    1,
    1,
    1,
    1,
    1,
    1,
    1,
    1,
    1,
    1,
    1,
    1,
    1,
    1,
    1,
    1,
    1,
    1,
    1,
    1,
    1,
    1,
    1,
    1,
    1,
    1,
    1,
    1,
    1,
    1,
    1,
    1,
    1,
    1,
    1,
    1,
    1,
    1,
    1,
    1,
    1,
    1,
    1,
    1,
    1,
    1,
    1,
    1,
    1,
    1,
    1,
    1,
    1,
    1,
    1,
    1,
    1,
    1,
    1,
    1,
    1,
    1,
    1,
    1
  ],
  "verification": {
    "initial_state_digest": "99ca8eaf7e1c23c5772f4abfc01d0e403f587e894432a5469a17b5e6f65ea4f6",
    "training_data_digest": "49b649b90022425464edb4b1be04c5562b07f69a4415eff8e2608684142c7527"
  }
}